"BirdID","Disperse","Inherit","DispersalDate","DispersalMonth2","NatalTerritory","DisperseTerritoryID","DisperseStatus","NatalStatus","DisperseStatus2","Age_at_disp1","Age_at_disp2","BirthDate1","BirthDate2","Reached_min_age_1","Reached_min_age_2","DispersalYear","BirthYear1","BirthYear2","PopDensity.all","PopDensity.old","GroupSize.all","GroupSize.old","NoTranslocationEvents","TranslocationYN","Distance","NatalTerritorySize","DisperseTerritorySize","InsectAbundance","InsectDensity","SexEstimate","Novel.object.score","StndBody.mass","BodyMass","Weather","Observer","TentColour","ExplorationBranchOrientation","ReleaseMethod","Time.between.tests","Social.status","TentPoles","BranchHeight","Days.into.season","Testno","Ageclass","Age_sd","Age_sq","Age_sq_sd","Season"
1660,0,1,NA,NA,8,NA,NA,NA,NA,NA,NA,"2002-03-18","2002-03-18",1,1,NA,2002,2002,267,265,4,4,2,"Y",NA,NA,NA,1136.736848003,3.127143292,0,18,-0.440771293,14.39999962,"S","MB","G","P","P",455,"Primary",0,0,106,1,"A",1.541609482,17631601,1.929001858,106.1
1707,1,NA,"2003-02-02","W",66,77,"BrF","ABX",1,410,410,"2001-12-19","2001-12-19",NA,NA,2003,2001,2001,333,270,4,4,NA,"N",483.735464897913,970,2037,NA,NA,0,5,-0.602826595,14,"P","HE","B","D","P",928,"Primary",0,0,49,1,"A",1.483980973,16646400,1.806686587,49.2
1729,1,NA,"2002-01-17","W",47,20,"BrM","CH",1,138,138,"2001-09-01","2001-09-01",NA,NA,2002,2001,2001,275,256,3,2,NA,"N",294.416371827383,1737,1666,NA,NA,1,136,0.300866059,15.60000038,"P","MB","G","D","P",581,"Primary",0,0,54,2,"A",1.892707544,24245776,2.750168914,54.2
1729,1,NA,"2002-01-17","W",47,20,"BrM","CH",1,138,138,"2001-09-01","2001-09-01",NA,NA,2002,2001,2001,275,256,3,2,NA,"N",294.416371827383,1737,1666,NA,NA,1,58,0.438866656,15.5,"S","LMG","G","P","H",306,"Primary",0,0,52,1,"A",1.611344821,18861649,2.081715521,52.1
1763,1,NA,"2003-02-02","W",17,3,"BrF","CH",1,239,206,"2002-06-08","2002-07-11",NA,NA,2003,2002,2002,333,270,3,2,NA,"N",270.534655820655,1562,2167,NA,NA,0,32,-0.546842264,14.19999981,"C","MB","G","P","P",0,"Primary",0,0,117,1,"A",1.507226086,17040384,1.855600727,117.1
1821,1,NA,"2003-02-02","W",139,54,"BrF","CH",1,170,170,"2002-08-16","2002-08-16",NA,NA,2003,2002,2002,333,270,3,2,NA,"N",426.431706138275,2464,1099,NA,NA,0,13,-0.310769231,16,"C","MB","G","P","P",196,"Primary",0,0,74,1,"A",1.452987489,16128256,1.74235766,74.1
1824,1,NA,"2008-11-03","W",22,36,"BrF","ABX",1,1912,1912,"2003-08-10","2003-08-10",NA,NA,2008,2003,2003,361,329,5,5,1,"Y",159.298462013919,1809,2169,981.912924396,2.75125573,0,63,-0.092698715,17,"S","LMG","G","P","H",43,"Primary",0,0,67,1,"A",1.275743501,13322500,1.394015743,67.1
1824,1,NA,"2008-11-03","W",22,36,"BrF","ABX",1,1912,1912,"2003-08-10","2003-08-10",NA,NA,2008,2003,2003,361,329,5,5,1,"Y",159.298462013919,1809,2169,981.912924396,2.75125573,0,77,-0.046698517,14.30000019,"C","HE","B","P","H",332,"Primary",0,0,34,2,"A",1.4365222,15856324,1.708596593,34.1
1869,1,NA,"2005-03-20","W",83,154,"BrM","ABX",1,591,591,"2003-08-07","2003-08-07",NA,NA,2005,2003,2003,294,267,5,5,1,"Y",333.677988485905,1903,1333,757.701528839,3.151624758,1,90,0.085230772,15.89999962,"P","HE","B","P","P",0,"Primary",0,0,40,1,"A",1.367755407,14745600,1.570697315,40.2
2966,1,NA,"2005-01-13","W",8,24,"BrM","OFL",1,322,322,"2004-02-26","2004-02-26",NA,NA,2005,2004,2004,313,284,6,4,1,"Y",154.673850407882,1884,1532,757.701528839,3.151624758,1,88,0.096546702,16.39999962,"P","HE","B","P","P",383,"Primary",0,0,47,1,"A",1.272837862,13278736,1.388582329,47.2
2986,1,NA,"2005-03-20","W",69,82,"BrF","ABX",1,379,379,"2004-03-06","2004-03-06",NA,NA,2005,2004,2004,294,267,3,3,1,"Y",383.01566547597,1180,2329,757.701528839,3.151624758,0,43,0.248107547,16.10000038,"C","MB","G","P","P",0,"Primary",0,0,117,1,"A",1.198744064,12187081,1.253050517,117.1
2991,1,NA,"2005-01-13","W",83,179,"BrM","ABX",1,412,412,"2003-11-28","2003-11-28",NA,NA,2005,2003,2003,313,284,4,4,1,"Y",55.9016994374947,1903,1650,757.701528839,3.151624758,1,50,0.38030634,16.5,"C","HE","B","D","P",0,"Primary",0,0,50,1,"A",1.141115555,11370384,1.151655456,50.2
2991,1,NA,"2005-01-13","W",83,179,"BrM","ABX",1,412,412,"2003-11-28","2003-11-28",NA,NA,2005,2003,2003,313,284,4,4,1,"Y",55.9016994374947,1903,1650,757.701528839,3.151624758,1,48,0.288305943,16.10000038,"P","HE","B","P","P",488,"Primary",0,0,22,2,"A",1.377440871,14899600,1.589816817,22.1
3085,1,NA,"2007-06-28","S",3,20,"BrF","H",1,978.958333333333,978.958333333333,"2004-10-22","2004-10-22",NA,NA,2007,2004,2004,393,349,6,5,NA,"N",57.2800139664787,2167,2583,578.85254053,2.824358152,0,45,-0.588883726,14.39999962,"S","MB","G","D","P",976,"Primary",0,0,43,1,"A",1.331919191,14182756,1.500818767,43.2
3094,1,NA,"2006-03-12","W",128,53,"BrF","ABX",1,553,553,"2004-09-05","2004-09-05",NA,NA,2006,2004,2004,384,317,5,4,NA,"N",195.501918149158,1045,2655,757.7015,3.849519826,0,107,0.238226943,16.60000038,"P","HE","B","P","P",336,"Primary",0,0,20,2,"A",1.239907285,12787776,1.327628366,20.1
3094,1,NA,"2006-03-12","W",128,53,"BrF","ABX",1,553,553,"2004-09-05","2004-09-05",NA,NA,2006,2004,2004,384,317,5,4,NA,"N",195.501918149158,1045,2655,757.7015,3.849519826,0,54,0.054226147,15.5,"S","LMG","G","P","P",171,"Primary",0,0,49,1,"A",1.077191494,10497600,1.043297049,49.1
3462,1,NA,"2006-03-12","W",101,40,"BrF","ABX",1,330,330,"2005-04-16","2005-04-16",NA,NA,2006,2005,2005,384,317,4,4,NA,"N",420.019047187148,2081,1315,757.7015,3.849519826,0,93,-0.103055452,16,"P","HE","B","D","P",0,"Primary",0,0,54,1,"A",0.898494687,8242641,0.763338015,54.2
3462,1,NA,"2006-03-12","W",101,40,"BrF","ABX",1,330,330,"2005-04-16","2005-04-16",NA,NA,2006,2005,2005,384,317,4,4,NA,"N",420.019047187148,2081,1315,757.7015,3.849519826,0,111,0.034945144,14.89999962,"P","HE","B","P","P",355,"Primary",0,0,44,2,"A",1.070411669,10407076,1.032058259,44.2
3486,1,NA,"2007-06-18","S",1,116,"BrM","ABX",1,735.958333333333,735.958333333333,"2005-06-12","2005-06-12",NA,NA,2007,2005,2005,393,349,4,4,NA,"N",490.567018866943,887,1985,578.85254053,2.824358152,1,78,0.43438753,15,"S","HE","G","P","P",12,"Primary",0,0,78,2,"A",0.955638923,8934121,0.849187059,78.1
3486,1,NA,"2007-06-18","S",1,116,"BrM","ABX",1,735.958333333333,735.958333333333,"2005-06-12","2005-06-12",NA,NA,2007,2005,2005,393,349,4,4,NA,"N",490.567018866943,887,1985,578.85254053,2.824358152,1,1,0.250386735,17.5,"S","HE","G","P","H",0,"Primary",0,0,66,1,"A",0.949827645,8862529,0.840298725,66.1
3643,1,NA,"2006-07-19","S",113,109,"BrM","FL",1,293.958333333333,293.958333333333,"2005-09-28","2005-09-28",NA,NA,2006,2005,2005,389,332,3,2,NA,"N",95,1783,1107,826.155111578,3.293563544,1,23,0.142398922,16,"S","LMG","G","P","P",336,"Primary",0,0,88,1,"A",0.908180151,8357881,0.777645361,88.1
3694,1,NA,"2005-06-12","S",69,123,"BrF","CH",1,187.958333333333,187.958333333333,"2004-12-06","2004-12-06",NA,NA,2005,2004,2004,294,267,3,3,NA,"N",90,1856,2105,757.701528839,3.151624758,0,2,-0.46701635,14,"C","HE","G","P","P",0,"Primary",0,0,82,1,"A",1.048619376,10118761,0.996263201,82.1
3699,1,NA,"2007-04-07","W",55,169,"BrF","ABX",1,545.958333333333,545.958333333333,"2005-10-08","2005-10-08",NA,NA,2007,2005,2005,357,325,9,5,NA,"N",60.2992537267253,3193,2134,578.85254053,2.824358152,0,9,0.16666916,16,"S","LMG","G","P","P",0,"Primary",0,0,31,1,"A",0.875733847,7974976,0.730106708,31.1
4803,1,NA,"2006-11-04","W",63,121,"BrF","H",1,322,322,"2005-12-17","2005-12-17",NA,NA,2006,2005,2005,389,332,6,5,NA,"N",137.535449975634,1570,1991,826.155111578,3.293563544,0,1,0.050720698,15.5,"S","LMG","G","P","P",0,"Primary",0,0,65,1,"A",0.858300012,7772944,0.705023909,65.1
4860,1,NA,"2007-05-06","S",54,480,"BrM","H",1,359.958333333333,359.958333333333,"2006-05-11","2006-05-11",NA,NA,2007,2006,2006,389,332,5,4,NA,"N",180.069431053691,1657,936,826.155111578,3.293563544,1,65,0.118128684,16,"S","SH","B","D","P",0,"Primary",0,0,44,1,"A",0.704785411,6105841,0.498048729,44.2
4885,1,NA,"2007-07-20","S",20,155,"BrF","ABX",1,348.958333333333,348.958333333333,"2006-08-05","2006-08-05",NA,NA,2007,2006,2006,357,325,4,4,NA,"N",527.412551993219,2583,1434,578.85254053,2.824358152,0,54,-0.15679492,15,"C","HE","G","P","P",1,"Primary",0,0,43,2,"A",0.735778896,6426225,0.537825237,43.1
4885,1,NA,"2007-07-20","S",20,155,"BrF","ABX",1,348.958333333333,348.958333333333,"2006-08-05","2006-08-05",NA,NA,2007,2006,2006,357,325,4,4,NA,"N",527.412551993219,2583,1434,578.85254053,2.824358152,0,19,0.119206273,16,"S","HE","G","P","P",291,"Primary",0,0,42,1,"A",0.735294622,6421156,0.537195907,42.1
4892,1,NA,"2007-11-12","W",72,173,"BrM","ABX",1,455,455,"2006-08-14","2006-08-14",NA,NA,2007,2006,2006,393,349,6,5,NA,"N",48.2597140480546,1914,2182,578.85254053,2.824358152,1,84,0.619142548,17,"C","MB","G","P","P",340,"Primary",0,0,84,1,"A",0.751275638,6589489,0.558094888,84.1
4904,1,NA,"2009-01-07","W",43,88,"BrF","AB",1,871,871,"2006-08-20","2006-08-20",NA,NA,2009,2006,2006,330,304,6,5,NA,"N",407.180549633698,2355,1487,981.912924396,2.75125573,0,71,-0.283659903,15,"S","HE","G","P","P",328,"Primary",0,0,78,1,"A",0.745464359,6528025,0.550463972,78.1
4933,1,NA,"2008-05-01","S",60,128,"BrM","ABX",1,600.958333333333,600.958333333333,"2006-09-08","2006-09-08",NA,NA,2008,2006,2006,357,326,7,6,NA,"N",116.914498673176,1267,1045,981.912924396,2.75125573,1,0,0.338172985,16.29999924,"S","MB","G","P","H",0,"Primary",0,0,109,1,"A",0.751275638,6589489,0.558094888,109.1
4947,1,NA,"2008-11-03","W",110,81,"BrM","ABX",1,753,753,"2006-10-12","2006-10-12",NA,NA,2008,2006,2006,361,329,5,5,NA,"N",77.8203058333749,3004,1223,981.912924396,2.75125573,1,38,0.42283632,17,"P","HE","B","D","P",0,"Primary",0,0,51,1,"A",0.633597253,5400976,0.410537903,51.2
4957,1,NA,"2008-07-26","S",177,165,"BrM","ABX",1,648.958333333333,648.958333333333,"2006-10-16","2006-10-16",NA,NA,2008,2006,2006,357,326,6,6,NA,"N",223.03362975121,3669,4022,981.912924396,2.75125573,1,89,-0.064888656,15.60000038,"P","HE","B","P","H",370,"Primary",0,0,50,2,"A",0.881060852,8037225,0.737835084,50.1
4957,1,NA,"2008-07-26","S",177,165,"BrM","ABX",1,648.958333333333,648.958333333333,"2006-10-16","2006-10-16",NA,NA,2008,2006,2006,357,326,6,6,NA,"N",223.03362975121,3669,4022,981.912924396,2.75125573,1,57,0.257112736,16,"S","HD","G","P","P",0,"Primary",0,0,45,1,"A",0.701879772,6076225,0.494371825,45.1
4965,1,NA,"2008-02-12","W",53,127,"BrF","ABX",1,480,480,"2006-10-20","2006-10-20",NA,NA,2008,2006,2006,393,349,4,3,NA,"N",224.802135221176,2655,1936,578.85254053,2.824358152,0,27,0.811295113,18,"S","HE","G","P","P",1055,"Primary",0,0,33,1,"A",0.694131401,5997601,0.484610451,33.1
4999,1,NA,"2007-11-12","W",58,45,"H","OFL",2,268,268,"2007-02-17","2007-02-17",NA,NA,2007,2007,2007,393,349,4,2,NA,"N",299.82661656364,1721,2004,578.85254053,2.824358152,0,78,0.436866722,16.60000038,"C","MB","G","P","P",0,"Primary",0,0,107,1,"A",0.671854835,5774409,0.456900583,107.1
5000,1,NA,"2008-02-12","W",135,157,"BrM","H",1,479,479,"2006-10-21","2006-10-21",NA,NA,2008,2006,2006,393,349,4,3,NA,"N",105.621967412087,1706,1699,578.85254053,2.824358152,1,60,0.311264705,16,"C","HE","G","P","P",156,"Primary",0,0,43,1,"A",0.69848986,6041764,0.490093402,43.1
5009,1,NA,"2007-01-22","W",13,48,"ABX","CH",2,90,90,"2006-10-24","2006-10-24",NA,NA,2007,2006,2006,389,332,5,3,NA,"N",272.976189437834,2521,1438,826.155111578,3.293563544,0,0,-0.604010102,14.10000038,"S","TC","G","P","P",2417,"Primary",1,1,44,1,"A",1.685438619,20214016,2.249615407,44.2
5072,1,NA,"2008-11-03","W",47,30,"BrM","ABX",1,563,563,"2007-04-20","2007-04-20",NA,NA,2008,2007,2007,361,329,7,6,NA,"N",52.8109837060436,1927,1565,981.912924396,2.75125573,1,112,0.243748181,16.10000038,"S","MB","G","D","P",981,"Primary",0,0,44,1,"A",0.891714862,8162449,0.753381969,44.2
5173,0,1,NA,NA,129,NA,NA,NA,NA,NA,NA,"2007-06-03","2007-06-03",1,1,NA,2007,2007,304,288,4,4,1,"Y",NA,NA,NA,1136.736848003,3.127143292,0,33,-0.441702324,13.69999981,"P","HE","B","P","P",135,"Primary",0,0,31,2,"A",0.687351577,5929225,0.476121392,31.2
5173,0,1,NA,NA,129,NA,NA,NA,NA,NA,NA,"2007-06-03","2007-06-03",1,1,NA,2007,2007,304,288,4,4,1,"Y",NA,NA,NA,1136.736848003,3.127143292,0,27,-0.533702722,15.39999962,"C","MB","G","P","P",367,"Non-primary",0,0,110,1,"A",0.621974696,5290000,0.396759943,110.1
5217,1,NA,"2009-04-20","W",125,159,"ABX","ABX",2,329.958333333333,329.958333333333,"2008-05-25","2008-05-25",NA,NA,2009,2008,2008,330,304,5,5,NA,"N",184.271538768199,2706,1563,981.912924396,2.75125573,0,56,0.035275189,15.89999962,"S","MB","G","D","H",518,"Non-primary",0,0,35,2,"A",0.693162855,5987809,0.483394749,35.2
5217,1,NA,"2009-04-20","W",125,159,"ABX","ABX",2,329.958333333333,329.958333333333,"2008-05-25","2008-05-25",NA,NA,2009,2008,2008,330,304,5,5,NA,"N",184.271538768199,2706,1563,981.912924396,2.75125573,0,10,0.265276183,15.80000019,"S","LMG","G","P","P",0,"Non-primary",0,0,96,1,"A",0.442309343,3721041,0.201969596,96.1
5235,1,NA,"2010-02-07","W",68,42,"BrM","H",1,617,617,"2008-05-31","2008-05-31",NA,NA,2010,2008,2008,347,294,6,5,NA,"N",107.354552767919,1136,2351,1174.006612919,4.308373733,1,69,0.000901528,15,"P","HE","G","P","P",317,"Primary",0,0,61,1,"A",0.422454142,3564544,0.182540086,61.1
5267,1,NA,"2008-11-03","W",101,2,"BrF","ABX",1,319,319,"2007-12-20","2007-12-20",NA,NA,2008,2007,2007,361,329,3,3,NA,"N",511.281722732194,2081,2406,981.912924396,2.75125573,0,91,-0.286867762,14,"S","HE","G","P","P",342,"Primary",0,0,77,1,"A",0.509139043,4272489,0.270433302,77.1
5290,0,1,NA,NA,62,NA,NA,NA,NA,NA,NA,"2008-10-23","2008-07-07",1,1,NA,2008,2008,330,304,3,2,NA,"N",NA,NA,NA,981.912924396,2.75125573,1,7,-0.070630491,15.5,"S","HE","B","D","P",0,"Primary",0,0,45,1,"A",0.271360907,2483776,0.048359923,45.2
5291,1,NA,"2010-08-16","S",165,129,"BrM","ABX",1,661.958333333333,761.958333333333,"2008-10-23","2008-07-15",NA,NA,2010,2008,2008,334,290,6,5,NA,"N",74.4043009509531,3000,2968,1193.788676396,3.736057315,1,63,0.580374984,16.5,"C","HE","B","P","P",322,"Primary",0,0,67,1,"A",0.531899883,4468996,0.294830158,67.1
5321,1,NA,"2010-02-07","W",60,57,"BrM","OFL",1,326,326,"2009-03-18","2009-03-18",NA,NA,2010,2009,2009,347,294,5,4,NA,"N",42.4264068711929,1419,1706,1174.006612919,4.308373733,1,3,0.331158096,16.5,"C","MB","G","P","P",0,"Primary",0,0,93,1,"A",0.297027386,2653641,0.069449106,93.1
5334,1,NA,"2010-05-09","S",125,72,"BrM","ABX",1,412.958333333333,412.958333333333,"2009-03-22","2009-03-22",NA,NA,2010,2009,2009,273,270,6,5,NA,"N",171.767284428671,2706,2129,1193.788676396,3.736057315,1,13,0.856517736,19,"S","LMG","G","P","P",382,"Primary",0,0,60,1,"A",0.279109278,2534464,0.054652971,60.1
5338,1,NA,"2010-05-09","S",178,155,"BrM","ABX",1,389.958333333333,389.958333333333,"2009-04-14","2009-04-14",NA,NA,2010,2009,2009,273,270,3,3,NA,"N",60.00833275471,2771,2564,1193.788676396,3.736057315,1,51,-0.134260336,15.5,"C","HE","G","P","P",372,"Primary",0,0,43,1,"A",0.259738351,2408704,0.039039539,43.1
5508,1,NA,"2010-02-07","W",48,68,"BrM","CH",1,84,168,"2009-11-15","2009-08-23",NA,NA,2010,2009,2009,347,294,5,4,NA,"N",47.6340214552582,1333,1136,1174.006612919,4.308373733,1,0,0.901560549,18,"S","LMG","G","P","P",365,"Primary",0,0,32,1,"A",0.15029261,1758276,-0.041712791,32.1
5513,1,NA,"2011-02-01","W",46,47,"BrM","AB",1,445,537,"2009-11-13","2009-08-13",NA,NA,2011,2009,2009,334,290,5,4,NA,"N",47.169905660283,2093,3338,1193.788676396,3.736057315,1,19,0.887051291,18.20000076,"C","MB","G","P","P",471,"Primary",0,0,113,1,"A",0.190487285,1985281,-0.013529529,113.1
5514,1,NA,"2011-02-01","W",43,57,"BrF","AB",1,445,530,"2009-11-13","2009-08-20",NA,NA,2011,2009,2009,334,290,5,4,NA,"N",325.854261902465,2258,1706,1193.788676396,3.736057315,0,121,-0.97122901,13,"C","MB","G","P","P",1,"Primary",0,0,75,2,"A",0.172084903,1879641,-0.026645011,75.1
5514,1,NA,"2011-02-01","W",43,57,"BrF","AB",1,445,530,"2009-11-13","2009-08-20",NA,NA,2011,2009,2009,334,290,5,4,NA,"N",325.854261902465,2258,1706,1193.788676396,3.736057315,0,43,-0.925228811,14,"C","MB","G","P","P",1130,"Primary",0,0,74,1,"A",0.17160063,1876900,-0.026985313,74.1
5517,0,1,NA,NA,2,NA,NA,NA,NA,NA,NA,"2009-11-12","2009-11-12",1,1,NA,2009,2009,364,338,4,4,1,"Y",NA,NA,NA,1167.56180546,3.987349657,0,128,0.595417668,18.5,"P","HE","B","P","P",1313,"Non-primary",0,0,42,1,"A",0.260222624,2411809,0.039425033,42.2
5522,1,NA,"2011-02-01","W",58,126,"BrM","ABX",1,442,442,"2009-11-16","2009-11-16",NA,NA,2011,2009,2009,334,290,4,4,NA,"N",29,1878,2241,1193.788676396,3.736057315,1,93,0.450019523,17,"S","HE","G","P","H",524,"Primary",0,0,53,1,"A",0.159978074,1811716,-0.035078076,53.1
5523,1,NA,"2011-02-01","W",58,60,"BrM","ABX",1,442,442,"2009-11-16","2009-11-16",NA,NA,2011,2009,2009,334,290,4,4,NA,"N",87.6584280032445,1878,2344,1193.788676396,3.736057315,1,124,0.519034156,18,"S","LMG","G","P","P",279,"Primary",0,0,28,1,"A",0.147871244,1745041,-0.043355951,28.1
5523,1,NA,"2011-02-01","W",58,60,"BrM","ABX",1,442,442,"2009-11-16","2009-11-16",NA,NA,2011,2009,2009,334,290,4,4,NA,"N",87.6584280032445,1878,2344,1193.788676396,3.736057315,1,83,0.519034156,16,"S","HE","G","P","P",24,"Primary",0,0,52,2,"A",0.159493801,1809025,-0.035412171,52.1
5525,1,NA,"2010-02-07","W",30,47,"AB","CH",2,83,176,"2009-11-16","2009-08-15",NA,NA,2010,2009,2009,347,294,3,2,NA,"N",55.0363516232681,1681,3962,1174.006612919,4.308373733,0,6,-0.086078968,15.39999962,"C","MB","G","P","P",57,"Non-primary",0,0,113,2,"A",0.189034465,1976836,-0.014577998,113.1
5525,1,NA,"2010-02-07","W",30,47,"AB","CH",2,83,176,"2009-11-16","2009-08-15",NA,NA,2010,2009,2009,347,294,3,2,NA,"N",55.0363516232681,1681,3962,1174.006612919,4.308373733,0,139,-0.270079763,16,"S","HE","G","P","H",414,"Non-primary",0,0,56,1,"A",0.161430893,1819801,-0.034074302,56.1
5530,1,NA,"2011-02-01","W",172,82,"BrF","ABX",1,429,531,"2009-11-29","2009-08-19",NA,NA,2011,2009,2009,334,290,3,3,NA,"N",319.6576293474,1278,2093,1193.788676396,3.736057315,0,166,-0.07557236,15.60000038,"C","HE","B","P","P",740,"Primary",0,0,50,1,"A",0.255864165,2383936,0.035964527,50.2
5536,1,NA,"2011-07-18","S",3,490,"BrF","H",1,476.958333333333,476.958333333333,"2010-03-28","2010-03-28",NA,NA,2011,2010,2010,331,294,7,6,NA,"N",49.0306026885251,3977,1381,2355.4151796,8.981450234,0,6,-0.681692391,14.10000038,"S","MB","G","P","P",210,"Primary",0,0,106,2,"A",0.121720492,1605289,-0.060706526,106.1
5536,1,NA,"2011-07-18","S",3,490,"BrF","H",1,476.958333333333,476.958333333333,"2010-03-28","2010-03-28",NA,NA,2011,2010,2010,331,294,7,6,NA,"N",49.0306026885251,3977,1381,2355.4151796,8.981450234,0,20,-0.865693186,14.5,"S","SH","B","D","P",937,"Primary",0,0,47,1,"A",0.020023122,1117249,-0.121297963,47.2
5559,1,NA,"2010-11-05","W",173,111,"BrM","CH",1,304,304,"2010-01-05","2010-01-05",NA,NA,2010,2010,2010,273,270,6,5,NA,"N",104.694794521982,1983,1705,1193.788676396,3.736057315,1,1,0.865199932,18,"C","LMG","G","P","P",1073,"Primary",0,0,70,1,"A",0.143997059,1723969,-0.045972095,70.1
5575,1,NA,"2011-02-01","W",74,531,"BrF","FL",1,166,166,"2010-08-19","2010-08-19",NA,NA,2011,2010,2010,334,290,7,6,NA,"N",51,1519,342,1193.788676396,3.736057315,0,0,0.596183786,19,"S","HE","G","P","P",0,"Primary",0,0,59,1,"A",0.029224313,1157776,-0.116266431,59.1
5575,1,NA,"2011-02-01","W",74,531,"BrF","FL",1,166,166,"2010-08-19","2010-08-19",NA,NA,2011,2010,2010,334,290,7,6,NA,"N",51,1519,342,1193.788676396,3.736057315,0,4,0.642183985,14.60000038,"S","HE","B","P","P",332,"Primary",0,0,26,2,"A",0.190003011,1982464,-0.013879267,26.1
5588,1,NA,"2011-11-27","W",13,41,"BrM","ABX",1,392,477,"2010-10-31","2010-08-07",NA,NA,2011,2010,2010,331,294,4,4,NA,"N",110.435501538228,3135,1818,2355.4151796,8.981450234,1,33,1.272122103,19,"C","MB","G","P","H",475,"Primary",0,0,117,1,"A",0.021960215,1125721,-0.120246143,117.1
5590,1,NA,"2011-11-27","W",2,481,"BrM","CH",1,272,272,"2011-02-28","2011-02-28",NA,NA,2011,2011,2011,331,294,8,6,NA,"N",130.552671362941,2994,3072,2355.4151796,8.981450234,1,96,0.665712096,17.5,"P","HE","G","P","P",155,"Primary",0,0,58,2,"A",-0.064724686,777924,-0.163426046,58.1
5590,1,NA,"2011-11-27","W",2,481,"BrM","CH",1,272,272,"2011-02-28","2011-02-28",NA,NA,2011,2011,2011,331,294,8,6,NA,"N",130.552671362941,2994,3072,2355.4151796,8.981450234,1,157,0.895713089,17,"P","HE","B","D","P",164,"Primary",0,0,54,1,"A",-0.13978703,528529,-0.194389085,54.2
5597,1,NA,"2011-11-27","W",173,79,"BrF","AB",1,386,462,"2010-11-06","2010-08-22",NA,NA,2011,2010,2010,331,294,4,3,NA,"N",203.960780543711,2430,1577,2355.4151796,8.981450234,0,1,0.190939397,16,"C","LMG","G","P","P",0,"Primary",0,0,86,1,"A",0.004042107,1048576,-0.129823895,86.1
5604,1,NA,"2011-02-01","W",14,13,"ABX","CH",2,91,91,"2010-11-02","2010-11-02",NA,NA,2011,2010,2010,334,290,5,3,NA,"N",76.8374908491942,1629,3134,1193.788676396,3.736057315,0,59,-0.509608029,14,"S","HE","G","P","H",486,"Non-primary",0,0,21,1,"A",-0.025498558,927369,-0.14487206,21.1
5604,1,NA,"2011-02-01","W",14,13,"ABX","CH",2,91,91,"2010-11-02","2010-11-02",NA,NA,2011,2010,2010,334,290,5,3,NA,"N",76.8374908491942,1629,3134,1193.788676396,3.736057315,0,62,-0.187606638,15.5,"C","HE","B","P","H",378,"Non-primary",0,0,34,2,"A",0.157556708,1798281,-0.036746067,34.1
5612,1,NA,"2011-02-01","W",61,479,"BrM","CH",1,84,187,"2010-11-09","2010-07-29",NA,NA,2011,2010,2010,334,290,3,2,NA,"N",58.309518948453,1654,1543,1193.788676396,3.736057315,1,117,-0.303199434,15.10000038,"S","MB","G","P","P",26,"Primary",0,0,99,2,"A",0.008884839,1069156,-0.127268835,99.1
5612,1,NA,"2011-02-01","W",61,479,"BrM","CH",1,84,187,"2010-11-09","2010-07-29",NA,NA,2011,2010,2010,334,290,3,2,NA,"N",58.309518948453,1654,1543,1193.788676396,3.736057315,1,9,-0.119198639,15,"C","MB","G","P","P",430,"Primary",0,0,73,1,"A",-0.003706264,1016064,-0.133860345,73.1
5613,1,NA,"2011-02-01","W",101,58,"BrF","CH",1,214,169,"2010-07-02","2010-08-16",NA,NA,2011,2010,2010,334,290,4,3,NA,"N",456.027411456811,2455,1878,1193.788676396,3.736057315,0,31,0.069588209,16,"S","HE","G","P","H",407,"Primary",0,0,54,1,"A",0.05004806,1252161,-0.104548287,54.1
5618,1,NA,"2012-11-26","W",98,1,"BrF","ABX",1,599,599,"2011-04-07","2011-04-07",NA,NA,2012,2011,2011,319,301,3,3,1,"Y",515.460958754395,3945,1602,697.770563724,3.969747677,0,130,-0.371988922,16.5,"S","MB","G","P","H",27,"Primary",0,0,77,2,"A",-0.073925877,744769,-0.167542326,77.1
5618,1,NA,"2012-11-26","W",98,1,"BrF","ABX",1,599,599,"2011-04-07","2011-04-07",NA,NA,2012,2011,2011,319,301,3,3,1,"Y",515.460958754395,3945,1602,697.770563724,3.969747677,0,56,-0.141987929,13.5,"S","HE","G","P","P",0,"Primary",0,0,50,1,"A",-0.087001253,698896,-0.173237578,50.1
5621,1,NA,"2011-02-01","W",515,13,"BrF","CH",1,91,180,"2010-11-02","2010-08-05",NA,NA,2011,2010,2010,334,290,3,2,NA,"N",213.859767137253,1612,3134,1193.788676396,3.736057315,0,36,-0.065124567,15.69999981,"S","MB","G","P","P",570,"Primary",0,0,106,1,"A",0.015664663,1098304,-0.123650035,106.1
5625,1,NA,"2011-11-27","W",165,112,"BrF","ABX",1,380,380,"2010-11-12","2010-11-12",NA,NA,2011,2010,2010,331,294,4,4,NA,"N",438.292140016223,3060,1663,2355.4151796,8.981450234,0,75,0.027019814,16,"P","HE","B","D","P",24,"Primary",0,0,52,1,"A",-0.088454072,693889,-0.17385921,52.2
5626,1,NA,"2011-02-01","W",90,77,"BrM","CH",1,71,170,"2010-11-22","2010-08-15",NA,NA,2011,2010,2010,334,290,4,3,NA,"N",224.742074387508,2105,1875,1193.788676396,3.736057315,1,47,1.309958635,17.89999962,"S","HE","B","P","P",276,"Primary",0,0,26,2,"A",0.143997059,1723969,-0.045972095,26.1
5626,1,NA,"2011-02-01","W",90,77,"BrM","CH",1,71,170,"2010-11-22","2010-08-15",NA,NA,2011,2010,2010,334,290,4,3,NA,"N",224.742074387508,2105,1875,1193.788676396,3.736057315,1,19,1.12595784,18.39999962,"C","MB","G","P","H",0,"Primary",0,0,115,1,"A",0.010337658,1075369,-0.126497475,115.1
5634,1,NA,"2011-11-27","W",59,165,"BrF","ABX",1,348,488,"2010-12-14","2010-07-27",NA,NA,2011,2010,2010,331,294,5,5,NA,"N",62.8012738724303,3036,3060,2355.4151796,8.981450234,0,18,-0.572045889,15.30000019,"P","HE","B","P","P",510,"Primary",0,0,40,2,"A",0.140122873,1703025,-0.048572347,40.1
5634,1,NA,"2011-11-27","W",59,165,"BrF","ABX",1,348,488,"2010-12-14","2010-07-27",NA,NA,2011,2010,2010,331,294,5,5,NA,"N",62.8012738724303,3036,3060,2355.4151796,8.981450234,0,23,-0.52604569,13.5,"P","HE","B","D","P",0,"Primary",0,0,46,1,"A",-0.106856453,632025,-0.181539787,46.2
5638,1,NA,"2011-11-27","W",140,544,"BrM","OFL",1,195,195,"2011-05-16","2011-05-16",NA,NA,2011,2011,2011,331,294,4,3,NA,"N",29.732137494637,2226,1469,2355.4151796,8.981450234,1,90,1.094753175,16.60000038,"P","HE","B","P","P",214,"Primary",0,0,40,2,"A",-0.007096176,1002001,-0.135606303,40.2
5638,1,NA,"2011-11-27","W",140,544,"BrM","OFL",1,195,195,"2011-05-16","2011-05-16",NA,NA,2011,2011,2011,331,294,4,3,NA,"N",29.732137494637,2226,1469,2355.4151796,8.981450234,1,22,1.186753573,19.5,"C","HE","G","P","P",0,"Primary",0,0,40,1,"A",-0.110730639,619369,-0.183111062,40.1
5639,1,NA,"2011-11-27","W",118,123,"BrM","CH",1,194,194,"2011-05-17","2011-05-17",NA,NA,2011,2011,2011,331,294,4,3,NA,"N",133.150291024842,2143,1980,2355.4151796,8.981450234,1,1,0.718104638,17.5,"C","HE","G","P","H",338,"Primary",0,0,82,1,"A",-0.090875438,685584,-0.174890298,82.1
5642,1,NA,"2011-05-17","S",26,16,"BrF","CH",1,164.958333333333,278.958333333333,"2010-12-03","2010-08-11",NA,NA,2011,2010,2010,334,290,4,3,NA,"N",187.085541932026,2180,2842,1193.788676396,3.736057315,0,1,-0.094900728,15.5,"C","HE","G","P","H",324,"Primary",0,0,61,1,"A",-0.021140099,944784,-0.142709942,61.1
5643,1,NA,"2012-07-01","S",128,127,"BrM","ABX",1,575.958333333333,681.958333333333,"2010-12-03","2010-08-19",NA,NA,2012,2010,2010,319,301,4,3,1,"Y",41,1420,1983,697.770563724,3.969747677,1,173,0.718935047,16.5,"C","MB","G","P","H",331,"Primary",0,0,75,1,"A",-0.014360274,972196,-0.139306671,75.1
5643,1,NA,"2012-07-01","S",128,127,"BrM","ABX",1,575.958333333333,681.958333333333,"2010-12-03","2010-08-19",NA,NA,2012,2010,2010,319,301,4,3,1,"Y",41,1420,1983,697.770563724,3.969747677,1,105,0.534934252,17.20000076,"P","HE","B","P","P",176,"Primary",0,0,37,2,"A",0.070871807,1350244,-0.092371027,37.2
5648,1,NA,"2012-08-09","S",128,99,"ABX","CH",2,402.958333333333,402.958333333333,"2011-07-03","2011-07-03",NA,NA,2012,2011,2011,331,294,5,4,NA,"N",387.330608137286,2697,1600,2355.4151796,8.981450234,0,1,-0.022090015,15.5,"S","HE","G","P","P",0,"Non-primary",0,0,78,1,"A",-0.115573371,603729,-0.185052809,78.1
5652,1,NA,"2013-08-08","S",157,116,"BrF","ABX",1,948.958333333333,948.958333333333,"2011-01-02","2011-01-02",NA,NA,2013,2011,2011,319,301,4,4,1,"Y",220.12723593413,2126,2004,697.770563724,3.969747677,0,86,-0.856104719,13.30000019,"S","HE","B","P","P",754,"Non-primary",0,0,55,1,"A",0.065060529,1322500,-0.095815517,55.2
5653,1,NA,"2012-05-28","S",40,101,"BrF","CH",1,287.958333333333,287.958333333333,"2011-08-14","2011-08-14",NA,NA,2012,2011,2011,331,294,5,4,NA,"N",431.885401466639,1206,2541,2355.4151796,8.981450234,0,49,-0.235119427,15,"C","HE","G","P","P",0,"Primary",0,0,38,1,"A",-0.155283772,483025,-0.200038525,38.1
5683,1,NA,"2011-02-01","W",174,478,"BrF","CH",1,136,136,"2010-09-18","2010-09-18",NA,NA,2011,2010,2010,334,290,3,3,NA,"N",302.218464028921,3799,1891,1193.788676396,3.736057315,0,95,-0.743770546,13.69999981,"P","MB","B","P","H",268,"Primary",0,0,19,3,"A",0.172084903,1879641,-0.026645011,19.1
5683,1,NA,"2011-02-01","W",174,478,"BrF","CH",1,136,136,"2010-09-18","2010-09-18",NA,NA,2011,2010,2010,334,290,3,3,NA,"N",302.218464028921,3799,1891,1193.788676396,3.736057315,0,25,-0.329768758,15.30000019,"C","MB","G","P","P",67,"Primary",0,0,116,2,"A",0.042299689,1216609,-0.108962161,116.1
5683,1,NA,"2011-02-01","W",174,478,"BrF","CH",1,136,136,"2010-09-18","2010-09-18",NA,NA,2011,2010,2010,334,290,3,3,NA,"N",302.218464028921,3799,1891,1193.788676396,3.736057315,0,3,-0.60576995,14.5,"S","HE","G","P","P",0,"Primary",0,0,49,1,"A",0.009853385,1073296,-0.126754843,49.1
5748,0,1,NA,NA,50,NA,NA,NA,NA,NA,NA,"2011-08-02","2011-07-30",1,1,NA,2011,2011,391,291,4,3,NA,"N",NA,NA,NA,900.722937165,4.199879045,0,6,0.026969346,15.5,"S","MB","G","D","P",545,"Primary",0,0,48,2,"A",0.135764414,1679616,-0.051478635,48.2
5748,0,1,NA,NA,50,NA,NA,NA,NA,NA,NA,"2011-08-02","2011-07-30",1,1,NA,2011,2011,391,291,4,3,NA,"N",NA,NA,NA,900.722937165,4.199879045,0,4,0.072969544,16.5,"C","MB","G","P","P",345,"Non-primary",0,0,82,1,"A",-0.128164474,564001,-0.189985144,82.1
5749,1,NA,"2012-02-03","W",11,33,"BrF","CH",1,186,186,"2011-08-01","2011-08-01",NA,NA,2012,2011,2011,275,261,3,2,NA,"N",53.1507290636732,2628,2228,697.770563724,3.969747677,0,25,0.526894562,15.89999962,"S","MB","G","D","P",567,"Primary",0,0,49,2,"A",0.136732961,1684804,-0.050834532,49.2
5749,1,NA,"2012-02-03","W",11,33,"BrF","CH",1,186,186,"2011-08-01","2011-08-01",NA,NA,2012,2011,2011,275,261,3,2,NA,"N",53.1507290636732,2628,2228,697.770563724,3.969747677,0,19,0.388893966,17,"S","LMG","G","P","H",0,"Primary",0,0,61,1,"A",-0.137849938,534361,-0.193665027,61.1
5750,1,NA,"2013-04-23","W",9,30,"BrF","ABX",1,630.958333333333,607.958333333333,"2011-08-01","2011-08-24",NA,NA,2013,2011,2011,267,265,6,6,NA,"N",176.920886274063,2983,1359,1136.736848003,3.127143292,0,31,-0.272001667,15,"P","HE","G","P","P",322,"Primary",0,0,57,1,"A",-0.13978703,528529,-0.194389085,57.1
5766,1,NA,"2012-08-04","S",68,34,"BrF","ABX",1,308.958333333333,346.958333333333,"2011-09-30","2011-08-23",NA,NA,2012,2011,2011,319,301,5,5,NA,"N",203.577994881569,1834,2163,697.770563724,3.969747677,0,1,0.074990936,15.5,"P","SH","B","D","P",0,"Non-primary",0,0,44,1,"A",-0.248264225,253009,-0.228595611,44.2
5769,1,NA,"2013-04-23","W",51,36,"ABX","ABX",2,569.958333333333,613.958333333333,"2011-10-01","2011-08-18",NA,NA,2013,2011,2011,267,265,4,4,NA,"N",261.398163727292,2382,2857,1136.736848003,3.127143292,0,22,-0.07780337,15.5,"P","HE","B","P","H",327,"Primary",0,0,25,2,"A",-0.008064723,998001,-0.136102913,25.1
5769,1,NA,"2013-04-23","W",51,36,"ABX","ABX",2,569.958333333333,613.958333333333,"2011-10-01","2011-08-18",NA,NA,2013,2011,2011,267,265,4,4,NA,"N",261.398163727292,2382,2857,1136.736848003,3.127143292,0,83,-0.215803966,16,"P","LMG","G","P","P",39,"Non-primary",0,0,63,1,"A",-0.166422056,451584,-0.203942007,63.1
5770,0,1,NA,NA,47,NA,NA,NA,NA,NA,NA,"2011-12-01","2011-12-01",1,1,NA,2011,2011,267,265,7,6,NA,"N",NA,NA,NA,1136.736848003,3.127143292,0,44,-1.495051255,13.5,"S","HE","G","P","P",398,"Primary",0,0,57,1,"A",-0.198868359,366025,-0.21456438,57.1
5770,0,1,NA,NA,47,NA,NA,NA,NA,NA,NA,"2011-12-01","2011-12-01",1,1,NA,2011,2011,267,265,7,6,NA,"N",NA,NA,NA,1136.736848003,3.127143292,0,70,-1.31105046,14.60000038,"S","MB","G","P","P",51,"Primary",0,0,108,2,"A",-0.174170427,430336,-0.206580002,108.1
5776,1,NA,"2011-11-27","W",160,55,"BrM","CH",1,167,95,"2011-06-13","2011-08-24",NA,NA,2011,2011,2011,331,294,3,2,NA,"N",238.933045014707,1356,2132,2355.4151796,8.981450234,1,91,0.781612777,18,"C","LMG","G","P","P",136,"Primary",0,0,30,2,"A",-0.12913302,561001,-0.190357602,30.1
5776,1,NA,"2011-11-27","W",160,55,"BrM","CH",1,167,95,"2011-06-13","2011-08-24",NA,NA,2011,2011,2011,331,294,3,2,NA,"N",238.933045014707,1356,2132,2355.4151796,8.981450234,1,101,0.919613373,16.5,"S","LJR","B","P","P",957,"Primary",0,0,43,3,"A",0.334316422,2910436,0.101330874,43.2
5776,1,NA,"2011-11-27","W",160,55,"BrM","CH",1,167,95,"2011-06-13","2011-08-24",NA,NA,2011,2011,2011,331,294,3,2,NA,"N",238.933045014707,1356,2132,2355.4151796,8.981450234,1,60,0.689612379,16,"S","HE","B","D","H",13,"Primary",0,0,45,1,"A",-0.194994174,375769,-0.213354637,45.2
5778,0,0,NA,NA,168,NA,NA,NA,NA,NA,NA,"2011-12-10","2011-12-10",0,0,NA,2011,2011,319,301,7,6,NA,"N",NA,NA,NA,697.770563724,3.969747677,0,43,-1.415306578,14,"P","HE","B","D","P",242,"Non-primary",0,0,51,1,"A",-0.279257709,192721,-0.236080523,51.2
5780,1,NA,"2013-04-23","W",27,9,"BrM","ABX",1,498.958333333333,498.958333333333,"2011-12-11","2011-12-11",NA,NA,2013,2011,2011,267,265,4,4,NA,"N",80.6225774829855,1890,2983,1136.736848003,3.127143292,1,28,-0.338982638,15.89999962,"P","MB","B","P","H",316,"Primary",0,0,68,2,"A",-0.021624372,942841,-0.142951171,68.1
5780,1,NA,"2013-04-23","W",27,9,"BrM","ABX",1,498.958333333333,498.958333333333,"2011-12-11","2011-12-11",NA,NA,2013,2011,2011,267,265,4,4,NA,"N",80.6225774829855,1890,2983,1136.736848003,3.127143292,1,11,-0.338982638,15.69999981,"C","MB","G","P","P",238,"Primary",0,0,117,1,"A",-0.1746547,429025,-0.206742766,117.1
5820,1,NA,"2013-04-23","W",88,112,"BrM","ABX",1,417.958333333333,417.958333333333,"2012-03-01","2012-03-01",NA,NA,2013,2012,2012,267,265,4,4,NA,"N",156.208194407336,3405,1663,1136.736848003,3.127143292,1,33,0.284147271,16,"P","SH","B","D","P",238,"Non-primary",0,0,52,1,"A",-0.318483837,128164,-0.244095443,52.2
5820,1,NA,"2013-04-23","W",88,112,"BrM","ABX",1,417.958333333333,417.958333333333,"2012-03-01","2012-03-01",NA,NA,2013,2012,2012,267,265,4,4,NA,"N",156.208194407336,3405,1663,1136.736848003,3.127143292,1,99,0.376147669,16,"C","MB","G","D","P",585,"Primary",0,0,30,2,"A",0.024381581,1136356,-0.11892578,30.2
5822,1,NA,"2013-04-23","W",13,83,"ABX","ABX",2,355.958333333333,355.958333333333,"2012-05-02","2012-05-02",NA,NA,2013,2012,2012,267,265,4,4,NA,"N",363.670180245783,2257,1791,1136.736848003,3.127143292,1,14,-0.139131189,15.5,"S","LMG","G","P","P",424,"Non-primary",0,0,89,1,"SA",-0.257465415,234256,-0.230923845,89.1
5825,1,NA,"2013-04-23","W",2,154,"BrF","ABX",1,432.958333333333,432.958333333333,"2012-02-15","2012-02-15",NA,NA,2013,2012,2012,267,265,6,6,NA,"N",541.388030898357,1911,1342,1136.736848003,3.127143292,0,2,-0.539217919,15,"P","LMG","G","P","P",355,"Primary",0,0,87,1,"A",-0.221144926,312481,-0.221212007,87.1
5825,1,NA,"2013-04-23","W",2,154,"BrF","ABX",1,432.958333333333,432.958333333333,"2012-02-15","2012-02-15",NA,NA,2013,2012,2012,267,265,6,6,NA,"N",541.388030898357,1911,1342,1136.736848003,3.127143292,0,5,-0.539217919,14.60000038,"P","HE","B","P","P",156,"Primary",0,0,29,2,"A",-0.145598309,511225,-0.196537422,29.2
5825,1,NA,"2013-04-23","W",2,154,"BrF","ABX",1,432.958333333333,432.958333333333,"2012-02-15","2012-02-15",NA,NA,2013,2012,2012,267,265,6,6,NA,"N",541.388030898357,1911,1342,1136.736848003,3.127143292,0,5,-0.585218118,15.69999981,"P","HE","B","P","P",11,"Primary",0,0,40,3,"A",-0.140271303,527076,-0.194569479,40.2
5826,1,NA,"2012-07-12","S",62,129,"ABX","CH",2,267.958333333333,267.958333333333,"2011-10-18","2011-10-18",NA,NA,2012,2011,2011,319,301,4,2,NA,"N",63.2534584034739,1876,2512,697.770563724,3.969747677,1,2,0.669255372,17,"S","LMG","G","P","P",322,"Primary",0,0,65,1,"A",-0.173686154,431649,-0.206416989,65.1
5826,1,NA,"2012-07-12","S",62,129,"ABX","CH",2,267.958333333333,267.958333333333,"2011-10-18","2011-10-18",NA,NA,2012,2011,2011,319,301,4,2,NA,"N",63.2534584034739,1876,2512,697.770563724,3.969747677,1,1,0.577254975,17.60000038,"S","HE","B","P","P",203,"Primary",0,0,54,2,"A",-0.075378696,739600,-0.168184071,54.2
5829,1,NA,"2013-07-11","S",20,490,"BrM","ABX",1,453.958333333333,453.958333333333,"2012-04-13","2012-04-13",NA,NA,2013,2012,2012,304,288,5,5,NA,"N",40.7921561087423,1992,2284,1136.736848003,3.127143292,1,31,0.195319893,18,"S","HE","G","P","H",288,"Primary",0,0,23,1,"A",-0.280226255,190969,-0.236298038,23.1
5829,1,NA,"2013-07-11","S",20,490,"BrM","ABX",1,453.958333333333,453.958333333333,"2012-04-13","2012-04-13",NA,NA,2013,2012,2012,304,288,5,5,NA,"N",40.7921561087423,1992,2284,1136.736848003,3.127143292,1,73,0.241320092,15.80000019,"C","MB","G","D","H",586,"Primary",0,0,30,2,"A",0.003557834,1046529,-0.130078036,30.2
5834,1,NA,"2013-02-09","W",2,50,"ABX","ABX",2,283,283,"2012-02-17","2012-02-17",NA,NA,2012,2012,2012,267,265,6,6,NA,"N",368.722117589927,1911,1380,1136.736848003,3.127143292,1,37,0.211948997,17.29999924,"S","HE","B","P","P",693,"Primary",0,0,63,1,"A",-0.056976315,806404,-0.15989018,63.1
5839,1,NA,"2013-07-17","S",36,407,"ABX","ABX",2,427.958333333333,427.958333333333,"2012-05-15","2012-05-15",NA,NA,2013,2012,2012,304,288,5,5,NA,"N",87.3212459828649,2857,2444,1136.736848003,3.127143292,1,0,-0.346406882,15.10000038,"C","HE","B","P","H",270,"Primary",0,0,21,1,"A",-0.11993183,589824,-0.186779151,21.1
5847,1,NA,"2012-02-02","W",110,71,"BrM","CH",1,136,155,"2011-09-19","2011-08-31",NA,NA,2012,2011,2011,331,294,6,4,NA,"N",245.203996704785,2365,2036,2355.4151796,8.981450234,1,106,0.12719313,15,"C","MB","G","P","P",22,"Primary",0,0,81,2,"A",-0.15189386,492804,-0.198824437,81.1
5847,1,NA,"2012-02-02","W",110,71,"BrM","CH",1,136,155,"2011-09-19","2011-08-31",NA,NA,2012,2011,2011,331,294,6,4,NA,"N",245.203996704785,2365,2036,2355.4151796,8.981450234,1,37,0.081192931,16.5,"S","LMG","G","P","P",315,"Primary",0,0,59,1,"A",-0.16254787,462400,-0.202599173,59.1
5853,1,NA,"2014-02-06","W",77,616,"BrM","H",1,557,557,"2012-07-29","2012-07-29",NA,NA,2014,2012,2012,304,288,5,4,NA,"N",158.316139417306,1432,864,1136.736848003,3.127143292,1,9,0.093858446,16,"S","HE","B","D","P",0,"Non-primary",0,0,48,1,"SA",-0.393061908,41616,-0.254840602,48.2
5855,1,NA,"2013-11-24","W",479,53,"BrM","AB",1,457,457,"2012-08-24","2012-08-24",NA,NA,2013,2012,2012,304,288,5,4,NA,"N",53.851648071345,3057,2734,1136.736848003,3.127143292,1,86,0.910434012,17.5,"C","LJR","B","P","H",969,"Primary",0,0,54,2,"A",0.12753177,1635841,-0.056913416,54.2
5855,1,NA,"2013-11-24","W",479,53,"BrM","AB",1,457,457,"2012-08-24","2012-08-24",NA,NA,2013,2012,2012,304,288,5,4,NA,"N",53.851648071345,3057,2734,1136.736848003,3.127143292,1,36,0.680433018,17,"S","HE","G","P","H",0,"Non-primary",0,0,29,1,"SA",-0.34172895,96100,-0.248076272,29.1
5901,0,1,NA,NA,63,NA,NA,NA,NA,NA,NA,"2012-06-05","2012-05-28",1,1,NA,2012,2012,267,265,7,7,NA,"N",NA,NA,NA,1136.736848003,3.127143292,0,32,-0.448428106,14.5,"S","HE","G","P","P",172,"Primary",0,0,51,1,"A",-0.292333085,169744,-0.238933177,51.1
5908,1,NA,"2014-06-22","S",165,137,"BrM","ABX",1,550.958333333333,550.958333333333,"2012-12-18","2012-12-18",NA,NA,2014,2012,2012,391,291,3,2,NA,"N",49.2036584005702,4004,2188,900.722937165,4.199879045,1,18,0.119112139,16,"P","HE","B","D","P",0,"Non-primary",0,0,46,1,"JUV",-0.462797247,3600,-0.259560388,46.2
5908,1,NA,"2014-06-22","S",165,137,"BrM","ABX",1,550.958333333333,550.958333333333,"2012-12-18","2012-12-18",NA,NA,2014,2012,2012,391,291,3,2,NA,"N",49.2036584005702,4004,2188,900.722937165,4.199879045,1,75,0.073111941,15.60000038,"S","HE","B","P","H",497,"Primary",0,0,27,2,"A",-0.222113472,310249,-0.221489116,27.1
5909,1,NA,"2015-04-28","W",477,112,"BrF","ABX",1,1038.95833333333,950.958333333333,"2012-06-23","2012-09-19",NA,NA,2015,2012,2012,364,338,5,5,NA,"N",43.2983483916204,2161,1456,1167.56180546,3.987349657,0,105,-0.91633471,12.89999962,"C","MB","G","D","P",498,"Non-primary",0,0,29,4,"A",-0.031309836,904401,-0.147723597,29.2
5909,1,NA,"2015-04-28","W",477,112,"BrF","ABX",1,1038.95833333333,950.958333333333,"2012-06-23","2012-09-19",NA,NA,2015,2012,2012,364,338,5,5,NA,"N",43.2983483916204,2161,1456,1167.56180546,3.987349657,0,1,-0.870334511,14,"S","HE","B","D","H",0,"Non-primary",0,0,48,1,"SA",-0.375628073,57600,-0.252856147,48.2
5909,1,NA,"2015-04-28","W",477,112,"BrF","ABX",1,1038.95833333333,950.958333333333,"2012-06-23","2012-09-19",NA,NA,2015,2012,2012,364,338,5,5,NA,"N",43.2983483916204,2161,1456,1167.56180546,3.987349657,0,7,-0.824334313,15,"S","HE","G","P","P",129,"Non-primary",0,0,26,2,"SA",-0.313156832,136161,-0.243102594,26.1
5909,1,NA,"2015-04-28","W",477,112,"BrF","ABX",1,1038.95833333333,950.958333333333,"2012-06-23","2012-09-19",NA,NA,2015,2012,2012,364,338,5,5,NA,"N",43.2983483916204,2161,1456,1167.56180546,3.987349657,0,16,-0.640333518,14.5,"C","MB","G","P","H",84,"Non-primary",0,0,110,3,"SA",-0.272477884,205209,-0.234530105,110.1
6009,1,NA,"2013-11-24","W",77,86,"BrF","H",1,271,271,"2013-02-26","2013-02-26",NA,NA,2013,2013,2013,304,288,5,4,NA,"N",180.488226762856,1432,1046,1136.736848003,3.127143292,0,0,-0.272425845,14.30000019,"S","MB","G","D","P",371,"Primary",0,0,35,1,"A",-0.148503948,502681,-0.197598182,35.2
6010,1,NA,"2013-11-24","W",53,45,"ABX","AB",2,387,387,"2012-11-02","2012-11-02",NA,NA,2013,2012,2012,304,288,4,4,NA,"N",119.096599447675,2734,1198,1136.736848003,3.127143292,1,23,1.482580655,20,"S","LMG","G","P","H",0,"Non-primary",0,0,29,1,"SA",-0.375628073,57600,-0.252856147,29.1
6011,1,NA,"2014-08-05","S",13,43,"BrM","ABX",1,634.958333333333,807.958333333333,"2012-11-08","2012-05-19",NA,NA,2014,2012,2012,391,291,8,6,NA,"N",150.748134316813,2257,660,900.722937165,4.199879045,1,84,0.196399679,15,"S","HE","B","P","H",237,"Primary",0,0,58,2,"A",-0.260855328,227529,-0.231759019,58.2
6011,1,NA,"2014-08-05","S",13,43,"BrM","ABX",1,634.958333333333,807.958333333333,"2012-11-08","2012-05-19",NA,NA,2014,2012,2012,391,291,8,6,NA,"N",150.748134316813,2257,660,900.722937165,4.199879045,1,21,0.242399877,17,"S","HE","G","P","H",0,"Non-primary",0,0,35,1,"SA",-0.375628073,57600,-0.252856147,35.1
6012,1,NA,"2015-01-23","W",94,110,"BrM","H",1,930,971,"2012-07-07","2012-05-27",NA,NA,2015,2012,2012,364,338,7,6,NA,"N",45.1774279923061,3548,3114,1167.56180546,3.987349657,1,109,0.656884947,19,"S","LMG","G","P","P",0,"Non-primary",0,0,36,1,"A",-0.315093925,133225,-0.243467106,36.1
6012,1,NA,"2015-01-23","W",94,110,"BrM","H",1,930,971,"2012-07-07","2012-05-27",NA,NA,2015,2012,2012,364,338,7,6,NA,"N",45.1774279923061,3548,3114,1167.56180546,3.987349657,1,79,0.656884947,15,"S","DJW","B","P","P",943,"Primary",0,0,35,2,"A",0.141575693,1710864,-0.047599115,35.2
6013,0,0,NA,NA,154,NA,NA,NA,NA,NA,NA,"2012-11-13","2012-11-13",0,0,NA,2012,2012,319,301,3,3,NA,"N",NA,NA,NA,697.770563724,3.969747677,0,21,0.495647033,17,"C","LMG","G","P","P",0,"Non-primary",0,0,40,1,"SA",-0.375628073,57600,-0.252856147,40.1
6014,1,NA,"2013-02-07","W",121,59,"ABX","CH",2,81,245,"2012-11-18","2012-06-07",NA,NA,2013,2012,2012,319,301,3,3,NA,"N",61.1882341631134,2796,3036,697.770563724,3.969747677,1,61,0.680091297,17.5,"C","MB","G","P","H",65,"Non-primary",0,0,110,2,"A",-0.344150316,93025,-0.248458041,110.1
6014,1,NA,"2013-02-07","W",121,59,"ABX","CH",2,81,245,"2012-11-18","2012-06-07",NA,NA,2013,2012,2012,319,301,3,3,NA,"N",61.1882341631134,2796,3036,697.770563724,3.969747677,1,7,0.864092092,17,"S","HE","G","P","P",0,"Non-primary",0,0,45,1,"SA",-0.375628073,57600,-0.252856147,45.1
6015,0,1,NA,NA,85,NA,NA,NA,NA,NA,NA,"2012-11-20","2012-11-20",0,0,NA,2012,2012,267,265,3,3,NA,"N",NA,NA,NA,1136.736848003,3.127143292,0,1,-0.278257176,14.5,"S","HD","G","P","H",0,"Primary",0,0,47,1,"SA",-0.375628073,57600,-0.252856147,47.1
6016,1,NA,"2015-02-11","W",478,9,"TBRM","ABX",1,811,811,"2012-11-22","2012-11-22",NA,NA,2015,2012,2012,391,291,6,3,NA,"N",111.925634491166,3025,2611,900.722937165,4.199879045,1,39,0.196576487,16.10000038,"P","HE","B","P","H",208,"Non-primary",0,0,43,2,"A",-0.27489925,200704,-0.235089413,43.2
6016,1,NA,"2015-02-11","W",478,9,"TBRM","ABX",1,811,811,"2012-11-22","2012-11-22",NA,NA,2015,2012,2012,391,291,6,3,NA,"N",111.925634491166,3025,2611,900.722937165,4.199879045,1,18,0.10457609,15.5,"S","HE","G","P","P",0,"Non-primary",0,0,49,1,"SA",-0.375628073,57600,-0.252856147,49.1
6017,1,NA,"2013-02-07","W",479,53,"BrM","CH",1,202,167,"2012-07-20","2012-08-24",NA,NA,2013,2012,2012,319,301,6,3,NA,"N",53.851648071345,3057,2734,697.770563724,3.969747677,1,9,0.16666916,16,"S","LMG","G","P","P",0,"Primary",0,0,49,1,"A",-0.315093925,133225,-0.243467106,49.1
6018,1,NA,"2013-11-24","W",3,75,"BrM","ABX",1,365,466,"2012-11-24","2012-08-15",NA,NA,2013,2012,2012,304,288,4,4,NA,"N",116.29703349613,3971,2219,1136.736848003,3.127143292,1,10,0.549075747,17,"S","LMG","G","P","H",0,"Non-primary",0,0,51,1,"SA",-0.375628073,57600,-0.252856147,51.1
6018,1,NA,"2013-11-24","W",3,75,"BrM","ABX",1,365,466,"2012-11-24","2012-08-15",NA,NA,2013,2012,2012,304,288,4,4,NA,"N",116.29703349613,3971,2219,1136.736848003,3.127143292,1,24,0.45707535,16.39999962,"P","HE","B","P","H",336,"Primary",0,0,22,2,"A",-0.212912282,331776,-0.218816483,22.1
6020,0,0,NA,NA,20,NA,NA,NA,NA,NA,NA,"2012-11-25","2012-11-25",0,0,NA,2012,2012,304,288,5,5,NA,"N",NA,NA,NA,1136.736848003,3.127143292,0,19,-0.820264462,13,"S","LMG","G","P","P",0,"Non-primary",0,0,52,1,"SA",-0.375628073,57600,-0.252856147,52.1
6021,0,0,NA,NA,57,NA,NA,NA,NA,NA,NA,"2012-11-26","2012-11-26",0,0,NA,2012,2012,304,288,6,4,NA,"N",NA,NA,NA,1136.736848003,3.127143292,0,0,-0.648897574,13.80000019,"S","LMG","G","P","P",46,"Non-primary",0,0,99,2,"SA",-0.353351507,81796,-0.249852151,99.1
6021,0,0,NA,NA,57,NA,NA,NA,NA,NA,NA,"2012-11-26","2012-11-26",0,0,NA,2012,2012,304,288,6,4,NA,"N",NA,NA,NA,1136.736848003,3.127143292,0,0,-0.878898567,14,"S","HE","G","P","P",0,"Non-primary",0,0,53,1,"SA",-0.375628073,57600,-0.252856147,53.1
6023,0,0,NA,NA,58,NA,NA,NA,NA,NA,NA,"2012-11-27","2012-11-27",0,0,NA,2012,2012,304,288,4,4,NA,"N",NA,NA,NA,1136.736848003,3.127143292,0,0,-0.348346718,15,"S","HE","G","P","P",0,"Non-primary",0,0,54,1,"SA",-0.375628073,57600,-0.252856147,54.1
6024,1,NA,"2013-11-24","W",168,605,"BrM","ABX",1,360,360,"2012-11-29","2012-11-29",NA,NA,2013,2012,2012,304,288,5,5,NA,"N",94.1488183675186,2361,0,1136.736848003,3.127143292,1,9,0.727543956,18,"S","LMG","G","P","P",0,"Non-primary",0,0,56,1,"SA",-0.375628073,57600,-0.252856147,56.1
6026,0,1,NA,NA,82,NA,NA,NA,NA,NA,NA,"2012-11-30","2012-11-30",1,1,NA,2012,2012,391,291,4,4,NA,"N",NA,NA,NA,900.722937165,4.199879045,1,27,0.787311187,17.5,"P","HE","B","P","H",195,"Non-primary",0,0,38,2,"A",-0.281194801,189225,-0.236514561,38.2
6026,0,1,NA,NA,82,NA,NA,NA,NA,NA,NA,"2012-11-30","2012-11-30",1,1,NA,2012,2012,391,291,4,4,NA,"N",NA,NA,NA,900.722937165,4.199879045,1,3,0.741310988,17,"P","LMG","G","P","H",0,"Non-primary",0,0,57,1,"SA",-0.375628073,57600,-0.252856147,57.1
6028,1,NA,"2013-11-24","W",14,407,"BrF","AB",1,352,352,"2012-12-07","2012-12-07",NA,NA,2013,2012,2012,304,288,4,4,NA,"N",196.224361382577,2425,2444,1136.736848003,3.127143292,0,1,-0.065301157,16,"P","HE","G","P","H",0,"Non-primary",0,0,64,1,"SA",-0.375628073,57600,-0.252856147,64.1
6028,1,NA,"2013-11-24","W",14,407,"BrF","AB",1,352,352,"2012-12-07","2012-12-07",NA,NA,2013,2012,2012,304,288,4,4,NA,"N",196.224361382577,2425,2444,1136.736848003,3.127143292,0,100,-0.203301753,14.60000038,"R","MB","B","P","P",326,"Primary",0,0,25,2,"A",-0.217755014,320356,-0.220234305,25.1
6029,1,NA,"2013-08-09","S",480,72,"BrM","CH",1,244.958333333333,244.958333333333,"2012-12-07","2012-12-07",NA,NA,2013,2012,2012,267,265,3,3,NA,"N",31,1362,1841,1136.736848003,3.127143292,1,55,0.38030634,16.60000038,"C","HE","B","P","H",335,"Primary",0,0,34,2,"A",-0.213396555,330625,-0.218959382,34.1
6029,1,NA,"2013-08-09","S",480,72,"BrM","CH",1,244.958333333333,244.958333333333,"2012-12-07","2012-12-07",NA,NA,2013,2012,2012,267,265,3,3,NA,"N",31,1362,1841,1136.736848003,3.127143292,1,7,0.288305943,16,"P","LMG","G","P","P",0,"Non-primary",0,0,64,1,"SA",-0.375628073,57600,-0.252856147,64.1
6030,1,NA,"2013-08-09","S",111,173,"BrM","CH",1,238.958333333333,238.958333333333,"2012-12-13","2012-12-13",NA,NA,2013,2012,2012,267,265,3,3,NA,"N",105.304320899002,1682,2414,1136.736848003,3.127143292,1,1,0.572706494,16.10000038,"P","HE","B","P","H",187,"Primary",0,0,43,2,"A",-0.285068987,182329,-0.237370717,43.2
6030,1,NA,"2013-08-09","S",111,173,"BrM","CH",1,238.958333333333,238.958333333333,"2012-12-13","2012-12-13",NA,NA,2013,2012,2012,267,265,3,3,NA,"N",105.304320899002,1682,2414,1136.736848003,3.127143292,1,20,0.802707488,18,"C","LMG","G","P","H",0,"Non-primary",0,0,70,1,"SA",-0.375628073,57600,-0.252856147,70.1
6031,0,0,NA,NA,125,NA,NA,NA,NA,NA,NA,"2012-12-14","2012-12-14",0,0,NA,2012,2012,267,265,7,7,NA,"N",NA,NA,NA,1136.736848003,3.127143292,1,5,0.471376796,17,"C","HE","G","P","H",0,"Non-primary",0,0,71,1,"SA",-0.375628073,57600,-0.252856147,71.1
6033,1,NA,"2014-04-25","W",60,68,"BrM","ABX",1,493.958333333333,493.958333333333,"2012-12-17","2012-12-17",NA,NA,2014,2012,2012,247,242,3,3,NA,"N",157.49285698088,2583,1570,900.722937165,4.199879045,1,1,0.118128684,16,"C","HE","G","P","H",0,"Non-primary",0,0,74,1,"SA",-0.375628073,57600,-0.252856147,74.1
6034,1,NA,"2014-02-06","W",178,616,"BrF","ABX",1,420,420,"2012-12-13","2012-12-13",NA,NA,2014,2012,2012,304,288,3,3,NA,"N",621.575417789346,2110,864,1136.736848003,3.127143292,0,1,-0.186578952,15,"C","HE","G","P","P",0,"Non-primary",0,0,70,1,"SA",-0.375628073,57600,-0.252856147,70.1
6037,0,0,NA,NA,90,NA,NA,NA,NA,NA,NA,"2013-06-25","2013-06-25",0,0,NA,2013,2013,304,288,5,4,NA,"N",NA,NA,NA,1136.736848003,3.127143292,0,39,-0.162308714,15,"C","MB","G","P","P",0,"Non-primary",0,0,84,1,"JUV",-0.462797247,3600,-0.259560388,84.1
6045,1,NA,"2015-04-28","W",481,20,"BrM","ABX",1,710.958333333333,613.958333333333,"2013-05-17","2013-08-22",NA,NA,2015,2013,2013,364,338,5,5,NA,"N",53.8679302205867,3057,1992,1167.56180546,3.987349657,1,24,0.227427973,16.39999962,"S","MB","G","D","H",496,"Non-primary",0,0,33,2,"A",-0.188214349,393129,-0.211199348,33.2
6045,1,NA,"2015-04-28","W",481,20,"BrM","ABX",1,710.958333333333,613.958333333333,"2013-05-17","2013-08-22",NA,NA,2015,2013,2013,364,338,5,5,NA,"N",53.8679302205867,3057,1992,1167.56180546,3.987349657,1,0,0.503429166,16.20000076,"C","SAK","G","P","H",0,"Non-primary",0,0,116,1,"JUV",-0.428413851,17161,-0.257876754,116.1
6047,1,NA,"2014-11-25","W",8,3,"ABX","ABX",2,496,496,"2013-07-17","2013-07-17",NA,NA,2014,2013,2013,391,291,4,4,NA,"N",65.6048778674269,2223,3696,900.722937165,4.199879045,1,66,-0.01346234,15.60000038,"S","MB","G","D","H",0,"Non-primary",0,0,43,1,"A",-0.212912282,331776,-0.218816483,43.2
6048,1,NA,"2014-02-06","W",129,59,"BrF","ABX",1,380,380,"2013-01-22","2013-01-22",NA,NA,2014,2013,2013,304,288,4,4,NA,"N",82.9698740507662,1110,3422,1136.736848003,3.127143292,0,1,-0.596995214,13.89999962,"P","HE","B","P","H",135,"Non-primary",0,0,31,1,"SA",-0.310251193,140625,-0.242548377,31.2
6050,1,NA,"2014-04-25","W",90,155,"BrM","ABX",1,332.958333333333,332.958333333333,"2013-05-27","2013-05-27",NA,NA,2014,2013,2013,247,242,5,4,NA,"N",232.774569057704,2595,1572,900.722937165,4.199879045,1,30,0.272377785,16.10000038,"C","MB","G","P","P",0,"Non-primary",0,0,115,1,"JUV",-0.433740856,14400,-0.25821954,115.1
6062,0,0,NA,NA,135,NA,NA,NA,NA,NA,NA,"2013-06-05","2013-06-05",1,1,NA,2013,2013,304,288,3,3,NA,"N",NA,NA,NA,1136.736848003,3.127143292,0,34,-0.515556826,14,"P","HE","B","P","P",0,"Non-primary",0,0,30,1,"SA",-0.375628073,57600,-0.252856147,30.2
6065,1,NA,"2014-07-08","S",40,83,"BrF","OFL",1,263.958333333333,263.958333333333,"2013-10-17","2013-10-17",NA,NA,2014,2013,2013,391,291,3,2,NA,"N",224.89108474993,894,1791,900.722937165,4.199879045,0,0,-0.03071769,15.39999962,"P","HE","B","P","P",0,"Non-primary",0,0,44,1,"JUV",-0.433740856,14400,-0.25821954,44.2
6067,1,NA,"2014-10-27","W",39,633,"BrF","ABX",1,491,439,"2013-06-23","2013-08-14",NA,NA,2014,2013,2013,247,242,3,3,NA,"N",27.7106280378125,1340,1259,900.722937165,4.199879045,0,23,-0.122395913,14.89999962,"P","HE","B","P","P",0,"Non-primary",0,0,48,1,"SA",-0.375628073,57600,-0.252856147,48.2
6138,1,NA,"2015-04-28","W",80,47,"BrF","ABX",1,548.958333333333,658.958333333333,"2013-10-26","2013-07-08",NA,NA,2015,2013,2013,364,338,6,6,NA,"N",297.333671991586,2367,3559,1167.56180546,3.987349657,0,0,-1.180527774,12.19999981,"C","HE","B","P","P",0,"Non-primary",0,0,22,1,"SA",-0.375628073,57600,-0.252856147,22.1
6141,1,NA,"2014-11-25","W",9,13,"ABX","OFL",2,277,288,"2014-02-21","2014-02-10",NA,NA,2014,2014,2014,391,291,4,3,NA,"N",89.196412483911,2611,2050,900.722937165,4.199879045,0,1,-0.155293513,14.80000019,"P","HE","B","P","P",0,"Non-primary",0,0,20,1,"JUV",-0.433740856,14400,-0.25821954,20.1
6142,0,0,NA,NA,13,NA,NA,NA,NA,NA,NA,"2014-02-21","2014-02-21",0,0,NA,2014,2014,364,338,6,6,NA,"N",NA,NA,NA,1167.56180546,3.987349657,1,76,-0.056600089,15.10000038,"P","HE","B","P","P",0,"Non-primary",0,0,20,1,"JUV",-0.433740856,14400,-0.25821954,20.1
6147,0,0,NA,NA,477,NA,NA,NA,NA,NA,NA,"2014-02-25","2014-02-25",0,0,NA,2014,2014,364,338,5,5,NA,"N",NA,NA,NA,1167.56180546,3.987349657,0,3,-0.335425326,14.39999962,"C","HE","B","P","P",0,"Non-primary",0,0,24,1,"JUV",-0.433740856,14400,-0.25821954,24.1
6149,0,0,NA,NA,26,NA,NA,NA,NA,NA,NA,"2014-02-26","2014-02-26",0,0,NA,2014,2014,364,338,5,5,NA,"N",NA,NA,NA,1167.56180546,3.987349657,1,50,-0.546842264,14.19999981,"S","MB","G","D","H",0,"Non-primary",0,0,57,1,"SA",-0.314609652,133956,-0.243376351,57.2
6150,0,0,NA,NA,407,NA,NA,NA,NA,NA,NA,"2014-02-26","2014-02-26",0,0,NA,2014,2014,364,338,5,5,NA,"N",NA,NA,NA,1167.56180546,3.987349657,0,63,-0.399608364,14.5,"C","MB","G","D","P",0,"Non-primary",0,0,30,1,"SA",-0.327685028,114921,-0.245739596,30.2
6153,0,0,NA,NA,46,NA,NA,NA,NA,NA,NA,"2014-02-27","2014-02-05",0,0,NA,2014,2014,391,291,4,4,NA,"N",NA,NA,NA,900.722937165,4.199879045,1,13,0.258347383,16.5,"P","HE","B","P","H",0,"Non-primary",0,0,63,1,"JUV",-0.415822748,24649,-0.2569471,63.1
6158,1,NA,"2015-04-28","W",110,118,"BrM","ABX",1,421.958333333333,421.958333333333,"2014-03-02","2014-03-02",NA,NA,2015,2014,2014,364,338,5,5,NA,"N",172.042697021535,2367,2143,1167.56180546,3.987349657,1,27,-0.35808309,14.69999981,"S","HE","B","P","H",0,"Non-primary",0,0,29,1,"JUV",-0.433740856,14400,-0.25821954,29.1
6160,1,NA,"2014-11-25","W",34,26,"BrF","H",1,267,289,"2014-03-03","2014-02-09",NA,NA,2014,2014,2014,391,291,4,3,NA,"N",48.0520551069359,1380,2446,900.722937165,4.199879045,0,40,-0.15368104,15.10000038,"S","MB","G","D","H",0,"Primary",0,0,57,1,"SA",-0.317031017,130321,-0.243827646,57.2
6166,1,NA,"2015-04-28","W",72,70,"BrM","ABX",1,416.958333333333,416.958333333333,"2014-03-07","2014-03-07",NA,NA,2015,2014,2014,364,338,3,3,NA,"N",86.6404207053498,1958,2419,1167.56180546,3.987349657,1,96,-0.152068878,15.39999962,"P","KLB","B","P","P",0,"Non-primary",0,0,116,1,"SA",-0.394030455,40804,-0.254941414,116.1
6169,1,NA,"2015-12-01","W",101,140,"BrF","SBR",1,630,630,"2014-03-11","2014-03-11",NA,NA,2015,2014,2014,330,267,5,5,NA,"N",153.006178388325,2834,2302,1167.56180546,3.987349657,0,94,0.093858446,16,"S","LJR","B","P","P",0,"Primary",0,0,50,1,"A",-0.147535401,505521,-0.197245588,50.2
6170,1,NA,"2015-04-28","W",179,140,"BrM","ABX",1,412.958333333333,442.958333333333,"2014-03-11","2014-02-09",NA,NA,2015,2014,2014,364,338,6,5,NA,"N",442.140125554105,1765,3607,1167.56180546,3.987349657,1,0,0.751814194,18,"S","LJR","B","P","P",0,"Primary",0,0,50,1,"A",-0.147535401,505521,-0.197245588,50.2
6175,1,NA,"2015-04-28","W",88,99,"BrM","ABX",1,410.958333333333,450.958333333333,"2014-03-13","2014-02-01",NA,NA,2015,2014,2014,364,338,4,4,NA,"N",71.1285974376171,2013,1640,1167.56180546,3.987349657,1,27,-0.047972726,15.19999981,"P","HE","B","P","P",0,"Non-primary",0,0,47,1,"JUV",-0.430350944,16129,-0.25800488,47.1
6180,0,0,NA,NA,83,NA,NA,NA,NA,NA,NA,"2014-03-20","2014-01-31",0,0,NA,2014,2014,247,242,5,4,NA,"N",NA,NA,NA,900.722937165,4.199879045,0,44,-0.309542614,14.69999981,"P","HE","B","P","P",0,"Non-primary",0,0,47,1,"JUV",-0.433740856,14400,-0.25821954,47.1
6181,1,NA,"2014-02-06","W",174,95,"BrF","CH",1,203,178,"2013-07-18","2013-08-12",NA,NA,2014,2013,2013,304,288,4,3,NA,"N",127,3792,2933,1136.736848003,3.127143292,0,1,-0.456776514,14.39999962,"P","HE","B","P","P",0,"Primary",0,0,47,1,"A",-0.315093925,133225,-0.243467106,47.1
6185,1,NA,"2015-04-28","W",134,98,"BrF","ABX",1,398.958333333333,440.958333333333,"2014-03-25","2014-02-11",NA,NA,2015,2014,2014,364,338,4,3,NA,"N",237.576690351638,1591,4513,1167.56180546,3.987349657,0,5,-0.9254054,13.80000019,"P","HE","B","P","P",0,"Non-primary",0,0,52,1,"JUV",-0.433740856,14400,-0.25821954,52.1
6185,1,NA,"2015-04-28","W",134,98,"BrF","ABX",1,398.958333333333,440.958333333333,"2014-03-25","2014-02-11",NA,NA,2015,2014,2014,364,338,4,3,NA,"N",237.576690351638,1591,4513,1167.56180546,3.987349657,0,75,-0.833405003,13.60000038,"S","MB","G","D","P",197,"Non-primary",0,0,35,2,"SA",-0.338339038,100489,-0.247531366,35.2
6186,1,NA,"2016-07-01","S",159,110,"BrF","ABX",1,828.958333333333,828.958333333333,"2014-03-25","2014-03-25",NA,NA,2016,2014,2014,269,255,4,3,NA,"N",275.513724703507,1994,2052,1042.513256323,3.570935273,0,18,-0.506929151,14.10000038,"P","HE","B","P","P",0,"Non-primary",0,0,52,1,"JUV",-0.433740856,14400,-0.25821954,52.1
6196,1,NA,"2014-04-25","W",81,138,"BrM","CH",1,121.958333333333,121.958333333333,"2013-12-24","2013-12-24",NA,NA,2014,2013,2013,247,242,3,3,NA,"N",454.845028553682,1833,3310,900.722937165,4.199879045,1,50,0.725667099,17,"C","MB","G","D","P",0,"Primary",0,0,27,1,"A",-0.298144363,160000,-0.24014292,27.2
6196,1,NA,"2014-04-25","W",81,138,"BrM","CH",1,121.958333333333,121.958333333333,"2013-12-24","2013-12-24",NA,NA,2014,2013,2013,247,242,3,3,NA,"N",454.845028553682,1833,3310,900.722937165,4.199879045,1,60,0.6796669,17.29999924,"S","DR","B","P","P",589,"Primary",0,0,99,2,"A",-0.012907455,978121,-0.138571067,99.1
6199,1,NA,"2015-07-18","S",179,16,"BrF","ABX",1,342.958333333333,342.958333333333,"2014-08-09","2014-08-09",NA,NA,2015,2014,2014,330,267,5,4,NA,"N",359.515225727202,1765,3988,1167.56180546,3.987349657,0,68,-0.465403877,14.30000019,"S","MB","G","D","P",0,"Non-primary",0,0,37,1,"SA",-0.403715918,33124,-0.255894906,37.2
6205,0,0,NA,NA,20,NA,NA,NA,NA,NA,NA,"2014-08-15","2014-08-15",0,0,NA,2014,2014,364,338,5,4,NA,"N",NA,NA,NA,1167.56180546,3.987349657,1,19,-0.26801734,14.89999962,"S","MB","G","D","P",0,"Non-primary",0,0,36,1,"SA",-0.407105831,30625,-0.256205164,36.2
6209,0,0,NA,NA,24,NA,NA,NA,NA,NA,NA,"2014-05-11","2014-06-06",0,0,NA,2014,2014,364,338,5,5,NA,"N",NA,NA,NA,1167.56180546,3.987349657,1,19,-0.226491753,15.10000038,"C","MB","G","D","P",0,"Non-primary",0,0,30,1,"SA",-0.363521244,70225,-0.251288721,30.2
6213,1,NA,"2015-04-28","W",63,48,"BrM","ABX",1,342.958333333333,342.958333333333,"2014-05-20","2014-05-20",NA,NA,2015,2014,2014,364,338,9,8,NA,"N",56.1839890449228,2238,1604,1167.56180546,3.987349657,1,10,0.165194794,16,"S","DJW","B","P","P",379,"Primary",0,0,42,2,"A",-0.18530871,400689,-0.210260754,42.2
6213,1,NA,"2015-04-28","W",63,48,"BrM","ABX",1,342.958333333333,342.958333333333,"2014-05-20","2014-05-20",NA,NA,2015,2014,2014,364,338,9,8,NA,"N",56.1839890449228,2238,1604,1167.56180546,3.987349657,1,6,0.119194596,15.80000019,"C","MB","G","D","P",0,"Non-primary",0,0,28,1,"SA",-0.368848249,64516,-0.251997508,28.2
6219,1,NA,"2015-04-28","W",111,34,"BrM","ABX",1,337.958333333333,337.958333333333,"2014-05-25","2014-05-25",NA,NA,2015,2014,2014,364,338,4,4,NA,"N",45.4858854310006,2080,1322,1167.56180546,3.987349657,1,27,0.083618611,15.60000038,"S","MB","G","D","P",0,"Non-primary",0,0,37,1,"SA",-0.366911156,66564,-0.251743243,37.2
6221,1,NA,"2015-08-01","S",79,637,"BrM","ABX",1,381.958333333333,381.958333333333,"2014-07-15","2014-07-15",NA,NA,2015,2014,2014,330,267,4,3,NA,"N",49.6729572271717,1797,1445,1167.56180546,3.987349657,1,46,0.611595495,17.5,"S","DJW","B","P","P",0,"Primary",0,0,40,1,"A",-0.213396555,330625,-0.218959382,40.2
6230,1,NA,"2015-10-29","W",30,28,"AB","ABX",2,471,471,"2014-07-15","2014-07-15",NA,NA,2015,2014,2014,364,338,3,3,NA,"N",69.777662827658,1359,1767,1167.56180546,3.987349657,1,107,-0.080438412,15.89999962,"S","TC","G","D","P",1482,"Primary",1,1,53,2,"A",0.323662412,2835856,0.092071573,53.2
6230,1,NA,"2015-10-29","W",30,28,"AB","ABX",2,471,471,"2014-07-15","2014-07-15",NA,NA,2015,2014,2014,364,338,3,3,NA,"N",69.777662827658,1359,1767,1167.56180546,3.987349657,1,21,-0.080438412,14.89999962,"S","MB","G","D","P",0,"Non-primary",0,0,32,1,"SA",-0.394030455,40804,-0.254941414,32.2
6239,0,0,NA,NA,70,NA,NA,NA,NA,NA,NA,"2014-07-03","2014-07-03",0,0,NA,2014,2014,364,338,3,3,NA,"N",NA,NA,NA,1167.56180546,3.987349657,0,51,-0.752856476,13.5,"S","MB","G","D","P",0,"Non-primary",0,0,40,1,"SA",-0.384344991,49284,-0.2538886,40.2
6240,0,0,NA,NA,71,NA,NA,NA,NA,NA,NA,"2014-07-15","2014-07-15",0,0,NA,2014,2014,364,338,7,6,NA,"N",NA,NA,NA,1167.56180546,3.987349657,1,20,-0.39098069,14.60000038,"S","MB","G","D","P",0,"Non-primary",0,0,32,1,"JUV",-0.394030455,40804,-0.254941414,32.2
6261,1,NA,"2016-05-01","S",63,64,"BrM","ABX",1,642.958333333333,642.958333333333,"2014-07-28","2014-07-28",NA,NA,2016,2014,2014,269,252,7,6,NA,"N",35.373509244207,2077,912,1042.513256323,3.570935273,1,30,-0.415250927,14.60000038,"C","MB","G","D","P",0,"Non-primary",0,0,28,1,"SA",-0.402263099,34225,-0.255758214,28.2
6267,1,NA,"2015-07-08","S",477,633,"BrM","ABX",1,366.958333333333,366.958333333333,"2014-07-06","2014-07-06",NA,NA,2015,2014,2014,330,267,3,3,NA,"N",77.2613260305568,2161,1259,1167.56180546,3.987349657,1,14,-0.103528403,15.39999962,"C","MB","G","D","P",0,"Non-primary",0,0,29,1,"SA",-0.391124815,43264,-0.254635999,29.2
6268,0,0,NA,NA,39,NA,NA,NA,NA,NA,NA,"2014-06-17","2014-06-17",0,0,NA,2014,2014,364,338,4,4,NA,"N",NA,NA,NA,1167.56180546,3.987349657,0,28,-0.810024626,13.39999962,"C","MB","G","D","P",0,"Non-primary",0,0,30,1,"SA",-0.381439352,51984,-0.253553388,30.2
6272,1,NA,"2015-07-30","S",407,637,"BrF","ABX",1,380.958333333333,380.958333333333,"2014-07-14","2014-07-14",NA,NA,2015,2014,2014,330,267,4,3,NA,"N",182.614615122257,2162,1445,1167.56180546,3.987349657,0,0,-0.539827063,14,"C","MB","G","D","P",0,"Non-primary",0,0,30,1,"SA",-0.394514728,40401,-0.254991448,30.2
6273,0,0,NA,NA,112,NA,NA,NA,NA,NA,NA,"2014-06-17","2014-06-17",0,0,NA,2014,2014,364,338,5,4,NA,"N",NA,NA,NA,1167.56180546,3.987349657,0,8,-0.423878602,14.5,"S","MB","G","D","P",0,"Non-primary",0,0,37,1,"SA",-0.378049439,55225,-0.25315101,37.2
6279,1,NA,"2016-05-01","S",15,60,"BrF","ABX",1,658.958333333333,658.958333333333,"2014-07-12","2014-07-12",NA,NA,2016,2014,2014,269,252,4,3,NA,"N",343.259473876906,2522,2583,1042.513256323,3.570935273,0,7,-1.240920559,11.5,"S","LJR","B","P","P",0,"Non-primary",0,0,63,1,"A",-0.200805452,361201,-0.215163292,63.2
6309,1,NA,"2015-12-01","W",68,605,"BrM","AB",1,506,506,"2014-07-13","2014-07-13",NA,NA,2015,2014,2014,330,267,6,6,NA,"N",167.39625204419,1697,1474,1167.56180546,3.987349657,1,0,0.288400076,16.5,"C","LJR","B","P","P",388,"Primary",0,0,51,2,"A",-0.207101004,345744,-0.217082319,51.2
6309,1,NA,"2015-12-01","W",68,605,"BrM","AB",1,506,506,"2014-07-13","2014-07-13",NA,NA,2015,2014,2014,330,267,6,6,NA,"N",167.39625204419,1697,1474,1167.56180546,3.987349657,1,13,0.15039948,15.5,"C","MB","G","D","P",0,"Non-primary",0,0,28,1,"JUV",-0.394999001,40000,-0.255041233,28.2
6312,1,NA,"2014-11-25","W",138,155,"ABX","CH",2,169,177,"2014-06-09","2014-06-01",NA,NA,2014,2014,2014,391,291,4,3,NA,"N",83.5224520712844,2592,1572,900.722937165,4.199879045,1,3,-0.01346234,15.60000038,"S","MB","G","D","P",0,"Non-primary",0,0,34,1,"SA",-0.375628073,57600,-0.252856147,34.2
6313,1,NA,"2017-04-27","W",126,127,"BrM","ABX",1,927.958333333333,927.958333333333,"2014-10-12","2014-10-12",NA,NA,2017,2014,2014,263,235,3,4,NA,"N",43.0143208529174,1674,3022,2523.364966302,11.27021182,1,65,-0.356934343,15,"S","LJR","B","P","P",367,"Non-primary",0,0,41,2,"A",-0.256012596,237169,-0.230562188,41.2
6313,1,NA,"2017-04-27","W",126,127,"BrM","ABX",1,927.958333333333,927.958333333333,"2014-10-12","2014-10-12",NA,NA,2017,2014,2014,263,235,3,4,NA,"N",43.0143208529174,1674,3022,2523.364966302,11.27021182,1,63,-0.356934343,14.60000038,"S","MB","G","D","P",0,"Non-primary",0,0,39,1,"JUV",-0.433740856,14400,-0.25821954,39.2
6374,1,NA,"2016-11-28","W",480,740,"BrM","H",1,525,525,"2015-06-22","2015-06-22",NA,NA,2016,2015,2015,269,255,5,4,NA,"N",46.2373293454542,1850,1867,1042.513256323,3.570935273,1,31,0.045317971,16,"S","LJR","B","P","P",0,"Non-primary",0,0,35,1,"SA",-0.381439352,51984,-0.253553388,35.2
6378,1,NA,"2016-02-12","W",179,662,"ABX","H",2,192,192,"2015-08-04","2015-08-04",NA,NA,2016,2015,2015,269,252,4,4,NA,"N",32.9313324396387,942,823,1042.513256323,3.570935273,0,53,-0.112155765,15.30000019,"S","DR","B","P","P",0,"Non-primary",0,0,98,1,"SA",-0.298144363,160000,-0.24014292,98.1
6382,1,NA,"2016-05-01","S",53,50,"BrM","ABX",1,481.958333333333,481.958333333333,"2015-01-05","2015-01-05",NA,NA,2016,2015,2015,269,252,4,3,NA,"N",48.5280514078085,2734,2109,1042.513256323,3.570935273,1,119,0.873165383,18,"C","LJR","B","P","P",0,"Non-primary",0,0,54,1,"SA",-0.290880265,172225,-0.238625155,54.2
6384,1,NA,"2016-05-01","S",111,110,"BrM","ABX",1,470.958333333333,470.958333333333,"2015-01-16","2015-01-16",NA,NA,2016,2015,2015,269,252,4,4,NA,"N",61.7738132095029,2945,2052,1042.513256323,3.570935273,1,22,0.234318887,15.5,"S","DJW","B","P","P",0,"Non-primary",0,0,35,1,"A",-0.305408461,148225,-0.241604817,35.2
6385,1,NA,"2016-08-23","S",616,2,"BrM","ABX",1,583.958333333333,583.958333333333,"2015-01-17","2015-01-17",NA,NA,2016,2015,2015,269,252,3,3,NA,"N",40.1442371137126,1172,3216,1042.513256323,3.570935273,1,60,-0.351067889,14.5,"S","TC","B","D","P",0,"Primary",0,0,79,1,"A",0.319303953,2805625,0.088318315,79.1
6546,1,NA,"2016-05-01","S",75,39,"BrF","OFL",1,223.958333333333,223.958333333333,"2015-09-20","2015-09-20",NA,NA,2016,2015,2015,269,252,3,2,NA,"N",58.5867745847986,2356,1340,1042.513256323,3.570935273,0,67,0.052333172,15.80000019,"S","TC","G","D","P",0,"Primary",0,0,77,1,"A",0.199204202,2036329,-0.007191787,77.1
6549,0,0,NA,NA,20,NA,NA,NA,NA,NA,NA,"2015-05-07","2015-05-07",0,0,NA,2015,2015,330,267,6,5,NA,"N",NA,NA,NA,1167.56180546,3.987349657,0,3,-0.607235049,13.5,"S","DJW","B","P","P",0,"Non-primary",0,0,35,1,"SA",-0.359162785,75076,-0.250686456,35.2
6552,1,NA,"2015-12-01","W",58,127,"ABX","CH",2,206,206,"2015-05-09","2015-05-09",NA,NA,2015,2015,2015,330,267,5,4,NA,"N",62.6049564606313,2245,2198,1167.56180546,3.987349657,1,34,0.190939397,16,"S","DJW","B","P","P",0,"Non-primary",0,0,37,1,"SA",-0.359162785,75076,-0.250686456,37.2
6554,1,NA,"2016-06-28","S",83,58,"BrF","OFL",1,275.958333333333,275.958333333333,"2015-09-26","2015-09-26",NA,NA,2016,2015,2015,269,255,4,2,NA,"N",573.182783912286,1780,2206,1042.513256323,3.570935273,0,91,-0.423878602,14.5,"S","LJR","B","P","P",0,"Non-primary",0,0,40,1,"JUV",-0.425508212,18769,-0.257677117,40.2
6556,1,NA,"2015-12-01","W",99,88,"ABX","CH",2,203,203,"2015-05-12","2015-05-12",NA,NA,2015,2015,2015,330,267,4,3,NA,"N",67.2300571150102,1562,2506,1167.56180546,3.987349657,1,22,-0.302527413,14.5,"S","LJR","B","P","P",0,"Non-primary",0,0,40,1,"SA",-0.359162785,75076,-0.250686456,40.2
6557,1,NA,"2016-11-28","W",36,32,"BrM","AB",1,428,428,"2015-09-27","2015-09-27",NA,NA,2016,2015,2015,269,255,3,3,NA,"N",78.5125956754069,3419,1354,1042.513256323,3.570935273,1,24,-0.612637777,14,"S","DJW","B","P","P",0,"Non-primary",0,0,41,1,"JUV",-0.425508212,18769,-0.257677117,41.2
6560,0,0,NA,NA,165,NA,NA,NA,NA,NA,NA,"2015-09-29","2015-09-29",0,0,NA,2015,2015,269,252,4,4,NA,"N",NA,NA,NA,1042.513256323,3.570935273,1,46,-0.917345413,13,"S","DJW","B","P","P",0,"Non-primary",0,0,43,1,"JUV",-0.425508212,18769,-0.257677117,43.2
6563,1,NA,"2017-02-03","W",24,746,"BrM","ABX",1,406,406,"2015-12-25","2015-12-25",NA,NA,2017,2015,2015,269,255,4,4,NA,"N",120.044866085303,2518,1255,1042.513256323,3.570935273,1,47,0.142398922,16,"S","DJW","B","P","P",0,"Non-primary",0,0,48,1,"JUV",-0.465218613,3025,-0.259631776,48.2
6564,0,0,NA,NA,81,NA,NA,NA,NA,NA,NA,"2015-10-05","2015-10-05",0,0,NA,2015,2015,269,252,3,3,NA,"N",NA,NA,NA,1042.513256323,3.570935273,0,25,0.234077145,16.5,"S","LJR","B","P","P",0,"Non-primary",0,0,49,1,"JUV",-0.425508212,18769,-0.257677117,49.2
6565,1,NA,"2015-08-19","S",154,663,"BrM","CH",1,180.958333333333,180.958333333333,"2015-02-19","2015-02-19",NA,NA,2015,2015,2015,364,338,6,5,NA,"N",84.3030480246711,1539,1498,1167.56180546,3.987349657,1,80,0.379698572,16.5,"S","LJR","B","P","P",0,"Primary",0,0,49,1,"A",-0.315093925,133225,-0.243467106,49.2
6566,1,NA,"2015-08-19","S",160,154,"BrM","CH",1,180.958333333333,180.958333333333,"2015-02-19","2015-02-19",NA,NA,2015,2015,2015,364,338,5,5,NA,"N",134.820482494315,2504,1539,1167.56180546,3.987349657,1,37,0.89743562,18,"S","DJW","B","P","P",0,"Primary",0,0,49,1,"A",-0.315093925,133225,-0.243467106,49.2
6568,1,NA,"2016-11-28","W",605,60,"BrF","AB",1,418,418,"2015-10-07","2015-10-07",NA,NA,2016,2015,2015,269,255,6,4,NA,"N",317.337015172256,2378,2583,1042.513256323,3.570935273,0,0,-0.302527413,14.5,"C","LJR","B","P","P",0,"Non-primary",0,0,51,1,"JUV",-0.425508212,18769,-0.257677117,51.2
6571,0,0,NA,NA,13,NA,NA,NA,NA,NA,NA,"2015-10-11","2015-10-11",1,1,NA,2015,2015,353,306,6,4,NA,"N",NA,NA,NA,498.689180037,2.708627279,0,18,0.074990936,15.5,"C","LJR","B","P","P",0,"Non-primary",0,0,55,1,"JUV",-0.425508212,18769,-0.257677117,55.2
6645,1,NA,"2017-04-27","W",27,12,"BrM","ABX",1,425.958333333333,425.958333333333,"2016-02-26","2016-02-26",NA,NA,2017,2016,2016,263,235,6,5,NA,"N",44.362850449447,1890,1577,2523.364966302,11.27021182,1,23,0.339785771,16.60000038,"S","TC","G","D","P",0,"Primary",1,0,57,1,"A",0.03939405,1203409,-0.110600975,57.2
6660,1,NA,"2016-06-03","S",618,50,"BrF","CH",1,266.958333333333,266.958333333333,"2015-09-10","2015-09-10",NA,NA,2016,2015,2015,330,267,4,3,NA,"N",52.5776583374536,1773,2109,1167.56180546,3.987349657,0,26,0.338172985,16.29999924,"C","DR","B","P","P",0,"Non-primary",0,0,101,1,"A",-0.314609652,133956,-0.243376351,101.1
6673,1,NA,"2017-04-27","W",407,20,"BrF","ABX",1,592.958333333333,592.958333333333,"2015-09-12","2015-09-12",NA,NA,2017,2015,2015,263,235,4,3,NA,"N",65.8255450390912,1955,2953,2523.364966302,11.27021182,0,1,0.225449471,16.39999962,"S","DR","B","P","P",0,"Non-primary",0,0,103,1,"A",-0.314609652,133956,-0.243376351,103.1
6690,1,NA,"2016-11-28","W",126,2,"BrF","CH",1,193,193,"2016-05-19","2016-05-19",NA,NA,2016,2016,2016,269,255,4,4,NA,"N",572.912758044106,2046,3216,1042.513256323,3.570935273,0,23,-0.080870326,15.10000038,"S","TC","G","P","P",0,"Primary",1,1,38,1,"A",-0.010001816,990025,-0.137093154,38.2
6693,1,NA,"2017-11-25","W",481,531,"BrF","H",1,423,423,"2016-09-28","2016-09-28",NA,NA,2017,2016,2016,311,265,4,3,NA,"N",205.924477964617,3210,2257,2523.364966302,11.27021182,0,1,-0.006447452,15.39999962,"P","TJB","G","D","P",0,"Primary",0,0,61,1,"A",0.113972121,1565001,-0.065708386,61.2
6697,1,NA,"2017-08-15","S",13,740,"BrM","ABX",1,321.958333333333,321.958333333333,"2016-09-27","2016-09-27",NA,NA,2017,2016,2016,311,265,7,6,NA,"N",130.243177004594,2069,2128,2523.364966302,11.27021182,1,0,0.577085421,17.10000038,"C","TC","G","D","P",0,"Primary",1,0,55,1,"A",-0.065208959,776161,-0.163644927,55.2
6764,1,NA,"2018-05-01","S",57,123,"BrF","ABX",1,293.958333333333,293.958333333333,"2017-07-11","2017-07-11",NA,NA,2018,2017,2017,298,283,5,5,NA,"N",195.803351170737,1920,2174,498.689180037,2.708627279,0,2,-0.170936389,14.89999962,"S","TC","G","P","P",0,"Primary",1,1,37,1,"A",-0.212912282,331776,-0.218816483,37.2
6777,0,0,NA,NA,616,NA,NA,NA,NA,NA,NA,"2017-07-18","2017-07-08",1,1,NA,2017,2017,292,285,7,5,NA,"N",NA,NA,NA,1101.621812431,4.15266459,1,127,0.801699862,17.39999962,"S","TC","G","D","P",183,"Non-primary",0,0,70,2,"A",-0.127195927,567009,-0.189611693,70.1
6777,0,0,NA,NA,616,NA,NA,NA,NA,NA,NA,"2017-07-18","2017-07-08",1,1,NA,2017,2017,292,285,7,5,NA,"N",NA,NA,NA,1101.621812431,4.15266459,1,0,0.801699862,16.39999962,"S","TC","G","P","P",0,"Non-primary",1,1,38,1,"A",-0.215817921,324900,-0.219670156,38.2
6777,0,0,NA,NA,616,NA,NA,NA,NA,NA,NA,"2017-07-18","2017-07-08",1,1,NA,2017,2017,292,285,7,5,NA,"N",NA,NA,NA,1101.621812431,4.15266459,1,57,0.84770006,17.20000076,"C","TC","G","D","P",7,"Non-primary",0,0,77,3,"A",-0.123806015,577600,-0.188296793,77.1
6780,1,NA,"2019-02-07","W",94,765,"BrF","AB",1,571,609,"2017-07-16","2017-06-08",NA,NA,2019,2017,2017,341,317,3,2,NA,"N",38.6559847403995,2220,1331,1101.621812431,4.15266459,0,6,-0.489674114,14.30000019,"S","TJB","G","D","P",0,"Primary",0,0,70,1,"A",-0.022592919,938961,-0.143432883,70.2
6831,1,NA,"2019-11-29","W",172,740,"BrM","ABX",1,794,900,"2017-09-26","2017-06-12",NA,NA,2019,2017,2017,292,285,5,4,NA,"N",44.9349860736851,2174,1887,1101.621812431,4.15266459,1,0,-0.127798641,15.39999962,"S","TC","G","D","P",0,"Non-primary",1,1,52,1,"A",-0.24293722,264196,-0.227206716,52.2
6836,1,NA,"2018-11-21","W",617,68,"BrF","ABX",1,418,418,"2017-09-29","2017-09-29",NA,NA,2018,2017,2017,353,306,4,3,NA,"N",142.255777842901,2287,1698,498.689180037,2.708627279,0,5,-0.113768239,15,"S","TC","G","P","P",0,"Primary",1,1,42,1,"A",-0.249232771,251001,-0.228844909,42.2
6857,1,NA,"2018-05-01","S",1,739,"ABX","CH",2,82.9583333333333,82.9583333333333,"2018-02-07","2018-02-07",NA,NA,2018,2018,2018,298,283,3,3,NA,"N",25.7694101601104,1477,1064,498.689180037,2.708627279,1,45,0.02645046,15.5,"S","TJB","G","D","P",0,"Non-primary",0,0,68,1,"A",-0.123321742,579121,-0.188107956,68.2
6859,0,0,NA,NA,2,NA,NA,NA,NA,NA,NA,"2018-02-06","2018-01-27",1,1,NA,2018,2018,260,255,4,4,NA,"N",NA,NA,NA,1101.6218,2.024101324,1,6,-0.105140564,15.10000038,"P","MAD","G","D","P",0,"Non-primary",0,0,62,1,"A",-0.125743108,571536,-0.189049654,62.2
6863,1,NA,"2020-02-17","W",746,26,"BrM","ABX",1,648,623,"2018-05-10","2018-06-04",NA,NA,2020,2018,2018,260,255,3,3,NA,"N",69.5353158923579,1829,2197,1101.6218,2.024101324,1,14,-0.292287578,14.89999962,"S","TC","G","D","P",0,"Non-primary",1,1,52,1,"SA",-0.35238296,82944,-0.249709624,52.2
6865,1,NA,"2019-07-24","S",43,28,"BrM","ABX",1,436.958333333333,436.958333333333,"2018-05-13","2018-05-13",NA,NA,2019,2018,2018,292,285,5,3,NA,"N",122.744796860193,2100,1594,1101.621812431,4.15266459,1,0,-0.283659903,15,"S","TC","G","P","P",0,"Non-primary",1,1,41,1,"SA",-0.359162785,75076,-0.250686456,41.2
6877,1,NA,"2019-06-17","S",481,20,"BrM","ABX",1,368.958333333333,335.958333333333,"2018-06-13","2018-07-16",NA,NA,2019,2018,2018,292,285,5,4,NA,"N",50.6126528152793,2345,2760,1101.621812431,4.15266459,1,57,0.074990936,15.5,"C","TC","G","D","P",0,"Non-primary",1,0,55,1,"SA",-0.367395429,66049,-0.251807182,55.2
6884,0,0,NA,NA,47,NA,NA,NA,NA,NA,NA,"2017-11-20","2017-11-20",1,1,NA,2017,2017,260,255,8,7,NA,"N",NA,NA,NA,1101.6218,2.024101324,1,23,-0.39098069,14.60000038,"S","TC","G","D","P",0,"Non-primary",1,1,50,1,"A",-0.270540791,208849,-0.23407819,50.2
6886,0,0,NA,NA,58,NA,NA,NA,NA,NA,NA,"2018-08-06","2018-08-06",1,1,NA,2018,2018,260,255,5,5,NA,"N",NA,NA,NA,1101.6218,2.024101324,1,66,0.469764635,16.70000076,"S","TC","G","P","P",0,"Non-primary",1,0,39,1,"SA",-0.401294552,34969,-0.255665845,39.2
6900,1,NA,"2019-02-07","W",15,172,"BrM","ABX",1,427,427,"2017-12-07","2017-12-07",NA,NA,2019,2017,2017,341,317,3,3,NA,"N",48.6901496551664,2122,2229,1101.621812431,4.15266459,1,31,0.438478883,16.89999962,"S","TC","G","D","P",0,"Primary",1,0,62,1,"A",-0.272962157,204304,-0.234642463,62.2
6909,0,0,NA,NA,8,NA,NA,NA,NA,NA,NA,"2017-12-12","2017-12-12",1,1,NA,2017,2017,260,255,3,3,NA,"N",NA,NA,NA,1101.6218,2.024101324,0,10,-0.368322926,14.30000019,"S","TJB","G","D","P",0,"Non-primary",0,0,62,1,"A",-0.098623809,659344,-0.178148062,62.2
6926,0,0,NA,NA,20,NA,NA,NA,NA,NA,NA,"2018-07-26","2018-07-26",1,1,NA,2018,2018,292,285,8,7,NA,"N",NA,NA,NA,1101.621812431,4.15266459,0,52,-0.179563751,14.80000019,"S","MAD","G","D","P",0,"Non-primary",0,0,68,1,"A",-0.205163911,350464,-0.216496319,68.2
7071,0,0,NA,NA,24,NA,NA,NA,NA,NA,NA,"2018-09-15","2018-08-11",1,1,NA,2018,2018,260,255,4,4,NA,"N",NA,NA,NA,1101.6218,2.024101324,1,30,0.092245973,15.69999981,"S","MAD","G","D","P",0,"Non-primary",0,0,65,1,"A",-0.231314663,289444,-0.224072111,65.2
7074,0,0,NA,NA,16,NA,NA,NA,NA,NA,NA,"2018-09-13","2018-08-08",0,0,NA,2018,2018,341,317,3,2,NA,"N",NA,NA,NA,1101.621812431,4.15266459,1,0,0.175296834,16.10000038,"C","TC","G","D","P",0,"Non-primary",1,0,56,1,"JUV",-0.411464289,27556,-0.256586188,56.2
7077,0,0,NA,NA,72,NA,NA,NA,NA,NA,NA,"2018-09-25","2018-09-25",0,0,NA,2018,2018,341,317,4,3,NA,"N",NA,NA,NA,1101.621812431,4.15266459,0,33,-0.579739864,14.10000038,"S","TC","G","P","P",0,"Non-primary",1,1,39,1,"JUV",-0.425508212,18769,-0.257677117,39.2
7079,0,0,NA,NA,516,NA,NA,NA,NA,NA,NA,"2018-09-30","2018-06-21",0,0,NA,2018,2018,341,317,3,2,NA,"N",NA,NA,NA,1101.621812431,4.15266459,0,5,-0.827279663,13.19999981,"S","TC","G","P","P",0,"Non-primary",1,1,44,1,"JUV",-0.425508212,18769,-0.257677117,44.2
7084,0,0,NA,NA,3,NA,NA,NA,NA,NA,NA,"2018-05-06","2018-05-06",1,1,NA,2018,2018,292,285,9,9,NA,"N",NA,NA,NA,1101.621812431,4.15266459,1,96,0.535559834,16.89999962,"S","TJB","G","D","P",0,"Non-primary",0,0,65,1,"A",-0.167390602,448900,-0.204275233,65.2
7086,0,0,NA,NA,2,NA,NA,NA,NA,NA,NA,"2018-05-10","2018-08-09",1,1,NA,2018,2018,292,285,6,5,NA,"N",NA,NA,NA,1101.621812431,4.15266459,0,0,-0.361307725,14.10000038,"S","TC","G","P","P",0,"Non-primary",1,1,38,1,"SA",-0.359162785,75076,-0.250686456,38.2
7091,0,0,NA,NA,58,NA,NA,NA,NA,NA,NA,"2018-10-03","2018-10-03",1,1,NA,2018,2018,260,255,5,5,NA,"N",NA,NA,NA,1101.6218,2.024101324,0,4,1.119092707,18.60000038,"T","TC","G","D","P",0,"Non-primary",1,1,47,1,"JUV",-0.425508212,18769,-0.257677117,47.2
7094,1,NA,"2019-04-24","W",111,746,"H","ABX",2,331.958333333333,322.958333333333,"2018-05-27","2018-06-05",NA,NA,2019,2018,2018,341,317,3,3,NA,"N",129.463209663016,1105,1829,1101.621812431,4.15266459,0,30,-0.506929151,14.10000038,"C","TC","G","D","P",0,"Non-primary",1,0,55,1,"SA",-0.359162785,75076,-0.250686456,55.2
7096,0,0,NA,NA,53,NA,NA,NA,NA,NA,NA,"2018-10-16","2018-08-10",0,0,NA,2018,2018,292,285,7,6,NA,"N",NA,NA,NA,1101.621812431,4.15266459,0,2,-0.983140925,12.80000019,"S","TC","G","D","P",0,"Non-primary",1,0,60,1,"SA",-0.425508212,18769,-0.257677117,60.2
7097,0,0,NA,NA,45,NA,NA,NA,NA,NA,NA,"2018-10-15","2018-07-11",0,0,NA,2018,2018,341,317,6,4,NA,"N",NA,NA,NA,1101.621812431,4.15266459,1,0,0.158041485,15.89999962,"S","TC","G","D","P",0,"Non-primary",1,0,59,1,"JUV",-0.425508212,18769,-0.257677117,59.2
7116,0,0,NA,NA,618,NA,NA,NA,NA,NA,NA,"2019-05-13","2019-05-13",0,0,NA,2019,2019,260,255,8,8,NA,"N",NA,NA,NA,1101.6218,2.024101324,NA,4,-0.925973087,12.89999962,"S","SW","G","D","P",0,"Non-primary",0,0,65,1,"A",-0.347540228,88804,-0.248982089,65.2
7131,0,0,NA,NA,179,NA,NA,NA,NA,NA,NA,"2019-06-04","2019-06-04",0,0,NA,2019,2019,260,255,4,3,NA,"N",NA,NA,NA,1101.6218,2.024101324,NA,0,0.036690296,15.89999962,"S","TJB","G","D","P",0,"Non-primary",0,0,63,1,"SA",-0.359162785,75076,-0.250686456,63.2
7132,0,0,NA,NA,109,NA,NA,NA,NA,NA,NA,"2019-06-02","2019-06-02",0,0,NA,2019,2019,260,255,NA,NA,NA,"N",NA,NA,NA,1101.6218,2.024101324,NA,53,-0.3769506,14.19999981,"P","SW","G","D","P",0,"Non-primary",0,0,61,1,"SA",-0.359162785,75076,-0.250686456,61.2
7133,0,0,NA,NA,55,NA,NA,NA,NA,NA,NA,"2019-06-03","2019-06-03",0,0,NA,2019,2019,260,255,4,3,NA,"N",NA,NA,NA,1101.6218,2.024101324,NA,0,0.053945645,16.10000038,"P","MAD","G","D","P",0,"Non-primary",0,0,62,1,"SA",-0.359162785,75076,-0.250686456,62.2
