"BirdID","EnvironmentScore","OccasionDate","LastFPIDNatal","SecondLastFPIDNatal","NatalTerritory","SecondLastFPIDNatalPeriodStart","SecondLastFPIDNatalPeriodEnd","LastFPIDNatalPeriodStart","LastFPIDNatalPeriodEnd","Disperse","Prior_dispersal","Method","DispersalDate","DispersalMonth","DispersalMonth2","Status2","FieldPeriodID","PeriodStart","PeriodEnd","TerritoryID","Status","NatalStatus","NatalStatus2"
1494,6,2010-08-28,28,27,137,"1999-04-09","1999-05-04","1999-07-02","1999-09-26",1,"0","E","2000-08-12","Aug","S",1,40,"2001-06-29","2001-07-26",140,"BrM","CH",2
1605,16,2012-06-17,40,39,40,"2000-07-25","2000-08-13","2001-06-29","2001-07-26",1,"0","E","2002-01-17","Jan","W",1,41,"2002-07-11","2002-10-02",8,"BrF","ABX",2
1607,6,2010-08-31,41,40,40,"2001-06-29","2001-07-26","2002-07-11","2002-10-02",1,"0","E","2003-05-08","May","S",1,31,"2003-12-12","2004-01-14",13,"BrM","ABX",2
1669,6,2012-07-14,40,39,30,"2000-07-25","2000-08-13","2001-06-29","2001-07-26",1,"0","E","2002-07-01","Jul","S",1,30,"2003-06-06","2003-09-02",68,"BrF","CH",2
1698,5,2010-07-21,32,31,54,"2003-12-12","2004-01-14","2004-05-17","2004-05-29",1,"0","E","2004-05-29","May","S",1,34,"2004-05-30","2004-09-02",51,"BrM","ABX",2
1707,13,2010-08-06,41,40,66,"2001-06-29","2001-07-26","2002-07-11","2002-10-02",1,"0","E","2003-02-02","Feb","W",1,30,"2003-06-06","2003-09-02",77,"BrF","ABX",2
1710,44,2012-01-31,32,31,171,"2003-12-12","2004-01-14","2004-05-17","2004-05-29",1,"0","E","2004-05-29","May","S",1,34,"2004-05-30","2004-09-02",77,"BrM","ABX",2
1722,9,2012-02-02,40,39,125,"2000-07-25","2000-08-13","2001-06-29","2001-07-26",1,"0","E","2002-01-17","Jan","W",1,41,"2002-07-11","2002-10-02",90,"BrM","CH",2
1729,28,2012-01-31,40,39,47,"2000-07-25","2000-08-13","2001-06-29","2001-07-26",1,"0","E","2002-01-17","Jan","W",1,41,"2002-07-11","2002-10-02",20,"BrM","CH",2
1731,6,2012-02-13,32,31,80,"2003-12-12","2004-01-14","2004-05-17","2004-05-29",1,"0","E","2004-05-29","May","S",1,34,"2004-05-30","2004-09-02",112,"BrM","ABX",2
1750,52,2010-08-31,31,30,7,"2003-06-06","2003-09-02","2003-12-12","2004-01-14",1,"0","E","2004-03-16","Mar","W",1,32,"2004-05-17","2004-05-29",1,"BrM","B",2
1763,14,2013-09-26,41,40,17,"2001-06-29","2001-07-26","2002-07-11","2002-10-02",1,"0","E","2003-02-02","Feb","W",1,30,"2003-06-06","2003-09-02",3,"BrF","CH",2
1801,12,2012-06-28,31,30,137,"2003-06-06","2003-09-02","2003-12-12","2004-01-14",1,"0","E","2004-07-01","Jul","S",1,35,"2004-12-18","2005-01-12",138,"BrM","ABX",2
1819,121,2011-12-14,90,87,79,"2008-07-10","2008-09-07","2008-12-30","2009-03-03",1,"0","E","2009-04-20","Apr","W",1,92,"2009-06-08","2009-09-18",171,"BrM","ABX",2
1821,20,2013-01-30,41,40,139,"2001-06-29","2001-07-26","2002-07-11","2002-10-02",1,"0","E","2003-02-02","Feb","W",1,30,"2003-06-06","2003-09-02",54,"BrF","CH",2
1824,0,2010-08-08,87,85,22,"2008-01-08","2008-02-21","2008-07-10","2008-09-07",1,"0","E","2008-11-03","Nov","W",1,90,"2008-12-30","2009-03-03",36,"BrF","ABX",2
1852,42,2010-07-10,32,31,23,"2003-12-12","2004-01-14","2004-05-17","2004-05-29",1,"0","P","2004-06-02","Jun","S",1,34,"2004-05-30","2004-09-02",76,"BrF","ABX",2
1864,7,2012-02-13,32,31,30,"2003-12-12","2004-01-14","2004-05-17","2004-05-29",1,"0","E","2004-05-29","May","S",1,34,"2004-05-30","2004-09-02",34,"BrF","ABX",2
1869,53,2014-02-10,35,34,83,"2004-05-30","2004-09-02","2004-12-18","2005-01-12",1,"0","E","2005-03-20","Mar","W",1,37,"2005-05-26","2005-09-11",154,"BrM","ABX",2
2966,10,2012-02-07,34,32,8,"2004-05-17","2004-05-29","2004-05-30","2004-09-02",1,"0","E","2005-01-13","Jan","W",1,37,"2005-05-26","2005-09-11",24,"BrM","OFL",2
2978,27,2012-02-11,30,41,82,"2002-07-11","2002-10-02","2003-06-06","2003-09-02",1,"0","E","2004-01-09","Jan","W",1,32,"2004-05-17","2004-05-29",86,"BrF","CH",2
2986,32,2013-09-26,35,34,69,"2004-05-30","2004-09-02","2004-12-18","2005-01-12",1,"0","E","2005-03-20","Mar","W",1,37,"2005-05-26","2005-09-11",82,"BrF","ABX",2
2990,15,2010-08-17,54,37,63,"2005-05-26","2005-09-11","2005-11-11","2005-12-11",1,"0","E","2006-03-12","Mar","W",1,75,"2006-06-12","2006-09-02",48,"BrM","ABX",2
2991,43,2013-02-20,34,32,83,"2004-05-17","2004-05-29","2004-05-30","2004-09-02",1,"0","E","2005-01-13","Jan","W",1,37,"2005-05-26","2005-09-11",179,"BrM","ABX",2
3085,15,2010-07-04,75,74,3,"2006-03-15","2006-03-21","2006-06-12","2006-09-02",1,"0","P","2007-06-28","Jun","S",1,82,"2007-06-14","2007-09-16",20,"BrF","H",2
3087,29,2012-09-22,54,37,16,"2005-05-26","2005-09-11","2005-11-11","2005-12-11",1,"0","E","2006-03-12","Mar","W",1,75,"2006-06-12","2006-09-02",27,"BrM","ABX",2
3089,20,2012-02-11,35,34,140,"2004-05-30","2004-09-02","2004-12-18","2005-01-12",1,"0","E","2005-09-27","Sep","S",1,75,"2006-06-12","2006-09-02",86,"BrM","FL",2
3094,5,2013-01-30,54,37,128,"2005-05-26","2005-09-11","2005-11-11","2005-12-11",1,"0","E","2006-03-12","Mar","W",1,75,"2006-06-12","2006-09-02",53,"BrF","ABX",2
3453,5,2012-06-27,34,32,56,"2004-05-17","2004-05-29","2004-05-30","2004-09-02",1,"0","E","2005-01-13","Jan","W",1,37,"2005-05-26","2005-09-11",60,"BrF","CH",2
3456,6,2012-02-23,54,37,109,"2005-05-26","2005-09-11","2005-11-11","2005-12-11",1,"0","E","2006-03-12","Mar","W",1,75,"2006-06-12","2006-09-02",38,"BrM","ABX",2
3462,93,2013-02-24,54,37,101,"2005-05-26","2005-09-11","2005-11-11","2005-12-11",1,"0","E","2006-03-12","Mar","W",1,75,"2006-06-12","2006-09-02",40,"BrF","ABX",2
3486,2,2013-08-06,77,75,1,"2006-06-12","2006-09-02","2007-01-06","2007-01-29",1,"0","P","2007-06-18","Jun","S",1,82,"2007-06-14","2007-09-16",116,"BrM","ABX",2
3490,3,2012-02-09,54,37,28,"2005-05-26","2005-09-11","2005-11-11","2005-12-11",1,"0","P","2006-07-07","Jul","S",1,75,"2006-06-12","2006-09-02",27,"BrF","ABX",2
3497,3,2010-09-02,54,37,1,"2005-05-26","2005-09-11","2005-11-11","2005-12-11",1,"0","P","2006-07-18","Jul","S",1,75,"2006-06-12","2006-09-02",32,"BrF","ABX",2
3518,95,2013-07-09,54,37,28,"2005-05-26","2005-09-11","2005-11-11","2005-12-11",1,"0","E","2006-03-12","Mar","W",1,75,"2006-06-12","2006-09-02",101,"BrF","OFL",2
3519,34,2010-07-06,75,74,27,"2006-03-15","2006-03-21","2006-06-12","2006-09-02",1,"0","E","2006-11-04","Nov","W",1,77,"2007-01-06","2007-01-29",12,"BrM","ABX",2
3567,7,2012-09-16,54,37,58,"2005-05-26","2005-09-11","2005-11-11","2005-12-11",1,"0","E","2006-03-12","Mar","W",1,75,"2006-06-12","2006-09-02",83,"BrF","ABX",2
3594,5,2012-02-08,77,75,5,"2006-06-12","2006-09-02","2007-01-06","2007-01-29",1,"0","E","2007-04-07","Apr","W",1,82,"2007-06-14","2007-09-16",172,"BrF","ABX",2
3595,0,2012-09-24,54,37,95,"2005-05-26","2005-09-11","2005-11-11","2005-12-11",1,"0","E","2006-03-12","Mar","W",1,75,"2006-06-12","2006-09-02",90,"BrF","FL",2
3606,16,2012-02-03,77,75,179,"2006-06-12","2006-09-02","2007-01-06","2007-01-29",1,"0","E","2007-04-07","Apr","W",2,82,"2007-06-14","2007-09-16",100,"ABX","ABX",2
3608,12,2012-06-29,54,37,1,"2005-05-26","2005-09-11","2005-11-11","2005-12-11",1,"0","P","2006-07-25","Jul","S",1,75,"2006-06-12","2006-09-02",50,"BrF","OFL",2
3643,12,2013-08-28,54,37,113,"2005-05-26","2005-09-11","2005-11-11","2005-12-11",1,"0","P","2006-07-19","Jul","S",1,75,"2006-06-12","2006-09-02",109,"BrM","FL",2
3694,4,2013-08-22,35,34,69,"2004-05-30","2004-09-02","2004-12-18","2005-01-12",1,"0","E","2005-06-12","Jun","S",1,54,"2005-11-11","2005-12-11",123,"BrF","CH",2
3699,16,2013-07-02,77,75,55,"2006-06-12","2006-09-02","2007-01-06","2007-01-29",1,"0","E","2007-04-07","Apr","W",1,82,"2007-06-14","2007-09-16",169,"BrF","ABX",2
4803,2,2013-08-05,75,74,63,"2006-03-15","2006-03-21","2006-06-12","2006-09-02",1,"0","E","2006-11-04","Nov","W",1,77,"2007-01-06","2007-01-29",121,"BrF","H",2
4860,58,2013-02-14,75,74,54,"2006-03-15","2006-03-21","2006-06-12","2006-09-02",1,"0","E","2007-05-06","May","S",1,85,"2008-01-08","2008-02-21",480,"BrM","H",2
4861,11,2012-07-07,85,82,75,"2007-06-14","2007-09-16","2008-01-08","2008-02-21",1,"0","E","2008-07-26","Jul","S",1,90,"2008-12-30","2009-03-03",159,"BrF","ABX",2
4885,5,2013-07-13,77,75,20,"2006-06-12","2006-09-02","2007-01-06","2007-01-29",1,"0","E","2007-07-20","Jul","S",1,85,"2008-01-08","2008-02-21",155,"BrF","ABX",2
4887,36,2010-07-16,90,87,112,"2008-07-10","2008-09-07","2008-12-30","2009-03-03",1,"0","P","2009-07-21","Jul","S",1,92,"2009-06-08","2009-09-18",75,"BrM","ABX",2
4890,24,2012-06-06,90,87,24,"2008-07-10","2008-09-07","2008-12-30","2009-03-03",1,"0","P","2009-01-09","Jan","W",1,90,"2008-12-30","2009-03-03",39,"BrM","ABX",2
4892,46,2010-07-28,82,77,72,"2007-01-06","2007-01-29","2007-06-14","2007-09-16",1,"0","E","2007-11-12","Nov","W",1,85,"2008-01-08","2008-02-21",173,"BrM","ABX",2
4896,7,2010-09-04,77,75,88,"2006-06-12","2006-09-02","2007-01-06","2007-01-29",1,"0","P","2007-07-26","Jul","S",2,82,"2007-06-14","2007-09-16",71,"ABX","ABX",2
4904,36,2013-08-18,87,85,43,"2008-01-08","2008-02-21","2008-07-10","2008-09-07",1,"0","P","2009-01-07","Jan","W",1,90,"2008-12-30","2009-03-03",88,"BrF","AB",2
4933,24,2013-09-18,85,82,60,"2007-06-14","2007-09-16","2008-01-08","2008-02-21",1,"0","E","2008-05-01","May","S",1,87,"2008-07-10","2008-09-07",128,"BrM","ABX",2
4939,12,2010-07-04,82,77,4,"2007-01-06","2007-01-29","2007-06-14","2007-09-16",1,"0","E","2007-11-12","Nov","W",1,85,"2008-01-08","2008-02-21",8,"BrM","ABX",2
4941,28,2012-02-09,85,82,39,"2007-06-14","2007-09-16","2008-01-08","2008-02-21",1,"0","E","2008-05-01","May","S",1,87,"2008-07-10","2008-09-07",33,"BrF","ABX",2
4947,1,2013-02-21,87,85,110,"2008-01-08","2008-02-21","2008-07-10","2008-09-07",1,"0","E","2008-11-03","Nov","W",1,90,"2008-12-30","2009-03-03",81,"BrM","ABX",2
4954,13,2012-02-02,82,77,99,"2007-01-06","2007-01-29","2007-06-14","2007-09-16",1,"0","E","2007-11-12","Nov","W",1,85,"2008-01-08","2008-02-21",92,"BrM","ABX",2
4957,30,2013-07-16,85,82,177,"2007-06-14","2007-09-16","2008-01-08","2008-02-21",1,"0","E","2008-07-26","Jul","S",1,90,"2008-12-30","2009-03-03",165,"BrM","ABX",2
4961,4,2010-08-17,85,82,51,"2007-06-14","2007-09-16","2008-01-08","2008-02-21",1,"0","E","2008-07-26","Jul","S",1,90,"2008-12-30","2009-03-03",481,"BrF","ABX",2
4964,2,2010-08-31,77,75,57,"2006-06-12","2006-09-02","2007-01-06","2007-01-29",1,"0","E","2007-07-20","Jul","S",1,85,"2008-01-08","2008-02-21",13,"BrF","OFL",2
4965,6,2010-08-14,82,77,53,"2007-01-06","2007-01-29","2007-06-14","2007-09-16",1,"0","E","2008-02-12","Feb","W",1,87,"2008-07-10","2008-09-07",127,"BrF","ABX",2
4999,19,2013-09-16,82,77,58,"2007-01-06","2007-01-29","2007-06-14","2007-09-16",1,"0","E","2007-11-12","Nov","W",2,85,"2008-01-08","2008-02-21",45,"H","OFL",2
5000,29,2013-02-08,82,77,135,"2007-01-06","2007-01-29","2007-06-14","2007-09-16",1,"0","E","2008-02-12","Feb","W",1,87,"2008-07-10","2008-09-07",157,"BrM","H",2
5009,0,2019-02-14,75,74,13,"2006-03-15","2006-03-21","2006-06-12","2006-09-02",1,"0","E","2007-01-22","Jan","W",2,82,"2007-06-14","2007-09-16",48,"ABX","CH",2
5072,41,2010-08-17,87,85,47,"2008-01-08","2008-02-21","2008-07-10","2008-09-07",1,"0","E","2008-11-03","Nov","W",1,90,"2008-12-30","2009-03-03",30,"BrM","ABX",2
5163,0,2010-08-17,85,82,36,"2007-06-14","2007-09-16","2008-01-08","2008-02-21",1,"0","E","2008-05-01","May","S",1,87,"2008-07-10","2008-09-07",30,"BrF","ABX",2
5197,31,2010-08-16,87,85,20,"2008-01-08","2008-02-21","2008-07-10","2008-09-07",1,"0","P","2009-07-02","Jul","S",1,92,"2009-06-08","2009-09-18",172,"BrM","CH",2
5217,9,2013-09-05,90,87,125,"2008-07-10","2008-09-07","2008-12-30","2009-03-03",1,"0","E","2009-04-20","Apr","W",2,92,"2009-06-08","2009-09-18",159,"ABX","ABX",2
5235,16,2012-06-11,92,90,68,"2008-12-30","2009-03-03","2009-06-08","2009-09-18",1,"0","E","2010-02-07","Feb","W",1,104,"2010-06-30","2010-09-10",42,"BrM","H",2
5237,3,2010-07-23,92,90,48,"2008-12-30","2009-03-03","2009-06-08","2009-09-18",1,"0","E","2010-02-07","Feb","W",1,104,"2010-06-30","2010-09-10",50,"BrM","H",2
5262,29,2010-08-14,90,87,66,"2008-07-10","2008-09-07","2008-12-30","2009-03-03",1,"0","E","2009-04-20","Apr","W",1,92,"2009-06-08","2009-09-18",479,"BrM","ABX",2
5267,0,2012-09-09,87,85,101,"2008-01-08","2008-02-21","2008-07-10","2008-09-07",1,"0","E","2008-11-03","Nov","W",1,90,"2008-12-30","2009-03-03",2,"BrF","ABX",2
5275,0,2012-06-06,90,87,79,"2008-07-10","2008-09-07","2008-12-30","2009-03-03",1,"0","P","2009-07-12","Jul","S",1,92,"2009-06-08","2009-09-18",515,"BrM","OFL",2
5283,3,2012-09-24,103,92,92,"2009-06-08","2009-09-18","2010-02-12","2010-03-19",1,"0","P","2010-07-17","Jul","S",1,104,"2010-06-30","2010-09-10",88,"BrM","ABX",2
5285,15,2011-10-01,90,87,100,"2008-07-10","2008-09-07","2008-12-30","2009-03-03",1,"0","E","2009-04-20","Apr","W",1,92,"2009-06-08","2009-09-18",85,"BrM","ABX",2
5291,44,2013-02-05,92,90,165,"2008-12-30","2009-03-03","2009-06-08","2009-09-18",1,"0","P","2010-08-16","Aug","S",1,104,"2010-06-30","2010-09-10",129,"BrM","ABX",2
5313,5,2010-07-04,104,103,13,"2010-02-12","2010-03-19","2010-06-30","2010-09-10",1,"1","E","2011-02-01","Feb","W",1,105,"2011-06-25","2011-10-02",86,"BrF","H",2
5319,18,2012-02-08,92,90,134,"2008-12-30","2009-03-03","2009-06-08","2009-09-18",1,"0","E","2010-02-07","Feb","W",1,104,"2010-06-30","2010-09-10",69,"BrF","OFL",2
5321,12,2013-09-02,92,90,60,"2008-12-30","2009-03-03","2009-06-08","2009-09-18",1,"0","E","2010-02-07","Feb","W",1,104,"2010-06-30","2010-09-10",57,"BrM","OFL",2
5323,28,2010-08-14,92,90,135,"2008-12-30","2009-03-03","2009-06-08","2009-09-18",1,"0","E","2010-02-07","Feb","W",1,104,"2010-06-30","2010-09-10",127,"BrF","OFL",2
5333,2,2010-09-02,92,90,28,"2008-12-30","2009-03-03","2009-06-08","2009-09-18",1,"0","E","2010-02-07","Feb","W",1,104,"2010-06-30","2010-09-10",168,"BrM","FL",2
5334,2,2012-07-14,103,92,125,"2009-06-08","2009-09-18","2010-02-12","2010-03-19",1,"0","E","2010-05-09","May","S",1,104,"2010-06-30","2010-09-10",72,"BrM","ABX",2
5338,11,2012-07-07,103,92,178,"2009-06-08","2009-09-18","2010-02-12","2010-03-19",1,"0","E","2010-05-09","May","S",1,104,"2010-06-30","2010-09-10",155,"BrM","ABX",2
5339,0,2010-08-08,105,104,9,"2010-06-30","2010-09-10","2011-06-25","2011-10-02",1,"1","P","2011-08-12","Aug","S",1,105,"2011-06-25","2011-10-02",481,"BrF","H",2
5450,15,2010-07-21,103,92,27,"2009-06-08","2009-09-18","2010-02-12","2010-03-19",1,"0","E","2010-05-09","May","S",1,104,"2010-06-30","2010-09-10",51,"BrF","ABX",2
5456,1,2010-08-28,103,92,77,"2009-06-08","2009-09-18","2010-02-12","2010-03-19",1,"0","P","2010-07-28","Jul","S",1,104,"2010-06-30","2010-09-10",134,"BrM","ABX",2
5462,5,2010-09-01,104,103,4,"2010-02-12","2010-03-19","2010-06-30","2010-09-10",1,"1","E","2011-02-01","Feb","W",1,105,"2011-06-25","2011-10-02",12,"BrM","ABX",2
5497,8,2010-08-26,103,92,98,"2009-06-08","2009-09-18","2010-02-12","2010-03-19",1,"0","E","2010-05-09","May","S",1,104,"2010-06-30","2010-09-10",100,"BrM","ABX",2
5498,0,2012-06-21,104,103,134,"2010-02-12","2010-03-19","2010-06-30","2010-09-10",1,"0","E","2011-02-01","Feb","W",1,105,"2011-06-25","2011-10-02",160,"BrM","ABX",2
5508,8,2010-07-13,92,90,48,"2008-12-30","2009-03-03","2009-06-08","2009-09-18",1,"0","E","2010-02-07","Feb","W",1,104,"2010-06-30","2010-09-10",68,"BrM","CH",2
5511,6,2010-07-06,104,103,15,"2010-02-12","2010-03-19","2010-06-30","2010-09-10",1,"1","E","2011-02-01","Feb","W",1,105,"2011-06-25","2011-10-02",178,"BrF","OFL",2
5513,6,2012-06-08,104,103,46,"2010-02-12","2010-03-19","2010-06-30","2010-09-10",1,"0","E","2011-02-01","Feb","W",1,105,"2011-06-25","2011-10-02",47,"BrM","AB",2
5514,10,2010-07-11,104,103,43,"2010-02-12","2010-03-19","2010-06-30","2010-09-10",1,"1","E","2011-02-01","Feb","W",1,105,"2011-06-25","2011-10-02",57,"BrF","AB",2
5516,20,2010-07-10,104,103,34,"2010-02-12","2010-03-19","2010-06-30","2010-09-10",1,"1","E","2011-02-01","Feb","W",1,105,"2011-06-25","2011-10-02",112,"BrF","ABX",2
5518,45,2010-07-03,104,103,478,"2010-02-12","2010-03-19","2010-06-30","2010-09-10",1,"1","E","2011-02-01","Feb","W",1,105,"2011-06-25","2011-10-02",134,"BrF","AB",2
5519,5,2010-07-04,92,90,490,"2008-12-30","2009-03-03","2009-06-08","2009-09-18",1,"0","E","2010-02-07","Feb","W",2,104,"2010-06-30","2010-09-10",8,"ABX","CH",2
5521,19,2010-07-06,104,103,13,"2010-02-12","2010-03-19","2010-06-30","2010-09-10",1,"1","E","2011-02-01","Feb","W",1,105,"2011-06-25","2011-10-02",96,"BrF","AB",2
5522,12,2012-02-16,104,103,58,"2010-02-12","2010-03-19","2010-06-30","2010-09-10",1,"0","E","2011-02-01","Feb","W",1,105,"2011-06-25","2011-10-02",126,"BrM","ABX",2
5523,14,2012-06-27,104,103,58,"2010-02-12","2010-03-19","2010-06-30","2010-09-10",1,"0","E","2011-02-01","Feb","W",1,105,"2011-06-25","2011-10-02",60,"BrM","ABX",2
5525,0,2012-06-08,92,90,30,"2008-12-30","2009-03-03","2009-06-08","2009-09-18",1,"0","E","2010-02-07","Feb","W",2,104,"2010-06-30","2010-09-10",47,"AB","CH",2
5530,34,2010-07-27,104,103,172,"2010-02-12","2010-03-19","2010-06-30","2010-09-10",1,"1","E","2011-02-01","Feb","W",1,105,"2011-06-25","2011-10-02",82,"BrF","ABX",2
5533,0,2010-07-23,104,103,51,"2010-02-12","2010-03-19","2010-06-30","2010-09-10",1,"1","E","2011-02-01","Feb","W",1,105,"2011-06-25","2011-10-02",481,"TBRF","OFL",2
5534,1,2010-07-22,105,104,86,"2010-06-30","2010-09-10","2011-06-25","2011-10-02",1,"1","E","2011-11-27","Nov","W",1,112,"2012-01-22","2012-02-28",140,"BrF","ABX",2
5536,2,2010-07-26,125,124,3,"2014-01-19","2014-03-04","2014-06-16","2014-10-04",1,"1","P","2011-07-18","Jul","S",1,105,"2011-06-25","2011-10-02",490,"BrF","H",2
5537,2,2010-07-23,104,103,68,"2010-02-12","2010-03-19","2010-06-30","2010-09-10",1,"1","E","2011-02-01","Feb","W",1,105,"2011-06-25","2011-10-02",81,"BrF","ABX",2
5539,7,2010-08-17,104,103,481,"2010-02-12","2010-03-19","2010-06-30","2010-09-10",1,"1","E","2011-02-01","Feb","W",1,105,"2011-06-25","2011-10-02",14,"BrM","H",2
5542,7,2012-06-06,104,103,407,"2010-02-12","2010-03-19","2010-06-30","2010-09-10",1,"0","E","2011-02-01","Feb","W",1,105,"2011-06-25","2011-10-02",515,"BrF","CH",2
5549,6,2012-07-19,103,92,63,"2009-06-08","2009-09-18","2010-02-12","2010-03-19",1,"0","E","2010-05-09","May","S",1,104,"2010-06-30","2010-09-10",479,"BrF","CH",2
5559,9,2010-09-02,103,92,173,"2009-06-08","2009-09-18","2010-02-12","2010-03-19",1,"1","E","2010-11-05","Nov","W",1,105,"2011-06-25","2011-10-02",111,"BrM","CH",2
5561,3,2010-09-02,105,104,168,"2010-06-30","2010-09-10","2011-06-25","2011-10-02",1,"1","P","2011-07-17","Jul","S",1,105,"2011-06-25","2011-10-02",33,"BrM","ABX",2
5562,3,2010-09-01,104,103,8,"2010-02-12","2010-03-19","2010-06-30","2010-09-10",1,"1","E","2011-02-01","Feb","W",1,105,"2011-06-25","2011-10-02",179,"BrF","OFL",2
5573,10,2010-09-06,103,92,74,"2009-06-08","2009-09-18","2010-02-12","2010-03-19",1,"0","E","2010-05-09","May","S",2,104,"2010-06-30","2010-09-10",75,"AB","CH",2
5575,1,2013-07-30,104,103,74,"2010-02-12","2010-03-19","2010-06-30","2010-09-10",1,"0","E","2011-02-01","Feb","W",1,105,"2011-06-25","2011-10-02",531,"BrF","FL",2
5582,12,2013-01-26,104,103,79,"2010-02-12","2010-03-19","2010-06-30","2010-09-10",1,"0","E","2011-02-01","Feb","W",1,105,"2011-06-25","2011-10-02",110,"BrM","CH",2
5585,25,2012-02-07,105,104,24,"2010-06-30","2010-09-10","2011-06-25","2011-10-02",1,"0","E","2011-11-27","Nov","W",1,112,"2012-01-22","2012-02-28",75,"BrM","CH",2
5586,18,2012-09-26,104,103,79,"2010-02-12","2010-03-19","2010-06-30","2010-09-10",1,"0","P","2011-08-23","Aug","S",1,105,"2011-06-25","2011-10-02",80,"BrM","CH",2
5588,8,2012-06-08,105,104,13,"2010-06-30","2010-09-10","2011-06-25","2011-10-02",1,"0","E","2011-11-27","Nov","W",1,112,"2012-01-22","2012-02-28",41,"BrM","ABX",2
5590,9,2012-07-15,105,104,2,"2010-06-30","2010-09-10","2011-06-25","2011-10-02",1,"0","E","2011-11-27","Nov","W",1,112,"2012-01-22","2012-02-28",481,"BrM","CH",2
5595,12,2012-02-13,112,105,477,"2011-06-25","2011-10-02","2012-01-22","2012-02-28",1,"1","E","2012-04-16","Apr","W",1,116,"2012-06-04","2012-09-30",26,"BrM","H",2
5597,2,2013-08-26,105,104,173,"2010-06-30","2010-09-10","2011-06-25","2011-10-02",1,"0","E","2011-11-27","Nov","W",1,112,"2012-01-22","2012-02-28",79,"BrF","AB",2
5604,20,2012-02-22,104,103,14,"2010-02-12","2010-03-19","2010-06-30","2010-09-10",1,"0","E","2011-02-01","Feb","W",2,105,"2011-06-25","2011-10-02",13,"ABX","CH",2
5605,6,2012-06-21,104,103,135,"2010-02-12","2010-03-19","2010-06-30","2010-09-10",1,"0","E","2011-05-17","May","S",1,112,"2012-01-22","2012-02-28",139,"BrM","CH",2
5606,35,2012-02-03,104,103,154,"2010-02-12","2010-03-19","2010-06-30","2010-09-10",1,"0","P","2011-07-15","Jul","S",2,105,"2011-06-25","2011-10-02",100,"ABX","CH",2
5607,15,2013-08-03,104,103,109,"2010-02-12","2010-03-19","2010-06-30","2010-09-10",1,"0","E","2011-02-01","Feb","W",2,105,"2011-06-25","2011-10-02",26,"ABX","CH",2
5608,31,2013-02-06,104,103,77,"2010-02-12","2010-03-19","2010-06-30","2010-09-10",1,"0","E","2011-02-01","Feb","W",1,105,"2011-06-25","2011-10-02",95,"BrF","CH",2
5612,8,2012-06-09,104,103,61,"2010-02-12","2010-03-19","2010-06-30","2010-09-10",1,"0","E","2011-02-01","Feb","W",1,105,"2011-06-25","2011-10-02",479,"BrM","CH",2
5613,6,2013-07-25,104,103,101,"2010-02-12","2010-03-19","2010-06-30","2010-09-10",1,"0","E","2011-02-01","Feb","W",1,105,"2011-06-25","2011-10-02",58,"BrF","CH",2
5618,34,2013-07-21,116,112,98,"2012-01-22","2012-02-28","2012-06-04","2012-09-30",1,"0","E","2012-11-26","Nov","W",1,118,"2013-01-22","2013-02-27",1,"BrF","ABX",2
5621,48,2012-02-23,104,103,515,"2010-02-12","2010-03-19","2010-06-30","2010-09-10",1,"0","E","2011-02-01","Feb","W",1,105,"2011-06-25","2011-10-02",13,"BrF","CH",2
5624,26,2012-02-23,105,104,481,"2010-06-30","2010-09-10","2011-06-25","2011-10-02",1,"0","P","2012-02-14","Feb","W",1,112,"2012-01-22","2012-02-28",11,"BrM","OFL",2
5625,1,2012-02-13,105,104,165,"2010-06-30","2010-09-10","2011-06-25","2011-10-02",1,"0","E","2011-11-27","Nov","W",1,112,"2012-01-22","2012-02-28",112,"BrF","ABX",2
5626,0,2013-09-24,104,103,90,"2010-02-12","2010-03-19","2010-06-30","2010-09-10",1,"0","E","2011-02-01","Feb","W",1,105,"2011-06-25","2011-10-02",77,"BrM","CH",2
5634,17,2013-02-16,105,104,59,"2010-06-30","2010-09-10","2011-06-25","2011-10-02",1,"0","E","2011-11-27","Nov","W",1,112,"2012-01-22","2012-02-28",165,"BrF","ABX",2
5638,15,2013-07-11,105,104,140,"2010-06-30","2010-09-10","2011-06-25","2011-10-02",1,"0","E","2011-11-27","Nov","W",1,112,"2012-01-22","2012-02-28",544,"BrM","OFL",2
5639,7,2012-07-14,105,104,118,"2010-06-30","2010-09-10","2011-06-25","2011-10-02",1,"0","E","2011-11-27","Nov","W",1,112,"2012-01-22","2012-02-28",123,"BrM","OFL",2
5641,8,2013-01-30,116,112,168,"2012-01-22","2012-02-28","2012-06-04","2012-09-30",1,"1","E","2013-02-07","Feb","W",1,122,"2013-06-18","2013-09-30",55,"BrF","ABX",2
5642,16,2013-08-01,104,103,26,"2010-02-12","2010-03-19","2010-06-30","2010-09-10",1,"0","E","2011-05-17","May","S",1,112,"2012-01-22","2012-02-28",16,"BrF","CH",2
5643,4,2012-06-14,112,105,128,"2011-06-25","2011-10-02","2012-01-22","2012-02-28",1,"1","P","2012-07-01","Jul","S",1,116,"2012-06-04","2012-09-30",127,"BrM","ABX",2
5648,2,2013-08-18,105,104,128,"2010-06-30","2010-09-10","2011-06-25","2011-10-02",1,"0","E","2012-08-09","Aug","S",2,122,"2013-06-18","2013-09-30",99,"ABX","FL",2
5650,22,2013-07-15,118,116,160,"2012-06-04","2012-09-30","2013-01-22","2013-02-27",1,"0","P","2013-07-11","Jul","S",1,122,"2013-06-18","2013-09-30",137,"BrM","ABX",2
5652,9,2012-02-02,116,112,157,"2012-01-22","2012-02-28","2012-06-04","2012-09-30",1,"1","E","2013-08-08","Aug","S",1,125,"2014-06-16","2014-10-04",116,"BrF","ABX",2
5653,13,2013-07-09,105,104,40,"2010-06-30","2010-09-10","2011-06-25","2011-10-02",1,"0","E","2012-05-28","May","S",1,118,"2013-01-22","2013-02-27",101,"BrF","FL",2
5678,44,2013-02-06,105,104,77,"2010-06-30","2010-09-10","2011-06-25","2011-10-02",1,"0","E","2011-11-27","Nov","W",1,112,"2012-01-22","2012-02-28",116,"BrF","ABX",2
5682,0,2012-06-16,105,104,15,"2010-06-30","2010-09-10","2011-06-25","2011-10-02",1,"0","E","2011-11-27","Nov","W",1,112,"2012-01-22","2012-02-28",14,"BrM","FL",2
5683,5,2013-07-20,104,103,174,"2010-02-12","2010-03-19","2010-06-30","2010-09-10",1,"0","E","2011-02-01","Feb","W",1,105,"2011-06-25","2011-10-02",478,"BrF","CH",2
5749,6,2013-08-01,105,104,11,"2010-06-30","2010-09-10","2011-06-25","2011-10-02",1,"0","P","2012-02-03","Feb","W",1,112,"2012-01-22","2012-02-28",33,"BrF","CH",2
5750,0,2012-09-09,118,116,9,"2012-06-04","2012-09-30","2013-01-22","2013-02-27",1,"1","E","2013-04-23","Apr","W",1,122,"2013-06-18","2013-09-30",30,"BrF","ABX",2
5765,3,2012-06-27,105,104,69,"2010-06-30","2010-09-10","2011-06-25","2011-10-02",1,"0","E","2011-11-27","Nov","W",2,112,"2012-01-22","2012-02-28",48,"ABX","CH",2
5766,4,2013-02-14,116,112,68,"2012-01-22","2012-02-28","2012-06-04","2012-09-30",1,"0","P","2012-08-04","Aug","S",1,116,"2012-06-04","2012-09-30",34,"BrF","ABX",2
5769,3,2012-01-29,118,116,51,"2012-06-04","2012-09-30","2013-01-22","2013-02-27",1,"1","E","2013-04-23","Apr","W",2,122,"2013-06-18","2013-09-30",36,"ABX","ABX",2
5775,12,2012-02-07,116,112,173,"2012-01-22","2012-02-28","2012-06-04","2012-09-30",1,"1","E","2013-02-07","Feb","W",1,122,"2013-06-18","2013-09-30",14,"BrM","ABX",2
5776,52,2012-02-08,105,104,160,"2010-06-30","2010-09-10","2011-06-25","2011-10-02",1,"0","E","2011-11-27","Nov","W",1,112,"2012-01-22","2012-02-28",55,"BrM","CH",2
5780,4,2012-02-09,118,116,27,"2012-06-04","2012-09-30","2013-01-22","2013-02-27",1,"1","E","2013-04-23","Apr","W",1,122,"2013-06-18","2013-09-30",9,"BrM","ABX",2
5782,4,2012-02-15,116,112,174,"2012-01-22","2012-02-28","2012-06-04","2012-09-30",1,"1","E","2012-04-16","Apr","W",1,116,"2012-06-04","2012-09-30",32,"BrM","OFL",2
5787,1,2012-02-23,112,105,9,"2011-06-25","2011-10-02","2012-01-22","2012-02-28",1,"1","P","2012-07-24","Jul","S",1,116,"2012-06-04","2012-09-30",34,"BrM","FL",2
5820,2,2012-06-29,118,116,88,"2012-06-04","2012-09-30","2013-01-22","2013-02-27",1,"1","E","2013-04-23","Apr","W",1,122,"2013-06-18","2013-09-30",112,"BrM","ABX",2
5821,7,2012-07-01,118,116,125,"2012-06-04","2012-09-30","2013-01-22","2013-02-27",1,"1","E","2013-04-23","Apr","W",2,122,"2013-06-18","2013-09-30",169,"ABX","ABX",2
5822,15,2012-07-01,118,116,13,"2012-06-04","2012-09-30","2013-01-22","2013-02-27",1,"1","E","2013-04-23","Apr","W",2,122,"2013-06-18","2013-09-30",83,"ABX","ABX",2
5824,23,2012-06-15,116,112,75,"2012-01-22","2012-02-28","2012-06-04","2012-09-30",1,"1","E","2012-11-26","Nov","W",2,118,"2013-01-22","2013-02-27",101,"ABX","OFL",2
5825,0,2012-06-14,118,116,2,"2012-06-04","2012-09-30","2013-01-22","2013-02-27",1,"1","E","2013-04-23","Apr","W",1,122,"2013-06-18","2013-09-30",154,"BrF","ABX",2
5826,5,2012-06-14,105,104,62,"2010-06-30","2010-09-10","2011-06-25","2011-10-02",1,"1","P","2012-07-12","Jul","S",2,116,"2012-06-04","2012-09-30",129,"ABX","CH",2
5828,4,2012-06-12,105,104,135,"2010-06-30","2010-09-10","2011-06-25","2011-10-02",1,"0","E","2012-02-02","Feb","W",1,116,"2012-06-04","2012-09-30",3,"BrM","CH",2
5829,10,2012-06-12,118,116,20,"2012-06-04","2012-09-30","2013-01-22","2013-02-27",1,"1","P","2013-07-11","Jul","S",1,122,"2013-06-18","2013-09-30",490,"BrM","ABX",2
5833,0,2012-06-16,118,116,27,"2012-06-04","2012-09-30","2013-01-22","2013-02-27",1,"1","E","2013-04-23","Apr","W",1,122,"2013-06-18","2013-09-30",34,"BrF","ABX",2
5834,1,2012-09-09,118,116,2,"2012-06-04","2012-09-30","2013-01-22","2013-02-27",1,"1","E","2012-11-26","Nov","W",2,118,"2013-01-22","2013-02-27",50,"ABX","ABX",2
5835,5,2012-06-19,116,112,24,"2012-01-22","2012-02-28","2012-06-04","2012-09-30",1,"1","E","2013-02-07","Feb","W",1,122,"2013-06-18","2013-09-30",32,"BrM","ABX",2
5838,9,2012-07-07,116,112,105,"2012-01-22","2012-02-28","2012-06-04","2012-09-30",1,"1","E","2013-02-07","Feb","W",1,122,"2013-06-18","2013-09-30",179,"BrF","OFL",2
5839,5,2012-07-14,118,116,36,"2012-06-04","2012-09-30","2013-01-22","2013-02-27",1,"1","P","2013-07-17","Jul","S",2,122,"2013-06-18","2013-09-30",407,"ABX","ABX",2
5842,0,2012-09-10,112,105,90,"2011-06-25","2011-10-02","2012-01-22","2012-02-28",1,"0","E","2012-04-16","Apr","W",2,116,"2012-06-04","2012-09-30",68,"ABX","CH",2
5846,21,2013-02-06,122,118,62,"2013-01-22","2013-02-27","2013-06-18","2013-09-30",1,"1","E","2014-05-24","May","S",2,139,"2015-01-16","2015-03-05",45,"ABX","ABX",2
5847,22,2013-07-30,105,104,110,"2010-06-30","2010-09-10","2011-06-25","2011-10-02",1,"0","E","2012-02-02","Feb","W",1,116,"2012-06-04","2012-09-30",71,"BrM","CH",2
5850,5,2012-09-24,116,112,125,"2012-01-22","2012-02-28","2012-06-04","2012-09-30",1,"1","P","2014-01-24","Jan","W",1,124,"2014-01-19","2014-03-04",516,"BrM","ABX",2
5853,2,2013-02-18,122,118,77,"2013-01-22","2013-02-27","2013-06-18","2013-09-30",1,"1","E","2014-02-06","Feb","W",1,125,"2014-06-16","2014-10-04",616,"BrM","H",2
5855,6,2013-06-30,122,118,479,"2013-01-22","2013-02-27","2013-06-18","2013-09-30",1,"1","E","2013-11-24","Nov","W",1,124,"2014-01-19","2014-03-04",53,"BrM","AB",2
5902,13,2013-01-31,116,112,111,"2012-01-22","2012-02-28","2012-06-04","2012-09-30",1,"0","E","2012-11-26","Nov","W",2,118,"2013-01-22","2013-02-27",60,"ABX","CH",2
5903,4,2013-02-03,116,112,173,"2012-01-22","2012-02-28","2012-06-04","2012-09-30",1,"1","E","2013-02-07","Feb","W",1,122,"2013-06-18","2013-09-30",34,"BrM","CH",2
5908,8,2013-02-16,124,122,165,"2013-06-18","2013-09-30","2014-01-19","2014-03-04",1,"1","P","2014-06-22","Jun","S",1,125,"2014-06-16","2014-10-04",137,"BrM","ABX",2
5909,3,2013-02-18,139,125,477,"2014-06-16","2014-10-04","2015-01-16","2015-03-05",1,"1","E","2015-04-28","Apr","W",1,142,"2015-06-22","2015-09-29",112,"BrF","ABX",2
6009,2,2013-06-26,122,118,77,"2013-01-22","2013-02-27","2013-06-18","2013-09-30",1,"1","E","2013-11-24","Nov","W",1,124,"2014-01-19","2014-03-04",86,"BrF","H",2
6010,5,2013-06-30,122,118,53,"2013-01-22","2013-02-27","2013-06-18","2013-09-30",1,"1","E","2013-11-24","Nov","W",2,124,"2014-01-19","2014-03-04",45,"ABX","AB",2
6011,12,2013-07-06,125,124,13,"2014-01-19","2014-03-04","2014-06-16","2014-10-04",1,"1","P","2014-08-05","Aug","S",1,125,"2014-06-16","2014-10-04",43,"BrM","ABX",2
6012,39,2013-07-07,139,125,94,"2014-06-16","2014-10-04","2015-01-16","2015-03-05",1,"1","P","2015-01-23","Jan","W",1,139,"2015-01-16","2015-03-05",110,"BrM","H",2
6014,5,2013-07-16,116,112,121,"2012-01-22","2012-02-28","2012-06-04","2012-09-30",1,"0","E","2013-02-07","Feb","W",2,122,"2013-06-18","2013-09-30",59,"ABX","CH",2
6016,15,2013-07-20,125,124,478,"2014-01-19","2014-03-04","2014-06-16","2014-10-04",1,"1","E","2015-02-11","Feb","W",1,142,"2015-06-22","2015-09-29",9,"TBRM","ABX",2
6017,11,2013-07-20,116,112,479,"2012-01-22","2012-02-28","2012-06-04","2012-09-30",1,"0","E","2013-02-07","Feb","W",1,122,"2013-06-18","2013-09-30",53,"BrM","CH",2
6018,3,2013-07-22,122,118,3,"2013-01-22","2013-02-27","2013-06-18","2013-09-30",1,"1","E","2013-11-24","Nov","W",1,124,"2014-01-19","2014-03-04",75,"BrM","ABX",2
6024,3,2013-07-27,122,118,168,"2013-01-22","2013-02-27","2013-06-18","2013-09-30",1,"1","E","2013-11-24","Nov","W",1,124,"2014-01-19","2014-03-04",605,"BrM","ABX",2
6028,1,2013-08-04,122,118,14,"2013-01-22","2013-02-27","2013-06-18","2013-09-30",1,"1","E","2013-11-24","Nov","W",1,124,"2014-01-19","2014-03-04",407,"BrF","AB",2
6029,6,2013-08-04,118,116,480,"2012-06-04","2012-09-30","2013-01-22","2013-02-27",1,"1","E","2013-08-09","Aug","S",1,124,"2014-01-19","2014-03-04",72,"BrM","CH",2
6030,1,2013-08-10,118,116,111,"2012-06-04","2012-09-30","2013-01-22","2013-02-27",1,"0","E","2013-08-09","Aug","S",1,124,"2014-01-19","2014-03-04",173,"BrM","CH",2
6033,3,2013-08-14,124,122,60,"2013-06-18","2013-09-30","2014-01-19","2014-03-04",1,"1","E","2014-04-25","Apr","W",1,125,"2014-06-16","2014-10-04",68,"BrM","ABX",2
6034,0,2013-08-10,122,118,178,"2013-01-22","2013-02-27","2013-06-18","2013-09-30",1,"1","E","2014-02-06","Feb","W",1,125,"2014-06-16","2014-10-04",616,"BrF","ABX",2
6045,3,2013-09-25,139,125,481,"2014-06-16","2014-10-04","2015-01-16","2015-03-05",1,"1","E","2015-04-28","Apr","W",1,142,"2015-06-22","2015-09-29",20,"BrM","ABX",2
6047,35,2015-02-13,125,124,8,"2014-01-19","2014-03-04","2014-06-16","2014-10-04",1,"0","E","2014-11-25","Nov","W",2,139,"2015-01-16","2015-03-05",3,"ABX","ABX",2
6048,9,2014-02-01,122,118,129,"2013-01-22","2013-02-27","2013-06-18","2013-09-30",1,"1","E","2014-02-06","Feb","W",1,125,"2014-06-16","2014-10-04",59,"BrF","ABX",2
6050,0,2013-09-24,124,122,90,"2013-06-18","2013-09-30","2014-01-19","2014-03-04",1,"1","E","2014-04-25","Apr","W",1,125,"2014-06-16","2014-10-04",155,"BrM","ABX",2
6065,3,2014-02-14,124,122,40,"2013-06-18","2013-09-30","2014-01-19","2014-03-04",1,"1","P","2014-07-08","Jul","S",1,125,"2014-06-16","2014-10-04",83,"BrF","OFL",2
6067,3,2014-02-18,124,122,39,"2013-06-18","2013-09-30","2014-01-19","2014-03-04",1,"1","E","2014-10-27","Oct","W",1,142,"2015-06-22","2015-09-29",633,"BrF","ABX",2
6138,2,2014-06-23,139,125,80,"2014-06-16","2014-10-04","2015-01-16","2015-03-05",1,"1","E","2015-04-28","Apr","W",1,142,"2015-06-22","2015-09-29",47,"BrF","ABX",2
6141,0,2014-06-21,125,124,9,"2014-01-19","2014-03-04","2014-06-16","2014-10-04",1,"1","E","2014-11-25","Nov","W",2,139,"2015-01-16","2015-03-05",13,"ABX","OFL",2
6155,0,2019-09-01,139,125,478,"2014-06-16","2014-10-04","2015-01-16","2015-03-05",1,"0","P","2015-06-25","Jun","S",1,142,"2015-06-22","2015-09-29",13,"BrM","ABX",2
6158,10,2014-06-30,139,125,110,"2014-06-16","2014-10-04","2015-01-16","2015-03-05",1,"1","E","2015-04-28","Apr","W",1,142,"2015-06-22","2015-09-29",118,"BrM","ABX",2
6160,23,2015-02-27,125,124,34,"2014-01-19","2014-03-04","2014-06-16","2014-10-04",1,"0","E","2014-11-25","Nov","W",1,139,"2015-01-16","2015-03-05",26,"BrF","H",2
6166,15,2014-09-25,139,125,72,"2014-06-16","2014-10-04","2015-01-16","2015-03-05",1,"1","E","2015-04-28","Apr","W",1,142,"2015-06-22","2015-09-29",70,"BrM","ABX",2
6169,62,2016-02-20,142,139,101,"2015-01-16","2015-03-05","2015-06-22","2015-09-29",1,"0","E","2015-12-01","Dec","W",1,144,"2016-02-02","2016-03-09",140,"BrF","SBR",2
6170,8,2016-02-20,139,125,179,"2014-06-16","2014-10-04","2015-01-16","2015-03-05",1,"0","E","2015-04-28","Apr","W",1,142,"2015-06-22","2015-09-29",140,"BrM","ABX",2
6175,50,2014-07-18,139,125,88,"2014-06-16","2014-10-04","2015-01-16","2015-03-05",1,"1","E","2015-04-28","Apr","W",1,142,"2015-06-22","2015-09-29",99,"BrM","ABX",2
6181,7,2014-07-18,122,118,174,"2013-01-22","2013-02-27","2013-06-18","2013-09-30",1,"0","E","2014-02-06","Feb","W",1,125,"2014-06-16","2014-10-04",95,"BrF","CH",2
6185,6,2014-07-23,139,125,134,"2014-06-16","2014-10-04","2015-01-16","2015-03-05",1,"1","E","2015-04-28","Apr","W",1,142,"2015-06-22","2015-09-29",98,"BrF","ABX",2
6186,15,2014-07-23,144,142,159,"2015-06-22","2015-09-29","2016-02-02","2016-03-09",1,"1","P","2016-07-01","Jul","S",1,159,"2016-06-23","2016-09-19",110,"BrF","ABX",2
6196,6,2015-01-28,124,122,81,"2013-06-18","2013-09-30","2014-01-19","2014-03-04",1,"0","E","2014-04-25","Apr","W",1,125,"2014-06-16","2014-10-04",138,"BrM","CH",2
6199,26,2015-02-07,139,125,179,"2014-06-16","2014-10-04","2015-01-16","2015-03-05",1,"1","P","2015-07-18","Jul","S",1,142,"2015-06-22","2015-09-29",16,"BrF","ABX",2
6213,11,2015-01-29,139,125,63,"2014-06-16","2014-10-04","2015-01-16","2015-03-05",1,"1","E","2015-04-28","Apr","W",1,142,"2015-06-22","2015-09-29",48,"BrM","ABX",2
6219,0,2015-02-07,139,125,111,"2014-06-16","2014-10-04","2015-01-16","2015-03-05",1,"1","E","2015-04-28","Apr","W",1,142,"2015-06-22","2015-09-29",34,"BrM","ABX",2
6221,15,2016-02-10,139,125,79,"2014-06-16","2014-10-04","2015-01-16","2015-03-05",1,"0","P","2015-08-01","Aug","S",1,142,"2015-06-22","2015-09-29",637,"BrM","ABX",2
6230,0,2015-02-02,139,125,30,"2014-06-16","2014-10-04","2015-01-16","2015-03-05",1,"1","E","2015-10-29","Oct","W",2,159,"2016-06-23","2016-09-19",28,"AB","ABX",2
6261,31,2015-01-29,144,142,63,"2015-06-22","2015-09-29","2016-02-02","2016-03-09",1,"1","E","2016-05-01","May","S",1,159,"2016-06-23","2016-09-19",64,"BrM","ABX",2
6267,0,2015-01-30,139,125,477,"2014-06-16","2014-10-04","2015-01-16","2015-03-05",1,"1","P","2015-07-08","Jul","S",1,142,"2015-06-22","2015-09-29",633,"BrM","ABX",2
6272,2,2015-01-31,139,125,407,"2014-06-16","2014-10-04","2015-01-16","2015-03-05",1,"1","P","2015-07-30","Jul","S",1,142,"2015-06-22","2015-09-29",637,"BrF","ABX",2
6279,11,2016-03-04,144,142,15,"2015-06-22","2015-09-29","2016-02-02","2016-03-09",1,"1","E","2016-05-01","May","S",1,159,"2016-06-23","2016-09-19",60,"BrF","ABX",2
6309,5,2015-01-29,142,139,68,"2015-01-16","2015-03-05","2015-06-22","2015-09-29",1,"1","E","2015-12-01","Dec","W",1,144,"2016-02-02","2016-03-09",605,"BrM","AB",2
6312,0,2015-02-04,125,124,138,"2014-01-19","2014-03-04","2014-06-16","2014-10-04",1,"0","E","2014-11-25","Nov","W",2,139,"2015-01-16","2015-03-05",155,"ABX","CH",2
6313,28,2015-02-09,161,159,126,"2016-06-23","2016-09-19","2017-02-07","2017-03-03",1,"1","E","2017-04-27","Apr","W",1,164,"2017-06-21","2017-09-20",127,"BrM","ABX",2
6374,0,2016-02-05,159,144,480,"2016-02-02","2016-03-09","2016-06-23","2016-09-19",1,"1","E","2016-11-28","Nov","W",1,161,"2017-02-07","2017-03-03",740,"BrM","H",2
6378,9,2016-09-07,159,144,179,"2016-02-02","2016-03-09","2016-06-23","2016-09-19",1,"0","P","2016-02-12","Feb","W",2,144,"2016-02-02","2016-03-09",662,"ABX","H",2
6382,54,2016-02-24,144,142,53,"2015-06-22","2015-09-29","2016-02-02","2016-03-09",1,"1","E","2016-05-01","May","S",1,159,"2016-06-23","2016-09-19",50,"BrM","ABX",2
6384,15,2016-02-05,144,142,111,"2015-06-22","2015-09-29","2016-02-02","2016-03-09",1,"1","E","2016-05-01","May","S",1,159,"2016-06-23","2016-09-19",110,"BrM","ABX",2
6385,18,2019-08-19,144,142,616,"2015-06-22","2015-09-29","2016-02-02","2016-03-09",1,"0","E","2016-08-23","Aug","S",1,161,"2017-02-07","2017-03-03",2,"BrM","ABX",2
6546,26,2019-08-17,144,142,75,"2015-06-22","2015-09-29","2016-02-02","2016-03-09",1,"0","E","2016-05-01","May","S",1,159,"2016-06-23","2016-09-19",39,"BrF","OFL",2
6552,22,2016-02-07,142,139,58,"2015-01-16","2015-03-05","2015-06-22","2015-09-29",1,"0","E","2015-12-01","Dec","W",2,144,"2016-02-02","2016-03-09",127,"ABX","CH",2
6554,13,2016-02-10,144,142,83,"2015-06-22","2015-09-29","2016-02-02","2016-03-09",1,"1","P","2016-06-28","Jun","S",1,159,"2016-06-23","2016-09-19",58,"BrF","OFL",2
6556,10,2016-02-10,142,139,99,"2015-01-16","2015-03-05","2015-06-22","2015-09-29",1,"0","E","2015-12-01","Dec","W",2,144,"2016-02-02","2016-03-09",88,"ABX","CH",2
6557,2,2016-02-11,159,144,36,"2016-02-02","2016-03-09","2016-06-23","2016-09-19",1,"1","E","2016-11-28","Nov","W",1,161,"2017-02-07","2017-03-03",32,"BrM","AB",2
6563,25,2016-02-18,159,144,24,"2016-02-02","2016-03-09","2016-06-23","2016-09-19",1,"1","E","2017-02-03","Feb","W",1,164,"2017-06-21","2017-09-20",746,"BrM","ABX",2
6565,46,2016-02-19,139,125,154,"2014-06-16","2014-10-04","2015-01-16","2015-03-05",1,"0","E","2015-08-19","Aug","S",1,144,"2016-02-02","2016-03-09",663,"BrM","CH",2
6566,15,2016-02-19,139,125,160,"2014-06-16","2014-10-04","2015-01-16","2015-03-05",1,"0","E","2015-08-19","Aug","S",1,144,"2016-02-02","2016-03-09",154,"BrM","CH",2
6568,0,2016-02-21,159,144,605,"2016-02-02","2016-03-09","2016-06-23","2016-09-19",1,"1","E","2016-11-28","Nov","W",1,161,"2017-02-07","2017-03-03",60,"BrF","AB",2
6645,0,2019-02-27,161,159,27,"2016-06-23","2016-09-19","2017-02-07","2017-03-03",1,"0","E","2017-04-27","Apr","W",1,164,"2017-06-21","2017-09-20",12,"BrM","ABX",2
6660,14,2016-09-10,142,139,618,"2015-01-16","2015-03-05","2015-06-22","2015-09-29",1,"0","E","2016-06-03","Jun","S",1,161,"2017-02-07","2017-03-03",50,"BrF","CH",2
6673,1,2016-09-12,161,159,407,"2016-06-23","2016-09-19","2017-02-07","2017-03-03",1,"1","E","2017-04-27","Apr","W",1,164,"2017-06-21","2017-09-20",20,"BrF","ABX",2
6690,32,2019-02-08,159,144,126,"2016-02-02","2016-03-09","2016-06-23","2016-09-19",1,"0","E","2016-11-28","Nov","W",1,161,"2017-02-07","2017-03-03",2,"BrF","CH",2
6693,0,2020-03-02,164,161,481,"2017-02-07","2017-03-03","2017-06-21","2017-09-20",1,"0","E","2017-11-25","Nov","W",1,166,"2018-01-30","2018-03-14",531,"BrF","H",2
6697,0,2019-02-25,164,161,13,"2017-02-07","2017-03-03","2017-06-21","2017-09-20",1,"0","P","2017-08-15","Aug","S",1,164,"2017-06-21","2017-09-20",740,"BrM","ABX",2
6764,0,2019-02-07,166,164,57,"2017-06-21","2017-09-20","2018-01-30","2018-03-14",1,"0","E","2018-05-01","May","S",1,167,"2018-06-19","2018-09-22",123,"BrF","ABX",2
6780,0,2020-03-11,167,166,94,"2018-01-30","2018-03-14","2018-06-19","2018-09-22",1,"0","P","2019-02-07","Feb","W",1,171,"2019-01-21","2019-03-09",765,"BrF","AB",2
6831,0,2019-02-22,173,171,172,"2019-01-21","2019-03-09","2019-06-10","2019-09-23",1,"1","E","2019-11-29","Nov","W",1,174,"2020-02-05","2020-03-16",740,"BrM","ABX",2
6836,0,2019-02-12,167,166,617,"2018-01-30","2018-03-14","2018-06-19","2018-09-22",1,"0","E","2018-11-21","Nov","W",1,171,"2019-01-21","2019-03-09",68,"BrF","ABX",2
6857,16,2020-03-09,166,164,1,"2017-06-21","2017-09-20","2018-01-30","2018-03-14",1,"0","E","2018-05-01","May","S",2,167,"2018-06-19","2018-09-22",739,"ABX","CH",2
6863,11,2019-02-22,173,171,746,"2019-01-21","2019-03-09","2019-06-10","2019-09-23",1,"1","P","2020-02-17","Feb","W",1,174,"2020-02-05","2020-03-16",26,"BrM","ABX",2
6865,0,2019-02-11,171,167,43,"2018-06-19","2018-09-22","2019-01-21","2019-03-09",1,"1","P","2019-07-24","Jul","S",1,173,"2019-06-10","2019-09-23",28,"BrM","ABX",2
6877,0,2019-02-25,171,167,481,"2018-06-19","2018-09-22","2019-01-21","2019-03-09",1,"1","P","2019-06-17","Jun","S",1,173,"2019-06-10","2019-09-23",20,"BrM","ABX",2
6900,21,2019-03-04,167,166,15,"2018-01-30","2018-03-14","2018-06-19","2018-09-22",1,"0","P","2019-02-07","Feb","W",1,171,"2019-01-21","2019-03-09",172,"BrM","ABX",2
7094,0,2019-02-25,171,167,111,"2018-06-19","2018-09-22","2019-01-21","2019-03-09",1,"1","E","2019-04-24","Apr","W",2,173,"2019-06-10","2019-09-23",746,"H","ABX",2
1660,3,2012-06-17,118,116,8,"2012-06-04","2012-09-30","2013-01-22","2013-02-27",0,NA,NA,NA,NA,NA,NA,NA,NA,NA,NA,NA,NA,NA
1877,3,2010-08-04,82,77,125,"2007-01-06","2007-01-29","2007-06-14","2007-09-16",0,NA,NA,NA,NA,NA,NA,NA,NA,NA,NA,NA,NA,NA
2968,15,2012-02-08,77,75,55,"2006-06-12","2006-09-02","2007-01-06","2007-01-29",0,NA,NA,NA,NA,NA,NA,NA,NA,NA,NA,NA,NA,NA
5123,9,2010-08-14,116,112,63,"2012-01-22","2012-02-28","2012-06-04","2012-09-30",0,NA,NA,NA,NA,NA,NA,NA,NA,NA,NA,NA,NA,NA
5173,0,2013-09-19,122,118,129,"2013-01-22","2013-02-27","2013-06-18","2013-09-30",0,NA,NA,NA,NA,NA,NA,NA,NA,NA,NA,NA,NA,NA
5290,14,2013-02-15,90,87,62,"2008-07-10","2008-09-07","2008-12-30","2009-03-03",0,NA,NA,NA,NA,NA,NA,NA,NA,NA,NA,NA,NA,NA
5326,34,2010-08-08,104,103,96,"2010-02-12","2010-03-19","2010-06-30","2010-09-10",0,NA,NA,NA,NA,NA,NA,NA,NA,NA,NA,NA,NA,NA
5510,5,2010-07-07,104,103,27,"2010-02-12","2010-03-19","2010-06-30","2010-09-10",0,NA,NA,NA,NA,NA,NA,NA,NA,NA,NA,NA,NA,NA
5517,11,2010-07-10,139,125,2,"2014-06-16","2014-10-04","2015-01-16","2015-03-05",0,NA,NA,NA,NA,NA,NA,NA,NA,NA,NA,NA,NA,NA
5520,12,2010-07-05,104,103,5,"2010-02-12","2010-03-19","2010-06-30","2010-09-10",0,NA,NA,NA,NA,NA,NA,NA,NA,NA,NA,NA,NA,NA
5527,3,2010-07-16,104,103,477,"2010-02-12","2010-03-19","2010-06-30","2010-09-10",0,NA,NA,NA,NA,NA,NA,NA,NA,NA,NA,NA,NA,NA
5538,6,2010-08-06,103,92,83,"2009-06-08","2009-09-18","2010-02-12","2010-03-19",0,NA,NA,NA,NA,NA,NA,NA,NA,NA,NA,NA,NA,NA
5541,38,2010-08-07,104,103,43,"2010-02-12","2010-03-19","2010-06-30","2010-09-10",0,NA,NA,NA,NA,NA,NA,NA,NA,NA,NA,NA,NA,NA
5543,2,2012-07-06,161,159,71,"2016-06-23","2016-09-19","2017-02-07","2017-03-03",0,NA,NA,NA,NA,NA,NA,NA,NA,NA,NA,NA,NA,NA
5596,10,2012-02-21,124,122,125,"2013-06-18","2013-09-30","2014-01-19","2014-03-04",0,NA,NA,NA,NA,NA,NA,NA,NA,NA,NA,NA,NA,NA
5600,2,2013-02-09,161,159,138,"2016-06-23","2016-09-19","2017-02-07","2017-03-03",0,NA,NA,NA,NA,NA,NA,NA,NA,NA,NA,NA,NA,NA
5686,4,2012-06-17,112,105,159,"2011-06-25","2011-10-02","2012-01-22","2012-02-28",0,NA,NA,NA,NA,NA,NA,NA,NA,NA,NA,NA,NA,NA
5748,0,2012-07-03,125,124,50,"2014-01-19","2014-03-04","2014-06-16","2014-10-04",0,NA,NA,NA,NA,NA,NA,NA,NA,NA,NA,NA,NA,NA
5768,4,2012-07-14,116,112,71,"2012-01-22","2012-02-28","2012-06-04","2012-09-30",0,NA,NA,NA,NA,NA,NA,NA,NA,NA,NA,NA,NA,NA
5770,3,2012-01-30,118,116,47,"2012-06-04","2012-09-30","2013-01-22","2013-02-27",0,NA,NA,NA,NA,NA,NA,NA,NA,NA,NA,NA,NA,NA
5771,1,2012-01-30,116,112,47,"2012-01-22","2012-02-28","2012-06-04","2012-09-30",0,NA,NA,NA,NA,NA,NA,NA,NA,NA,NA,NA,NA,NA
5772,1,2012-01-31,118,116,39,"2012-06-04","2012-09-30","2013-01-22","2013-02-27",0,NA,NA,NA,NA,NA,NA,NA,NA,NA,NA,NA,NA,NA
5773,14,2012-02-04,112,105,178,"2011-06-25","2011-10-02","2012-01-22","2012-02-28",0,NA,NA,NA,NA,NA,NA,NA,NA,NA,NA,NA,NA,NA
5777,1,2012-02-08,116,112,168,"2012-01-22","2012-02-28","2012-06-04","2012-09-30",0,NA,NA,NA,NA,NA,NA,NA,NA,NA,NA,NA,NA,NA
5778,3,2012-02-08,116,112,168,"2012-01-22","2012-02-28","2012-06-04","2012-09-30",0,NA,NA,NA,NA,NA,NA,NA,NA,NA,NA,NA,NA,NA
5784,3,2012-02-16,116,112,126,"2012-01-22","2012-02-28","2012-06-04","2012-09-30",0,NA,NA,NA,NA,NA,NA,NA,NA,NA,NA,NA,NA,NA
5785,21,2012-02-17,112,105,60,"2011-06-25","2011-10-02","2012-01-22","2012-02-28",0,NA,NA,NA,NA,NA,NA,NA,NA,NA,NA,NA,NA,NA
5827,21,2012-06-14,116,112,2,"2012-01-22","2012-02-28","2012-06-04","2012-09-30",0,NA,NA,NA,NA,NA,NA,NA,NA,NA,NA,NA,NA,NA
5830,14,2012-06-09,116,112,67,"2012-01-22","2012-02-28","2012-06-04","2012-09-30",0,NA,NA,NA,NA,NA,NA,NA,NA,NA,NA,NA,NA,NA
5832,1,2012-06-06,116,112,477,"2012-01-22","2012-02-28","2012-06-04","2012-09-30",0,NA,NA,NA,NA,NA,NA,NA,NA,NA,NA,NA,NA,NA
5844,0,2012-09-12,116,112,478,"2012-01-22","2012-02-28","2012-06-04","2012-09-30",0,NA,NA,NA,NA,NA,NA,NA,NA,NA,NA,NA,NA,NA
5849,0,2012-09-23,116,112,63,"2012-01-22","2012-02-28","2012-06-04","2012-09-30",0,NA,NA,NA,NA,NA,NA,NA,NA,NA,NA,NA,NA,NA
5901,4,2013-01-31,118,116,63,"2012-06-04","2012-09-30","2013-01-22","2013-02-27",0,NA,NA,NA,NA,NA,NA,NA,NA,NA,NA,NA,NA,NA
5905,8,2013-02-04,118,116,43,"2012-06-04","2012-09-30","2013-01-22","2013-02-27",0,NA,NA,NA,NA,NA,NA,NA,NA,NA,NA,NA,NA,NA
5906,7,2013-02-02,122,118,155,"2013-01-22","2013-02-27","2013-06-18","2013-09-30",0,NA,NA,NA,NA,NA,NA,NA,NA,NA,NA,NA,NA,NA
6013,4,2013-07-11,116,112,154,"2012-01-22","2012-02-28","2012-06-04","2012-09-30",0,NA,NA,NA,NA,NA,NA,NA,NA,NA,NA,NA,NA,NA
6015,8,2013-07-18,118,116,85,"2012-06-04","2012-09-30","2013-01-22","2013-02-27",0,NA,NA,NA,NA,NA,NA,NA,NA,NA,NA,NA,NA,NA
6020,15,2013-07-23,122,118,20,"2013-01-22","2013-02-27","2013-06-18","2013-09-30",0,NA,NA,NA,NA,NA,NA,NA,NA,NA,NA,NA,NA,NA
6021,9,2013-07-24,122,118,57,"2013-01-22","2013-02-27","2013-06-18","2013-09-30",0,NA,NA,NA,NA,NA,NA,NA,NA,NA,NA,NA,NA,NA
6023,1,2013-07-25,122,118,58,"2013-01-22","2013-02-27","2013-06-18","2013-09-30",0,NA,NA,NA,NA,NA,NA,NA,NA,NA,NA,NA,NA,NA
6026,10,2013-07-28,125,124,82,"2014-01-19","2014-03-04","2014-06-16","2014-10-04",0,NA,NA,NA,NA,NA,NA,NA,NA,NA,NA,NA,NA,NA
6031,6,2013-08-11,118,116,125,"2012-06-04","2012-09-30","2013-01-22","2013-02-27",0,NA,NA,NA,NA,NA,NA,NA,NA,NA,NA,NA,NA,NA
6037,0,2013-08-24,122,118,90,"2013-01-22","2013-02-27","2013-06-18","2013-09-30",0,NA,NA,NA,NA,NA,NA,NA,NA,NA,NA,NA,NA,NA
6062,9,2014-01-31,122,118,135,"2013-01-22","2013-02-27","2013-06-18","2013-09-30",0,NA,NA,NA,NA,NA,NA,NA,NA,NA,NA,NA,NA,NA
6140,42,2014-06-23,139,125,112,"2014-06-16","2014-10-04","2015-01-16","2015-03-05",0,NA,NA,NA,NA,NA,NA,NA,NA,NA,NA,NA,NA,NA
6142,6,2014-06-21,139,125,13,"2014-06-16","2014-10-04","2015-01-16","2015-03-05",0,NA,NA,NA,NA,NA,NA,NA,NA,NA,NA,NA,NA,NA
6147,6,2014-06-25,139,125,477,"2014-06-16","2014-10-04","2015-01-16","2015-03-05",0,NA,NA,NA,NA,NA,NA,NA,NA,NA,NA,NA,NA,NA
6149,14,2015-02-27,139,125,26,"2014-06-16","2014-10-04","2015-01-16","2015-03-05",0,NA,NA,NA,NA,NA,NA,NA,NA,NA,NA,NA,NA,NA
6150,42,2015-01-31,139,125,407,"2014-06-16","2014-10-04","2015-01-16","2015-03-05",0,NA,NA,NA,NA,NA,NA,NA,NA,NA,NA,NA,NA,NA
6153,33,2014-08-03,125,124,46,"2014-01-19","2014-03-04","2014-06-16","2014-10-04",0,NA,NA,NA,NA,NA,NA,NA,NA,NA,NA,NA,NA,NA
6180,17,2014-07-18,124,122,83,"2013-06-18","2013-09-30","2014-01-19","2014-03-04",0,NA,NA,NA,NA,NA,NA,NA,NA,NA,NA,NA,NA,NA
6205,0,2015-02-06,139,125,20,"2014-06-16","2014-10-04","2015-01-16","2015-03-05",0,NA,NA,NA,NA,NA,NA,NA,NA,NA,NA,NA,NA,NA
6209,2,2015-01-31,139,125,24,"2014-06-16","2014-10-04","2015-01-16","2015-03-05",0,NA,NA,NA,NA,NA,NA,NA,NA,NA,NA,NA,NA,NA
6239,23,2015-02-10,139,125,70,"2014-06-16","2014-10-04","2015-01-16","2015-03-05",0,NA,NA,NA,NA,NA,NA,NA,NA,NA,NA,NA,NA,NA
6240,0,2015-02-02,139,125,71,"2014-06-16","2014-10-04","2015-01-16","2015-03-05",0,NA,NA,NA,NA,NA,NA,NA,NA,NA,NA,NA,NA,NA
6268,16,2015-01-31,139,125,39,"2014-06-16","2014-10-04","2015-01-16","2015-03-05",0,NA,NA,NA,NA,NA,NA,NA,NA,NA,NA,NA,NA,NA
6273,0,2015-02-07,139,125,112,"2014-06-16","2014-10-04","2015-01-16","2015-03-05",0,NA,NA,NA,NA,NA,NA,NA,NA,NA,NA,NA,NA,NA
6549,9,2016-02-05,142,139,20,"2015-01-16","2015-03-05","2015-06-22","2015-09-29",0,NA,NA,NA,NA,NA,NA,NA,NA,NA,NA,NA,NA,NA
6560,6,2016-02-13,144,142,165,"2015-06-22","2015-09-29","2016-02-02","2016-03-09",0,NA,NA,NA,NA,NA,NA,NA,NA,NA,NA,NA,NA,NA
6564,3,2016-02-19,144,142,81,"2015-06-22","2015-09-29","2016-02-02","2016-03-09",0,NA,NA,NA,NA,NA,NA,NA,NA,NA,NA,NA,NA,NA
6571,3,2016-02-25,167,166,13,"2018-01-30","2018-03-14","2018-06-19","2018-09-22",0,NA,NA,NA,NA,NA,NA,NA,NA,NA,NA,NA,NA,NA
6573,0,2016-03-02,144,142,129,"2015-06-22","2015-09-29","2016-02-02","2016-03-09",0,NA,NA,NA,NA,NA,NA,NA,NA,NA,NA,NA,NA,NA
6777,0,2019-02-08,173,171,616,"2019-01-21","2019-03-09","2019-06-10","2019-09-23",0,NA,NA,NA,NA,NA,NA,NA,NA,NA,NA,NA,NA,NA
6859,0,2020-03-03,174,173,2,"2019-06-10","2019-09-23","2020-02-05","2020-03-16",0,NA,NA,NA,NA,NA,NA,NA,NA,NA,NA,NA,NA,NA
6884,10,2019-02-20,174,173,47,"2019-06-10","2019-09-23","2020-02-05","2020-03-16",0,NA,NA,NA,NA,NA,NA,NA,NA,NA,NA,NA,NA,NA
6886,25,2019-02-09,174,173,58,"2019-06-10","2019-09-23","2020-02-05","2020-03-16",0,NA,NA,NA,NA,NA,NA,NA,NA,NA,NA,NA,NA,NA
6909,0,2020-03-03,174,173,8,"2019-06-10","2019-09-23","2020-02-05","2020-03-16",0,NA,NA,NA,NA,NA,NA,NA,NA,NA,NA,NA,NA,NA
6926,24,2020-03-09,173,171,20,"2019-01-21","2019-03-09","2019-06-10","2019-09-23",0,NA,NA,NA,NA,NA,NA,NA,NA,NA,NA,NA,NA,NA
7071,16,2020-03-06,174,173,24,"2019-06-10","2019-09-23","2020-02-05","2020-03-16",0,NA,NA,NA,NA,NA,NA,NA,NA,NA,NA,NA,NA,NA
7074,3,2019-02-26,171,167,16,"2018-06-19","2018-09-22","2019-01-21","2019-03-09",0,NA,NA,NA,NA,NA,NA,NA,NA,NA,NA,NA,NA,NA
7077,0,2019-02-09,171,167,72,"2018-06-19","2018-09-22","2019-01-21","2019-03-09",0,NA,NA,NA,NA,NA,NA,NA,NA,NA,NA,NA,NA,NA
7079,4,2019-02-14,171,167,516,"2018-06-19","2018-09-22","2019-01-21","2019-03-09",0,NA,NA,NA,NA,NA,NA,NA,NA,NA,NA,NA,NA,NA
7080,0,2019-02-15,171,167,137,"2018-06-19","2018-09-22","2019-01-21","2019-03-09",0,NA,NA,NA,NA,NA,NA,NA,NA,NA,NA,NA,NA,NA
7084,56,2020-03-06,173,171,3,"2019-01-21","2019-03-09","2019-06-10","2019-09-23",0,NA,NA,NA,NA,NA,NA,NA,NA,NA,NA,NA,NA,NA
7086,0,2019-02-08,173,171,2,"2019-01-21","2019-03-09","2019-06-10","2019-09-23",0,NA,NA,NA,NA,NA,NA,NA,NA,NA,NA,NA,NA,NA
7091,5,2019-02-17,174,173,58,"2019-06-10","2019-09-23","2020-02-05","2020-03-16",0,NA,NA,NA,NA,NA,NA,NA,NA,NA,NA,NA,NA,NA
7096,0,2019-03-02,173,171,53,"2019-01-21","2019-03-09","2019-06-10","2019-09-23",0,NA,NA,NA,NA,NA,NA,NA,NA,NA,NA,NA,NA,NA
7097,0,2019-03-01,171,167,45,"2018-06-19","2018-09-22","2019-01-21","2019-03-09",0,NA,NA,NA,NA,NA,NA,NA,NA,NA,NA,NA,NA,NA
7116,2,2020-03-06,174,173,618,"2019-06-10","2019-09-23","2020-02-05","2020-03-16",0,NA,NA,NA,NA,NA,NA,NA,NA,NA,NA,NA,NA,NA
7131,0,2020-03-04,174,173,179,"2019-06-10","2019-09-23","2020-02-05","2020-03-16",0,NA,NA,NA,NA,NA,NA,NA,NA,NA,NA,NA,NA,NA
7132,5,2020-03-02,174,173,109,"2019-06-10","2019-09-23","2020-02-05","2020-03-16",0,NA,NA,NA,NA,NA,NA,NA,NA,NA,NA,NA,NA,NA
7133,0,2020-03-03,174,173,55,"2019-06-10","2019-09-23","2020-02-05","2020-03-16",0,NA,NA,NA,NA,NA,NA,NA,NA,NA,NA,NA,NA,NA
7144,0,2020-03-02,174,173,9,"2019-06-10","2019-09-23","2020-02-05","2020-03-16",0,NA,NA,NA,NA,NA,NA,NA,NA,NA,NA,NA,NA,NA
