BirdID,Date,StndBody.mass,animal,FieldPeriodID,PeriodYear,PeriodStart,PeriodEnd,Observer,Weather,ReleaseMethod,CatchID,ExplorationBranchOrientation,TentColour,Novel.object.score,TentTerritoryID,Wind,SexEstimate,BirthDate,BirthFieldPeriodID,BirthPeriodYear,BodyMass,Ageclass,CatchTime,Status,Time.between.tests,Social.status,TentPoles,BranchHeight,Start.of.year,Start.of.June,Season.yr.start,Season.june.start,Season,Days.into.season,mum,Ageclass2,Age_days,Testno,Age_sd,Age_sq,Age_sq_sd
1660,15/09/2013,-0.440771293,1660,122,2013,18/06/2013,30/09/2013,MB,S,P,8452,P,G,18,2,0,F,18/03/2002,41,2002,14.39999962,A,00/01/1900,BrF,455,Primary,0,0,01/01/2013,01/06/2013,257,106,106.1,106,1605,4,4199,1,1.541609482,17631601,1.929001858
1707,19/02/2013,-0.602826595,1707,118,2013,22/01/2013,27/02/2013,HE,P,P,8217,D,B,5,2,0,F,19/12/2001,40,2001,14,A,00/01/1900,BrF,928,Primary,0,0,01/01/2013,01/06/2013,49,49,49.2,49,1558,4,4080,1,1.483980973,16646400,1.806686587
1710,27/06/2013,0.419580539,1710,122,2013,18/06/2013,30/09/2013,HE,S,P,8328,P,G,64,2,0,M,21/05/2002,41,2002,18.5,A,00/01/1900,BrM,513,Primary,0,0,01/01/2013,01/06/2013,177,26,26.1,26,524,4,4055,1,1.471874143,16443025,1.781437051
1729,23/07/2013,0.438866656,1729,122,2013,18/06/2013,30/09/2013,LMG,S,H,8368,P,G,58,2,0,M,01/09/2001,40,2001,15.5,A,00/01/1900,BrM,306,Primary,0,0,01/01/2013,01/06/2013,203,52,52.1,52,604,4,4343,1,1.611344821,18861649,2.081715521
1729,24/02/2015,0.300866059,1729,139,2015,16/01/2015,05/03/2015,MB,P,P,8968,D,G,136,2,2,M,01/09/2001,40,2001,15.60000038,A,00/01/1900,BrM,581,Primary,0,0,01/01/2015,01/06/2015,54,54,54.2,54,604,4,4924,2,1.892707544,24245776,2.750168914
1762,04/08/2013,0.471376796,1762,122,2013,18/06/2013,30/09/2013,HE,P,P,8392,P,G,88,2,1,M,10/10/2002,41,2002,17,A,00/01/1900,BrM,0,Primary,0,0,01/01/2013,01/06/2013,215,64,64.1,64,927,4,3951,1,1.421509731,15610401,1.678064612
1763,26/09/2013,-0.546842264,1763,122,2013,18/06/2013,30/09/2013,MB,C,P,8482,P,G,32,2,1,F,08/06/2002,41,2002,14.19999981,A,00/01/1900,BrF,0,Primary,0,0,01/01/2013,01/06/2013,268,117,117.1,117,1152,4,4128,1,1.507226086,17040384,1.855600727
1821,14/08/2013,-0.310769231,1821,122,2013,18/06/2013,30/09/2013,MB,C,P,8407,P,G,13,2,0,F,16/08/2002,41,2002,16,A,00/01/1900,BrF,196,Primary,0,0,01/01/2013,01/06/2013,225,74,74.1,74,1172,4,4016,1,1.452987489,16128256,1.74235766
1824,07/08/2013,-0.092698715,1824,122,2013,18/06/2013,30/09/2013,LMG,S,H,8396,P,G,63,2,0,F,10/08/2003,30,2003,17,A,00/01/1900,BrF,43,Primary,0,0,01/01/2013,01/06/2013,218,67,67.1,67,1419,4,3650,1,1.275743501,13322500,1.394015743
1824,05/07/2014,-0.046698517,1824,125,2014,16/06/2014,04/10/2014,HE,C,H,8704,P,B,77,2,0,F,10/08/2003,30,2003,14.30000019,A,00/01/1900,BrF,332,Primary,0,0,01/01/2014,01/06/2014,185,34,34.1,34,1419,4,3982,2,1.4365222,15856324,1.708596593
1869,10/02/2014,0.085230772,1869,124,2014,19/01/2014,04/03/2014,HE,P,P,8518,P,B,90,2,2,M,07/08/2003,30,2003,15.89999962,A,00/01/1900,BrM,0,Primary,0,0,01/01/2014,01/06/2014,40,40,40.2,40,832,4,3840,1,1.367755407,14745600,1.570697315
2966,17/02/2014,0.096546702,2966,124,2014,19/01/2014,04/03/2014,HE,P,P,8528,P,B,88,2,1,M,26/02/2004,31,2003,16.39999962,A,00/01/1900,BrM,383,Primary,0,0,01/01/2014,01/06/2014,47,47,47.2,47,1605,4,3644,1,1.272837862,13278736,1.388582329
2986,26/09/2013,0.248107547,2986,122,2013,18/06/2013,30/09/2013,MB,C,P,8469,P,G,43,2,1,F,06/03/2004,31,2003,16.10000038,A,00/01/1900,BrF,0,Primary,0,0,01/01/2013,01/06/2013,268,117,117.1,117,869,4,3491,1,1.198744064,12187081,1.253050517
2991,20/02/2013,0.38030634,2991,118,2013,22/01/2013,27/02/2013,HE,C,P,8219,D,B,50,2,2,M,28/11/2003,31,2003,16.5,A,00/01/1900,BrM,0,Primary,0,0,01/01/2013,01/06/2013,50,50,50.2,50,832,4,3372,1,1.141115555,11370384,1.151655456
2991,23/06/2014,0.288305943,2991,125,2014,16/06/2014,04/10/2014,HE,P,P,8632,P,B,48,2,0,M,28/11/2003,31,2003,16.10000038,A,00/01/1900,BrM,488,Primary,0,0,01/01/2014,01/06/2014,173,22,22.1,22,832,4,3860,2,1.377440871,14899600,1.589816817
3085,13/02/2015,-0.588883726,3085,139,2015,16/01/2015,05/03/2015,MB,S,P,8962,D,G,45,2,2,F,22/10/2004,34,2004,14.39999962,A,00/01/1900,BrF,976,Primary,0,0,01/01/2015,01/06/2015,43,43,43.2,43,1763,4,3766,1,1.331919191,14182756,1.500818767
3094,20/07/2013,0.054226147,3094,122,2013,18/06/2013,30/09/2013,LMG,S,P,8364,P,G,54,2,0,F,05/09/2004,34,2004,15.5,A,00/01/1900,BrF,171,Primary,0,0,01/01/2013,01/06/2013,200,49,49.1,49,1891,4,3240,1,1.077191494,10497600,1.043297049
3094,21/06/2014,0.238226943,3094,125,2014,16/06/2014,04/10/2014,HE,P,P,8641,P,B,107,2,0,F,05/09/2004,34,2004,16.60000038,A,00/01/1900,BrF,336,Primary,0,0,01/01/2014,01/06/2014,171,20,20.1,20,1891,4,3576,2,1.239907285,12787776,1.327628366
3451,11/07/2013,0.989113844,3451,122,2013,18/06/2013,30/09/2013,HE,C,P,8346,P,G,2,2,0,F,13/04/2005,37,2005,18.5,A,00/01/1900,BrF,0,Primary,0,0,01/01/2013,01/06/2013,191,40,40.1,40,2987,4,3011,1,0.966292934,9066121,0.865575202
3462,24/02/2013,-0.103055452,3462,118,2013,22/01/2013,27/02/2013,HE,P,P,8225,D,B,93,2,0,F,16/04/2005,37,2005,16,A,00/01/1900,BrF,0,Primary,0,0,01/01/2013,01/06/2013,54,54,54.2,54,1403,4,2871,1,0.898494687,8242641,0.763338015
3462,14/02/2014,0.034945144,3462,124,2014,19/01/2014,04/03/2014,HE,P,P,8524,P,B,111,2,2,F,16/04/2005,37,2005,14.89999962,A,00/01/1900,BrF,355,Primary,0,0,01/01/2014,01/06/2014,44,44,44.2,44,1403,4,3226,2,1.070411669,10407076,1.032058259
3486,06/08/2013,0.250386735,3486,122,2013,18/06/2013,30/09/2013,HE,S,H,8395,P,G,1,2,0,M,12/06/2005,37,2005,17.5,A,00/01/1900,BrM,0,Primary,0,0,01/01/2013,01/06/2013,217,66,66.1,66,1705,4,2977,1,0.949827645,8862529,0.840298725
3486,18/08/2013,0.43438753,3486,122,2013,18/06/2013,30/09/2013,HE,S,P,8423,P,G,78,2,0,M,12/06/2005,37,2005,15,A,00/01/1900,BrM,12,Primary,0,0,01/01/2013,01/06/2013,229,78,78.1,78,1705,4,2989,2,0.955638923,8934121,0.849187059
3643,28/08/2013,0.142398922,3643,122,2013,18/06/2013,30/09/2013,LMG,S,P,8434,P,G,23,2,0,M,28/09/2005,37,2005,16,A,00/01/1900,BrM,336,Primary,0,0,01/01/2013,01/06/2013,239,88,88.1,88,1665,4,2891,1,0.908180151,8357881,0.777645361
3694,22/08/2013,-0.46701635,3694,122,2013,18/06/2013,30/09/2013,HE,C,P,8430,P,G,2,2,0,F,06/12/2004,35,2005,14,A,00/01/1900,BrF,0,Primary,0,0,01/01/2013,01/06/2013,233,82,82.1,82,869,4,3181,1,1.048619376,10118761,0.996263201
3699,02/07/2013,0.16666916,3699,122,2013,18/06/2013,30/09/2013,LMG,S,P,8336,P,G,9,2,0,F,08/10/2005,37,2005,16,A,00/01/1900,BrF,0,Primary,0,0,01/01/2013,01/06/2013,182,31,31.1,31,2968,4,2824,1,0.875733847,7974976,0.730106708
4803,05/08/2013,0.050720698,4803,122,2013,18/06/2013,30/09/2013,LMG,S,P,8394,P,G,1,2,0,F,17/12/2005,54,2005,15.5,A,00/01/1900,BrF,0,Primary,0,0,01/01/2013,01/06/2013,216,65,65.1,65,1042,4,2788,1,0.858300012,7772944,0.705023909
4860,14/02/2013,0.118128684,4860,118,2013,22/01/2013,27/02/2013,SH,S,P,8208,D,B,65,2,0,M,11/05/2006,75,2006,16,A,00/01/1900,BrM,0,Primary,0,0,01/01/2013,01/06/2013,44,44,44.2,44,1821,4,2471,1,0.704785411,6105841,0.498048729
4883,11/07/2013,0.327426905,4883,122,2013,18/06/2013,30/09/2013,LMG,C,H,8348,P,G,160,2,0,F,06/08/2006,75,2006,17.5,A,00/01/1900,BrF,385,Primary,0,0,01/01/2013,01/06/2013,191,40,40.1,40,1697,4,2531,1,0.733841803,6405961,0.535309409
4885,13/07/2013,0.119206273,4885,122,2013,18/06/2013,30/09/2013,HE,S,P,8350,P,G,19,2,1,F,05/08/2006,75,2006,16,A,00/01/1900,BrF,291,Primary,0,0,01/01/2013,01/06/2013,193,42,42.1,42,1772,4,2534,1,0.735294622,6421156,0.537195907
4885,14/07/2013,-0.15679492,4885,122,2013,18/06/2013,30/09/2013,HE,C,P,8352,P,G,54,2,1,F,05/08/2006,75,2006,15,A,00/01/1900,BrF,1,Primary,0,0,01/01/2013,01/06/2013,194,43,43.1,43,1772,4,2535,2,0.735778896,6426225,0.537825237
4892,24/08/2013,0.619142548,4892,122,2013,18/06/2013,30/09/2013,MB,C,P,8427,P,G,84,2,0,M,14/08/2006,75,2006,17,A,00/01/1900,BrM,340,Primary,0,0,01/01/2013,01/06/2013,235,84,84.1,84,3505,4,2567,1,0.751275638,6589489,0.558094888
4904,18/08/2013,-0.283659903,4904,122,2013,18/06/2013,30/09/2013,HE,S,P,8416,P,G,71,2,0,F,20/08/2006,75,2006,15,A,00/01/1900,BrF,328,Primary,0,0,01/01/2013,01/06/2013,229,78,78.1,78,1854,4,2555,1,0.745464359,6528025,0.550463972
4933,18/09/2013,0.338172985,4933,122,2013,18/06/2013,30/09/2013,MB,S,H,8465,P,G,0,2,0,M,08/09/2006,75,2006,16.29999924,A,00/01/1900,BrM,0,Primary,0,0,01/01/2013,01/06/2013,260,109,109.1,109,3453,4,2567,1,0.751275638,6589489,0.558094888
4947,21/02/2013,0.42283632,4947,118,2013,22/01/2013,27/02/2013,HE,P,P,8221,D,B,38,2,2,M,12/10/2006,75,2006,17,A,00/01/1900,BrM,0,Primary,0,0,01/01/2013,01/06/2013,51,51,51.2,51,1865,4,2324,1,0.633597253,5400976,0.410537903
4957,16/07/2013,0.257112736,4957,122,2013,18/06/2013,30/09/2013,HD,S,P,8356,P,G,57,2,0,M,16/10/2006,75,2006,16,A,00/01/1900,BrM,0,Primary,0,0,01/01/2013,01/06/2013,196,45,45.1,45,2982,4,2465,1,0.701879772,6076225,0.494371825
4957,21/07/2014,-0.064888656,4957,125,2014,16/06/2014,04/10/2014,HE,P,H,8746,P,B,89,2,0,M,16/10/2006,75,2006,15.60000038,A,00/01/1900,BrM,370,Primary,0,0,01/01/2014,01/06/2014,201,50,50.1,50,2982,4,2835,2,0.881060852,8037225,0.737835084
4965,04/07/2013,0.811295113,4965,122,2013,18/06/2013,30/09/2013,HE,S,P,8338,P,G,27,2,0,F,20/10/2006,75,2006,18,A,00/01/1900,BrF,1055,Primary,0,0,01/01/2013,01/06/2013,184,33,33.1,33,3094,4,2449,1,0.694131401,5997601,0.484610451
4999,16/09/2013,0.436866722,4999,122,2013,18/06/2013,30/09/2013,MB,C,P,8451,P,G,78,2,1,F,17/02/2007,77,2007,16.60000038,A,00/01/1900,BrF,0,Primary,0,0,01/01/2013,01/06/2013,258,107,107.1,107,1757,4,2403,1,0.671854835,5774409,0.456900583
5000,14/07/2013,0.311264705,5000,122,2013,18/06/2013,30/09/2013,HE,C,P,8353,P,G,60,2,1,M,21/10/2006,75,2006,16,A,00/01/1900,BrM,156,Primary,0,0,01/01/2013,01/06/2013,194,43,43.1,43,3002,4,2458,1,0.69848986,6041764,0.490093402
5009,14/02/2019,-0.604010102,5009,171,2019,21/01/2019,09/03/2019,TC,S,P,10740,P,G,0,2,0,F,24/10/2006,75,2006,14.10000038,A,00/01/1900,BrF,2417,Primary,1,1,01/01/2019,01/06/2019,44,44,44.2,44,1778,4,4496,1,1.685438619,20214016,2.249615407
5072,14/02/2015,0.243748181,5072,139,2015,16/01/2015,05/03/2015,MB,S,P,8961,D,G,112,2,2,M,20/04/2007,77,2007,16.10000038,A,00/01/1900,BrM,981,Primary,0,0,01/01/2015,01/06/2015,44,44,44.2,44,2985,4,2857,1,0.891714862,8162449,0.753381969
5162,28/07/2013,-0.795994224,5162,122,2013,18/06/2013,30/09/2013,LMG,S,P,8384,P,G,16,2,0,F,15/01/2007,77,2007,13,A,00/01/1900,BrF,0,Primary,0,0,01/01/2013,01/06/2013,208,57,57.1,57,1244,4,2386,1,0.66362219,5692996,0.446792947
5173,19/09/2013,-0.533702722,5173,122,2013,18/06/2013,30/09/2013,MB,C,P,8463,P,G,27,2,0,F,03/06/2007,77,2007,15.39999962,A,00/01/1900,ABX,367,Non-primary,0,0,01/01/2013,01/06/2013,261,110,110.1,110,845,4,2300,1,0.621974696,5290000,0.396759943
5173,01/02/2014,-0.441702324,5173,124,2014,19/01/2014,04/03/2014,HE,P,P,8511,P,B,33,2,1,F,03/06/2007,77,2007,13.69999981,A,00/01/1900,BrF,135,Primary,0,0,01/01/2014,01/06/2014,31,31,31.2,31,845,4,2435,2,0.687351577,5929225,0.476121392
5217,05/09/2013,0.265276183,5217,122,2013,18/06/2013,30/09/2013,LMG,S,P,8438,P,G,10,2,0,F,25/05/2008,87,2008,15.80000019,A,00/01/1900,H,0,Non-primary,0,0,01/01/2013,01/06/2013,247,96,96.1,96,3596,4,1929,1,0.442309343,3721041,0.201969596
5217,05/02/2015,0.035275189,5217,139,2015,16/01/2015,05/03/2015,MB,S,H,8935,D,G,56,2,1,F,25/05/2008,87,2008,15.89999962,A,00/01/1900,H,518,Non-primary,0,0,01/01/2015,01/06/2015,35,35,35.2,35,3596,4,2447,2,0.693162855,5987809,0.483394749
5235,01/08/2013,0.000901528,5235,122,2013,18/06/2013,30/09/2013,HE,P,P,8503,P,G,69,2,1,M,31/05/2008,87,2008,15,A,00/01/1900,BrM,317,Primary,0,0,01/01/2013,01/06/2013,212,61,61.1,61,1669,4,1888,1,0.422454142,3564544,0.182540086
5249,11/08/2013,-0.162308714,5249,122,2013,18/06/2013,30/09/2013,MB,C,P,8420,P,G,75,2,0,M,09/12/2007,85,2008,15,A,00/01/1900,BrM,330,Primary,0,0,01/01/2013,01/06/2013,222,71,71.1,71,1782,4,2072,1,0.511560409,4293184,0.27300264
5267,17/08/2013,-0.286867762,5267,122,2013,18/06/2013,30/09/2013,HE,S,P,8419,P,G,91,2,0,F,20/12/2007,85,2008,14,A,00/01/1900,BrF,342,Primary,0,0,01/01/2013,01/06/2013,228,77,77.1,77,3518,4,2067,1,0.509139043,4272489,0.270433302
5290,15/02/2013,-0.070630491,5290,118,2013,22/01/2013,27/02/2013,HE,S,P,8209,D,B,7,2,2,M,23/10/2008,87,2008,15.5,A,00/01/1900,BrM,0,Primary,0,0,01/01/2013,01/06/2013,45,45,45.2,45,5079,4,1576,1,0.271360907,2483776,0.048359923
5291,07/08/2014,0.580374984,5291,125,2014,16/06/2014,04/10/2014,HE,C,P,8769,P,B,63,2,0,M,23/10/2008,87,2008,16.5,A,00/01/1900,BrM,322,Primary,0,0,01/01/2014,01/06/2014,218,67,67.1,67,1043,4,2114,1,0.531899883,4468996,0.294830158
5292,24/08/2013,0.495647033,5292,122,2013,18/06/2013,30/09/2013,MB,C,P,8428,P,G,1,2,0,M,23/11/2008,90,2009,17,A,00/01/1900,BrM,0,Primary,0,0,01/01/2013,01/06/2013,235,84,84.1,84,3022,4,1735,1,0.348360344,3010225,0.113719938
5321,02/09/2013,0.331158096,5321,122,2013,18/06/2013,30/09/2013,MB,C,P,8440,P,G,3,2,0,M,18/03/2009,90,2009,16.5,A,00/01/1900,BrM,0,Primary,0,0,01/01/2013,01/06/2013,244,93,93.1,93,3453,4,1629,1,0.297027386,2653641,0.069449106
5334,31/07/2013,0.856517736,5334,122,2013,18/06/2013,30/09/2013,LMG,S,P,8501,P,G,13,2,0,M,22/03/2009,90,2009,19,A,00/01/1900,BrM,382,Primary,0,0,01/01/2013,01/06/2013,211,60,60.1,60,3596,4,1592,1,0.279109278,2534464,0.054652971
5338,14/07/2013,-0.134260336,5338,122,2013,18/06/2013,30/09/2013,HE,C,P,8351,P,G,51,2,1,M,14/04/2009,92,2009,15.5,A,00/01/1900,BrM,372,Primary,0,0,01/01/2013,01/06/2013,194,43,43.1,43,1798,4,1552,1,0.259738351,2408704,0.039039539
5447,18/07/2013,-0.089498001,5447,122,2013,18/06/2013,30/09/2013,LMG,S,P,8359,P,G,17,2,0,M,09/05/2009,92,2009,15,A,00/01/1900,BrM,0,Primary,0,0,01/01/2013,01/06/2013,198,47,47.1,47,2989,4,1531,1,0.249568614,2343961,0.031001527
5453,31/07/2013,0.027535701,5453,122,2013,18/06/2013,30/09/2013,HE,S,P,8500,P,G,11,2,0,M,05/08/2009,92,2009,15.5,A,00/01/1900,BrM,1086,Primary,0,0,01/01/2013,01/06/2013,211,60,60.1,60,1763,4,1456,1,0.213248125,2119936,0.00318824
5508,03/07/2013,0.901560549,5508,122,2013,18/06/2013,30/09/2013,LMG,S,P,8337,P,G,0,2,0,M,15/11/2009,92,2009,18,A,00/01/1900,BrM,365,Primary,0,0,01/01/2013,01/06/2013,183,32,32.1,32,4896,4,1326,1,0.15029261,1758276,-0.041712791
5513,22/09/2013,0.887051291,5513,122,2013,18/06/2013,30/09/2013,MB,C,P,8476,P,G,19,2,1,M,13/11/2009,92,2009,18.20000076,A,00/01/1900,BrM,471,Primary,0,0,01/01/2013,01/06/2013,264,113,113.1,113,4973,4,1409,1,0.190487285,1985281,-0.013529529
5514,14/08/2013,-0.925228811,5514,122,2013,18/06/2013,30/09/2013,MB,C,P,8408,P,G,43,2,0,F,13/11/2009,92,2009,14,A,00/01/1900,BrF,1130,Primary,0,0,01/01/2013,01/06/2013,225,74,74.1,74,5320,4,1370,1,0.17160063,1876900,-0.026985313
5514,15/08/2013,-0.97122901,5514,122,2013,18/06/2013,30/09/2013,MB,C,P,8414,P,G,121,2,0,F,13/11/2009,92,2009,13,A,00/01/1900,BrF,1,Primary,0,0,01/01/2013,01/06/2013,226,75,75.1,75,5320,4,1371,2,0.172084903,1879641,-0.026645011
5517,12/02/2014,0.595417668,5517,124,2014,19/01/2014,04/03/2014,HE,P,P,8523,P,B,128,2,1,F,12/11/2009,92,2009,18.5,A,00/01/1900,ABX,1313,Non-primary,0,0,01/01/2014,01/06/2014,42,42,42.2,42,5267,4,1553,1,0.260222624,2411809,0.039425033
5522,24/07/2013,0.450019523,5522,122,2013,18/06/2013,30/09/2013,HE,S,H,8375,P,G,93,2,0,M,16/11/2009,92,2009,17,A,00/01/1900,BrM,524,Primary,0,0,01/01/2013,01/06/2013,204,53,53.1,53,1757,4,1346,1,0.159978074,1811716,-0.035078076
5523,29/06/2013,0.519034156,5523,122,2013,18/06/2013,30/09/2013,LMG,S,P,8330,P,G,124,2,0,M,16/11/2009,92,2009,18,A,00/01/1900,BrM,279,Primary,0,0,01/01/2013,01/06/2013,179,28,28.1,28,1757,4,1321,1,0.147871244,1745041,-0.043355951
5523,23/07/2013,0.519034156,5523,122,2013,18/06/2013,30/09/2013,HE,S,P,8369,P,G,83,2,0,M,16/11/2009,92,2009,16,A,00/01/1900,BrM,24,Primary,0,0,01/01/2013,01/06/2013,203,52,52.1,52,1757,4,1345,2,0.159493801,1809025,-0.035412171
5525,27/07/2013,-0.270079763,5525,122,2013,18/06/2013,30/09/2013,HE,S,H,8380,P,G,139,2,0,F,16/11/2009,92,2009,16,A,00/01/1900,H,414,Non-primary,0,0,01/01/2013,01/06/2013,207,56,56.1,56,5163,4,1349,1,0.161430893,1819801,-0.034074302
5525,22/09/2013,-0.086078968,5525,122,2013,18/06/2013,30/09/2013,MB,C,P,8479,P,G,6,2,1,F,16/11/2009,92,2009,15.39999962,A,00/01/1900,H,57,Non-primary,0,0,01/01/2013,01/06/2013,264,113,113.1,113,5163,4,1406,2,0.189034465,1976836,-0.014577998
5530,20/02/2014,-0.07557236,5530,124,2014,19/01/2014,04/03/2014,HE,C,P,8530,P,B,166,2,0,F,29/11/2009,92,2009,15.60000038,A,00/01/1900,BrF,740,Primary,0,0,01/01/2014,01/06/2014,50,50,50.2,50,3594,4,1544,1,0.255864165,2383936,0.035964527
5536,17/02/2013,-0.865693186,5536,118,2013,22/01/2013,27/02/2013,SH,S,P,8213,D,B,20,2,1,F,28/03/2010,103,2010,14.5,A,00/01/1900,BrF,937,Primary,0,0,01/01/2013,01/06/2013,47,47,47.2,47,1763,4,1057,1,0.020023122,1117249,-0.121297963
5536,15/09/2013,-0.681692391,5536,122,2013,18/06/2013,30/09/2013,MB,S,P,8453,P,G,6,2,1,F,28/03/2010,103,2010,14.10000038,A,00/01/1900,BrF,210,Primary,0,0,01/01/2013,01/06/2013,257,106,106.1,106,1763,4,1267,2,0.121720492,1605289,-0.060706526
5545,11/07/2013,0.587325257,5545,122,2013,18/06/2013,30/09/2013,HE,C,P,8347,P,G,66,2,0,F,03/08/2010,104,2010,17.5,A,00/01/1900,SEEN1,0,Non-primary,0,0,01/01/2013,01/06/2013,191,40,40.1,40,2989,4,1073,1,0.027771493,1151329,-0.117066843
5547,18/02/2013,0.275456675,5547,118,2013,22/01/2013,27/02/2013,SH,S,P,8216,D,B,41,2,1,M,14/08/2010,104,2010,16,A,00/01/1900,BrM,243,Primary,0,0,01/01/2013,01/06/2013,48,48,48.2,48,5217,4,919,1,-0.046806578,844561,-0.155152889
5547,10/07/2013,0.505457669,5547,122,2013,18/06/2013,30/09/2013,HE,S,P,8344,P,G,63,2,0,M,14/08/2010,104,2010,18.5,A,00/01/1900,BrM,142,Primary,0,0,01/01/2013,01/06/2013,190,39,39.1,39,5217,4,1061,2,0.021960215,1125721,-0.120246143
5547,30/01/2014,0.275456675,5547,124,2014,19/01/2014,04/03/2014,HE,P,P,8505,P,B,57,2,1,M,14/08/2010,104,2010,16.79999924,A,00/01/1900,BrM,204,Primary,0,0,01/01/2014,01/06/2014,29,29,29.2,29,5217,4,1265,3,0.120751945,1600225,-0.061335235
5547,20/02/2016,0.367457072,5547,144,2016,02/02/2016,09/03/2016,LJR,S,P,9244,P,B,73,1.1,2,M,14/08/2010,104,2010,13.5,A,00/01/1900,BrM,751,Primary,0,0,01/01/2016,01/06/2016,50,50,50.2,50,5217,4,2016,4,0.48444111,4064256,0.244580633
5559,10/08/2013,0.865199932,5559,122,2013,18/06/2013,30/09/2013,LMG,C,P,8398,P,G,1,2,1,M,05/01/2010,103,2010,18,A,00/01/1900,BrM,1073,Primary,0,0,01/01/2013,01/06/2013,221,70,70.1,70,1716,4,1313,1,0.143997059,1723969,-0.045972095
5575,30/07/2013,0.596183786,5575,122,2013,18/06/2013,30/09/2013,HE,S,P,8386,P,G,0,2,0,F,19/08/2010,104,2010,19,A,00/01/1900,BrF,0,Primary,0,0,01/01/2013,01/06/2013,210,59,59.1,59,5168,4,1076,1,0.029224313,1157776,-0.116266431
5575,27/06/2014,0.642183985,5575,125,2014,16/06/2014,04/10/2014,HE,S,P,8666,P,B,4,2,0,F,19/08/2010,104,2010,14.60000038,A,00/01/1900,BrF,332,Primary,0,0,01/01/2014,01/06/2014,177,26,26.1,26,5168,4,1408,2,0.190003011,1982464,-0.013879267
5584,11/07/2014,-0.142423783,5584,125,2014,16/06/2014,04/10/2014,HE,P,P,8724,P,B,1,2,0,F,31/10/2010,104,2010,15.60000038,A,00/01/1900,BrF,652,Primary,0,0,01/01/2014,01/06/2014,191,40,40.1,40,3086,4,1349,1,0.161430893,1819801,-0.034074302
5588,26/09/2013,1.272122103,5588,122,2013,18/06/2013,30/09/2013,MB,C,H,8468,P,G,33,2,1,M,31/10/2010,104,2010,19,A,00/01/1900,BrM,475,Primary,0,0,01/01/2013,01/06/2013,268,117,117.1,117,4964,4,1061,1,0.021960215,1125721,-0.120246143
5590,24/02/2013,0.895713089,5590,118,2013,22/01/2013,27/02/2013,HE,P,P,8226,D,B,157,2,0,M,28/02/2011,105,2011,17,A,00/01/1900,BrM,164,Primary,0,0,01/01/2013,01/06/2013,54,54,54.2,54,5517,4,727,1,-0.13978703,528529,-0.194389085
5590,29/07/2013,0.665712096,5590,122,2013,18/06/2013,30/09/2013,HE,P,P,8385,P,G,96,2,0,M,28/02/2011,105,2011,17.5,A,00/01/1900,BrM,155,Primary,0,0,01/01/2013,01/06/2013,209,58,58.1,58,5517,4,882,2,-0.064724686,777924,-0.163426046
5597,26/08/2013,0.190939397,5597,122,2013,18/06/2013,30/09/2013,LMG,C,P,8432,P,G,1,2,0,F,06/11/2010,104,2010,16,A,00/01/1900,BrF,0,Primary,0,0,01/01/2013,01/06/2013,237,86,86.1,86,1716,4,1024,1,0.004042107,1048576,-0.129823895
5604,22/06/2013,-0.509608029,5604,122,2013,18/06/2013,30/09/2013,HE,S,H,8319,P,G,59,2,0,F,02/11/2010,104,2010,14,A,00/01/1900,ABX,486,Non-primary,0,0,01/01/2013,01/06/2013,172,21,21.1,21,5284,4,963,1,-0.025498558,927369,-0.14487206
5604,05/07/2014,-0.187606638,5604,125,2014,16/06/2014,04/10/2014,HE,C,H,8703,P,B,62,2,0,F,02/11/2010,104,2010,15.5,A,00/01/1900,ABX,378,Non-primary,0,0,01/01/2014,01/06/2014,185,34,34.1,34,5284,4,1341,2,0.157556708,1798281,-0.036746067
5612,13/08/2013,-0.119198639,5612,122,2013,18/06/2013,30/09/2013,MB,C,P,8405,P,G,9,2,1,M,09/11/2010,104,2010,15,A,00/01/1900,BrM,430,Primary,0,0,01/01/2013,01/06/2013,224,73,73.1,73,1827,4,1008,1,-0.003706264,1016064,-0.133860345
5612,08/09/2013,-0.303199434,5612,122,2013,18/06/2013,30/09/2013,MB,S,P,8442,P,G,117,2,0,M,09/11/2010,104,2010,15.10000038,A,00/01/1900,BrM,26,Primary,0,0,01/01/2013,01/06/2013,250,99,99.1,99,1827,4,1034,2,0.008884839,1069156,-0.127268835
5613,25/07/2013,0.069588209,5613,122,2013,18/06/2013,30/09/2013,HE,S,H,8377,P,G,31,2,0,F,02/07/2010,104,2010,16,A,00/01/1900,BrF,407,Primary,0,0,01/01/2013,01/06/2013,205,54,54.1,54,3518,4,1119,1,0.05004806,1252161,-0.104548287
5618,21/07/2013,-0.141987929,5618,122,2013,18/06/2013,30/09/2013,HE,S,P,8365,P,G,56,2,0,F,07/04/2011,105,2011,13.5,A,00/01/1900,BrF,0,Primary,0,0,01/01/2013,01/06/2013,201,50,50.1,50,1438,4,836,1,-0.087001253,698896,-0.173237578
5618,17/08/2013,-0.371988922,5618,122,2013,18/06/2013,30/09/2013,MB,S,H,8418,P,G,130,2,0,F,07/04/2011,105,2011,16.5,A,00/01/1900,BrF,27,Primary,0,0,01/01/2013,01/06/2013,228,77,77.1,77,1438,4,863,2,-0.073925877,744769,-0.167542326
5620,26/02/2015,0.288988948,5620,139,2015,16/01/2015,05/03/2015,MB,S,P,8978,D,G,50,2,2,M,02/11/2010,104,2010,16.29999924,A,00/01/1900,BrM,984,Primary,0,0,01/01/2015,01/06/2015,56,56,56.2,56,1660,4,1577,1,0.27184518,2486929,0.048751377
5621,15/09/2013,-0.065124567,5621,122,2013,18/06/2013,30/09/2013,MB,S,P,8455,P,G,36,2,1,F,02/11/2010,104,2010,15.69999981,A,00/01/1900,BrF,570,Primary,0,0,01/01/2013,01/06/2013,257,106,106.1,106,3616,4,1048,1,0.015664663,1098304,-0.123650035
5625,22/02/2013,0.027019814,5625,118,2013,22/01/2013,27/02/2013,HE,P,P,8223,D,B,75,2,2,F,12/11/2010,104,2010,16,A,00/01/1900,BrF,24,Primary,0,0,01/01/2013,01/06/2013,52,52,52.2,52,5531,4,833,1,-0.088454072,693889,-0.17385921
5626,24/09/2013,1.12595784,5626,122,2013,18/06/2013,30/09/2013,MB,C,H,8487,P,G,19,2,1,M,22/11/2010,104,2010,18.39999962,A,00/01/1900,BrM,0,Primary,0,0,01/01/2013,01/06/2013,266,115,115.1,115,3595,4,1037,1,0.010337658,1075369,-0.126497475
5626,27/06/2014,1.309958635,5626,125,2014,16/06/2014,04/10/2014,HE,S,P,8665,P,B,47,2,0,M,22/11/2010,104,2010,17.89999962,A,00/01/1900,BrM,276,Primary,0,0,01/01/2014,01/06/2014,177,26,26.1,26,3595,4,1313,2,0.143997059,1723969,-0.045972095
5634,16/02/2013,-0.52604569,5634,118,2013,22/01/2013,27/02/2013,HE,P,P,8211,D,B,23,2,1,F,14/12/2010,104,2010,13.5,A,00/01/1900,BrF,0,Primary,0,0,01/01/2013,01/06/2013,46,46,46.2,46,3022,4,795,1,-0.106856453,632025,-0.181539787
5634,11/07/2014,-0.572045889,5634,125,2014,16/06/2014,04/10/2014,HE,P,P,8727,P,B,18,2,0,F,14/12/2010,104,2010,15.30000019,A,00/01/1900,BrF,510,Primary,0,0,01/01/2014,01/06/2014,191,40,40.1,40,3022,4,1305,2,0.140122873,1703025,-0.048572347
5638,11/07/2013,1.186753573,5638,122,2013,18/06/2013,30/09/2013,HE,C,P,8345,P,G,22,2,0,M,16/05/2011,105,2011,19.5,A,00/01/1900,BrM,0,Primary,0,0,01/01/2013,01/06/2013,191,40,40.1,40,1617,4,787,1,-0.110730639,619369,-0.183111062
5638,10/02/2014,1.094753175,5638,124,2014,19/01/2014,04/03/2014,HE,P,P,8519,P,B,90,2,2,M,16/05/2011,105,2011,16.60000038,A,00/01/1900,BrM,214,Primary,0,0,01/01/2014,01/06/2014,40,40,40.2,40,1617,4,1001,2,-0.007096176,1002001,-0.135606303
5639,22/08/2013,0.718104638,5639,122,2013,18/06/2013,30/09/2013,HE,C,H,8429,P,G,1,2,0,M,17/05/2011,105,2011,17.5,A,00/01/1900,BrM,338,Primary,0,0,01/01/2013,01/06/2013,233,82,82.1,82,5242,4,828,1,-0.090875438,685584,-0.174890298
5642,01/08/2013,-0.094900728,5642,122,2013,18/06/2013,30/09/2013,HE,C,H,8502,P,G,1,2,1,F,03/12/2010,104,2010,15.5,A,00/01/1900,BrF,324,Primary,0,0,01/01/2013,01/06/2013,212,61,61.1,61,1852,4,972,1,-0.021140099,944784,-0.142709942
5643,15/08/2013,0.718935047,5643,122,2013,18/06/2013,30/09/2013,MB,C,H,8415,P,G,173,2,0,M,03/12/2010,104,2010,16.5,A,00/01/1900,BrM,331,Primary,0,0,01/01/2013,01/06/2013,226,75,75.1,75,5277,4,986,1,-0.014360274,972196,-0.139306671
5643,07/02/2014,0.534934252,5643,124,2014,19/01/2014,04/03/2014,HE,P,P,8514,P,B,105,2,1,M,03/12/2010,104,2010,17.20000076,A,00/01/1900,BrM,176,Primary,0,0,01/01/2014,01/06/2014,37,37,37.2,37,5277,4,1162,2,0.070871807,1350244,-0.092371027
5648,18/08/2013,-0.022090015,5648,122,2013,18/06/2013,30/09/2013,HE,S,P,8417,P,G,1,2,0,F,03/07/2011,105,2011,15.5,A,00/01/1900,ABX,0,Non-primary,0,0,01/01/2013,01/06/2013,229,78,78.1,78,5277,4,777,1,-0.115573371,603729,-0.185052809
5652,25/02/2014,-0.856104719,5652,124,2014,19/01/2014,04/03/2014,HE,S,P,8534,P,B,86,2,0,F,02/01/2011,104,2010,13.30000019,A,00/01/1900,SEEN2,754,Non-primary,0,0,01/01/2014,01/06/2014,55,55,55.2,55,5075,4,1150,1,0.065060529,1322500,-0.095815517
5653,09/07/2013,-0.235119427,5653,122,2013,18/06/2013,30/09/2013,HE,C,P,8341,P,G,49,2,1,F,14/08/2011,105,2011,15,A,00/01/1900,BrF,0,Primary,0,0,01/01/2013,01/06/2013,189,38,38.1,38,3462,4,695,1,-0.155283772,483025,-0.200038525
5679,10/08/2013,0.119547994,5679,122,2013,18/06/2013,30/09/2013,LMG,C,P,8399,P,G,50,2,1,M,16/01/2011,104,2010,15,A,00/01/1900,BrM,0,Primary,0,0,01/01/2013,01/06/2013,221,70,70.1,70,1824,4,937,1,-0.038089661,877969,-0.151005199
5679,22/02/2019,-0.110453,5679,171,2019,21/01/2019,09/03/2019,TC,S,H,10761,D,G,166,2,1,M,16/01/2011,104,2010,16,A,00/01/1900,BrM,2022,Primary,1,1,01/01/2019,01/06/2019,52,52,52.2,52,1824,4,2959,2,0.941110728,8755681,0.827033268
5683,20/07/2013,-0.60576995,5683,122,2013,18/06/2013,30/09/2013,HE,S,P,8363,P,G,3,2,0,F,18/09/2010,104,2010,14.5,A,00/01/1900,BrF,0,Primary,0,0,01/01/2013,01/06/2013,200,49,49.1,49,5162,4,1036,1,0.009853385,1073296,-0.126754843
5683,25/09/2013,-0.329768758,5683,122,2013,18/06/2013,30/09/2013,MB,C,P,8483,P,G,25,2,1,F,18/09/2010,104,2010,15.30000019,A,00/01/1900,BrF,67,Primary,0,0,01/01/2013,01/06/2013,267,116,116.1,116,5162,4,1103,2,0.042299689,1216609,-0.108962161
5683,20/06/2014,-0.743770546,5683,125,2014,16/06/2014,04/10/2014,MB,P,H,8625,P,B,95,2,0,F,18/09/2010,104,2010,13.69999981,A,00/01/1900,BrF,268,Primary,0,0,01/01/2014,01/06/2014,170,19,19.1,19,5162,4,1371,3,0.172084903,1879641,-0.026645011
5748,22/08/2013,0.072969544,5748,122,2013,18/06/2013,30/09/2013,MB,C,P,8422,P,G,4,2,0,F,02/08/2011,105,2011,16.5,A,00/01/1900,ABX,345,Non-primary,0,0,01/01/2013,01/06/2013,233,82,82.1,82,3608,4,751,1,-0.128164474,564001,-0.189985144
5748,18/02/2015,0.026969346,5748,139,2015,16/01/2015,05/03/2015,MB,S,P,8960,D,G,6,2,1,F,02/08/2011,105,2011,15.5,A,00/01/1900,BrF,545,Primary,0,0,01/01/2015,01/06/2015,48,48,48.2,48,3608,4,1296,2,0.135764414,1679616,-0.051478635
5749,01/08/2013,0.388893966,5749,122,2013,18/06/2013,30/09/2013,LMG,S,H,8504,P,G,19,2,1,F,01/08/2011,105,2011,17,A,00/01/1900,BrF,0,Primary,0,0,01/01/2013,01/06/2013,212,61,61.1,61,4971,4,731,1,-0.137849938,534361,-0.193665027
5749,19/02/2015,0.526894562,5749,139,2015,16/01/2015,05/03/2015,MB,S,P,8956,D,G,25,2,2,F,01/08/2011,105,2011,15.89999962,A,00/01/1900,BrF,567,Primary,0,0,01/01/2015,01/06/2015,49,49,49.2,49,4971,4,1298,2,0.136732961,1684804,-0.050834532
5750,28/07/2013,-0.272001667,5750,122,2013,18/06/2013,30/09/2013,HE,P,P,8382,P,G,31,2,0,F,01/08/2011,105,2011,15,A,00/01/1900,BrF,322,Primary,0,0,01/01/2013,01/06/2013,208,57,57.1,57,1826,4,727,1,-0.13978703,528529,-0.194389085
5766,14/02/2013,0.074990936,5766,118,2013,22/01/2013,27/02/2013,SH,P,P,8207,D,B,1,2,1,F,30/09/2011,105,2011,15.5,A,00/01/1900,SEEN2,0,Non-primary,0,0,01/01/2013,01/06/2013,44,44,44.2,44,5337,4,503,1,-0.248264225,253009,-0.228595611
5769,03/08/2013,-0.215803966,5769,122,2013,18/06/2013,30/09/2013,LMG,P,P,8389,P,G,83,2,0,F,01/10/2011,105,2011,16,A,00/01/1900,ABX,39,Non-primary,0,0,01/01/2013,01/06/2013,214,63,63.1,63,5450,4,672,1,-0.166422056,451584,-0.203942007
5769,26/06/2014,-0.07780337,5769,125,2014,16/06/2014,04/10/2014,HE,P,H,8661,P,B,22,2,1,F,01/10/2011,105,2011,15.5,A,00/01/1900,BrF,327,Primary,0,0,01/01/2014,01/06/2014,176,25,25.1,25,5450,4,999,2,-0.008064723,998001,-0.136102913
5770,28/07/2013,-1.495051255,5770,122,2013,18/06/2013,30/09/2013,HE,S,P,8383,P,G,44,2,0,F,01/12/2011,112,2012,13.5,A,00/01/1900,BrF,398,Primary,0,0,01/01/2013,01/06/2013,208,57,57.1,57,5525,4,605,1,-0.198868359,366025,-0.21456438
5770,17/09/2013,-1.31105046,5770,122,2013,18/06/2013,30/09/2013,MB,S,P,8457,P,G,70,2,0,F,01/12/2011,112,2012,14.60000038,A,00/01/1900,BrF,51,Primary,0,0,01/01/2013,01/06/2013,259,108,108.1,108,5525,4,656,2,-0.174170427,430336,-0.206580002
5774,20/07/2013,-0.425975979,5774,122,2013,18/06/2013,30/09/2013,HE,S,H,8362,P,G,103,2,0,M,09/11/2011,105,2011,15.5,A,00/01/1900,BrM,529,Primary,0,0,01/01/2013,01/06/2013,200,49,49.1,49,1763,4,619,1,-0.192088535,383161,-0.212436901
5776,15/02/2013,0.689612379,5776,118,2013,22/01/2013,27/02/2013,HE,S,H,8210,D,B,60,2,2,M,13/06/2011,105,2011,16,A,00/01/1900,BrM,13,Primary,0,0,01/01/2013,01/06/2013,45,45,45.2,45,5132,4,613,1,-0.194994174,375769,-0.213354637
5776,01/07/2013,0.781612777,5776,122,2013,18/06/2013,30/09/2013,LMG,C,P,8334,P,G,91,2,0,M,13/06/2011,105,2011,18,A,00/01/1900,BrM,136,Primary,0,0,01/01/2013,01/06/2013,181,30,30.1,30,5132,4,749,2,-0.12913302,561001,-0.190357602
5776,13/02/2016,0.919613373,5776,144,2016,02/02/2016,09/03/2016,LJR,S,P,9231,P,B,101,1.1,2,M,13/06/2011,105,2011,16.5,A,00/01/1900,BrM,957,Primary,0,0,01/01/2016,01/06/2016,43,43,43.2,43,5132,4,1706,3,0.334316422,2910436,0.101330874
5778,21/02/2013,-1.415306578,5778,118,2013,22/01/2013,27/02/2013,HE,P,P,8220,D,B,43,2,2,F,10/12/2011,112,2012,14,A,00/01/1900,SEEN1,242,Non-primary,0,0,01/01/2013,01/06/2013,51,51,51.2,51,3517,4,439,1,-0.279257709,192721,-0.236080523
5779,23/02/2013,0.466829409,5779,118,2013,22/01/2013,27/02/2013,SH,P,H,8224,D,B,42,2,2,M,08/02/2011,105,2011,17,A,00/01/1900,SEEN1,381,Non-primary,0,0,01/01/2013,01/06/2013,53,53,53.2,53,5514,4,746,1,-0.13058584,556516,-0.190914426
5779,17/09/2014,0.144828017,5779,125,2014,16/06/2014,04/10/2014,KLB,S,P,8819,P,B,64,2,1,M,08/02/2011,105,2011,16.10000038,A,00/01/1900,BrM,571,Primary,0,0,01/01/2014,01/06/2014,259,108,108.1,108,5514,4,1317,2,0.145934151,1734489,-0.044666009
5780,26/09/2013,-0.338982638,5780,122,2013,18/06/2013,30/09/2013,MB,C,P,8472,P,G,11,2,1,M,11/12/2011,112,2012,15.69999981,A,00/01/1900,BrM,238,Primary,0,0,01/01/2013,01/06/2013,268,117,117.1,117,3490,4,655,1,-0.1746547,429025,-0.206742766
5780,08/08/2014,-0.338982638,5780,125,2014,16/06/2014,04/10/2014,MB,P,H,8771,P,B,28,2,0,M,11/12/2011,112,2012,15.89999962,A,00/01/1900,BrM,316,Primary,0,0,01/01/2014,01/06/2014,219,68,68.1,68,3490,4,971,2,-0.021624372,942841,-0.142951171
5820,22/02/2013,0.284147271,5820,118,2013,22/01/2013,27/02/2013,SH,P,P,8222,D,B,33,2,2,M,01/03/2012,112,2012,16,A,00/01/1900,ABX,238,Non-primary,0,0,01/01/2013,01/06/2013,52,52,52.2,52,4904,4,358,1,-0.318483837,128164,-0.244095443
5820,31/01/2015,0.376147669,5820,139,2015,16/01/2015,05/03/2015,MB,C,P,8913,D,G,99,2,2,M,01/03/2012,112,2012,16,A,00/01/1900,BrM,585,Primary,0,0,01/01/2015,01/06/2015,30,30,30.2,30,4904,4,1066,2,0.024381581,1136356,-0.11892578
5822,29/08/2013,-0.139131189,5822,122,2013,18/06/2013,30/09/2013,LMG,S,P,8433,P,G,14,2,0,M,02/05/2012,116,2012,15.5,SA,00/01/1900,ABX,424,Non-primary,0,0,01/01/2013,01/06/2013,240,89,89.1,89,5604,3,484,1,-0.257465415,234256,-0.230923845
5823,23/06/2013,-0.065167083,5823,122,2013,18/06/2013,30/09/2013,HE,S,P,8320,P,G,2,2,0,F,05/03/2012,112,2012,17,A,00/01/1900,SEEN1,355,Non-primary,0,0,01/01/2013,01/06/2013,173,22,22.1,22,5163,4,475,1,-0.261823874,225625,-0.231995406
5823,22/06/2014,-0.203167679,5823,125,2014,16/06/2014,04/10/2014,HE,C,P,8629,P,B,68,2,0,F,05/03/2012,112,2012,15.10000038,A,00/01/1900,BrF,364,Primary,0,0,01/01/2014,01/06/2014,172,21,21.1,21,5163,4,839,2,-0.085548433,703921,-0.172613711
5825,27/08/2013,-0.539217919,5825,122,2013,18/06/2013,30/09/2013,LMG,P,P,8431,P,G,2,2,0,F,15/02/2012,112,2012,15,A,00/01/1900,BrF,355,Primary,0,0,01/01/2013,01/06/2013,238,87,87.1,87,5517,4,559,1,-0.221144926,312481,-0.221212007
5825,30/01/2014,-0.539217919,5825,124,2014,19/01/2014,04/03/2014,HE,P,P,8506,P,B,5,2,1,F,15/02/2012,112,2012,14.60000038,A,00/01/1900,BrF,156,Primary,0,0,01/01/2014,01/06/2014,29,29,29.2,29,5517,4,715,2,-0.145598309,511225,-0.196537422
5825,10/02/2014,-0.585218118,5825,124,2014,19/01/2014,04/03/2014,HE,P,P,8517,P,B,5,2,2,F,15/02/2012,112,2012,15.69999981,A,00/01/1900,BrF,11,Primary,0,0,01/01/2014,01/06/2014,40,40,40.2,40,5517,4,726,3,-0.140271303,527076,-0.194569479
5826,05/08/2013,0.669255372,5826,122,2013,18/06/2013,30/09/2013,LMG,S,P,8393,P,G,2,2,1,M,18/10/2011,105,2011,17,A,00/01/1900,BrM,322,Primary,0,0,01/01/2013,01/06/2013,216,65,65.1,65,3491,4,657,1,-0.173686154,431649,-0.206416989
5826,24/02/2014,0.577254975,5826,124,2014,19/01/2014,04/03/2014,HE,S,P,8532,P,B,1,2,0,M,18/10/2011,105,2011,17.60000038,A,00/01/1900,BrM,203,Primary,0,0,01/01/2014,01/06/2014,54,54,54.2,54,3491,4,860,2,-0.075378696,739600,-0.168184071
5829,24/06/2013,0.195319893,5829,122,2013,18/06/2013,30/09/2013,HE,S,H,8321,P,G,31,2,0,M,13/04/2012,112,2012,18,A,00/01/1900,BrM,288,Primary,0,0,01/01/2013,01/06/2013,174,23,23.1,23,3085,4,437,1,-0.280226255,190969,-0.236298038
5829,31/01/2015,0.241320092,5829,139,2015,16/01/2015,05/03/2015,MB,C,H,8916,D,G,73,2,2,M,13/04/2012,112,2012,15.80000019,A,00/01/1900,BrM,586,Primary,0,0,01/01/2015,01/06/2015,30,30,30.2,30,3085,4,1023,2,0.003557834,1046529,-0.130078036
5834,03/08/2014,0.211948997,5834,125,2014,16/06/2014,04/10/2014,HE,S,P,8763,P,B,37,2,0,M,17/02/2012,112,2012,17.29999924,A,00/01/1900,BrM,693,Primary,0,0,01/01/2014,01/06/2014,214,63,63.1,63,5267,4,898,1,-0.056976315,806404,-0.15989018
5836,03/08/2013,0.472212605,5836,122,2013,18/06/2013,30/09/2013,HE,P,P,8388,P,G,29,2,0,M,26/06/2011,105,2011,17,A,00/01/1900,BrM,404,Primary,0,0,01/01/2013,01/06/2013,214,63,63.1,63,3594,4,769,1,-0.119447556,591361,-0.186588329
5837,24/07/2013,0.235370478,5837,122,2013,18/06/2013,30/09/2013,LMG,S,H,8374,P,G,47,2,0,M,08/11/2011,105,2011,16,A,00/01/1900,BrM,315,Primary,0,0,01/01/2013,01/06/2013,204,53,53.1,53,5284,4,624,1,-0.189667169,389376,-0.211665292
5837,15/09/2013,0.511371671,5837,122,2013,18/06/2013,30/09/2013,MB,S,H,8454,P,G,76,2,1,M,08/11/2011,105,2011,16.70000076,A,00/01/1900,BrM,53,Primary,0,0,01/01/2013,01/06/2013,257,106,106.1,106,5284,4,677,2,-0.16400069,458329,-0.203104598
5839,22/06/2014,-0.346406882,5839,125,2014,16/06/2014,04/10/2014,HE,C,H,8628,P,B,0,2,0,M,15/05/2012,116,2012,15.10000038,A,00/01/1900,BrM,270,Primary,0,0,01/01/2014,01/06/2014,172,21,21.1,21,1824,4,768,1,-0.11993183,589824,-0.186779151
5847,30/07/2013,0.081192931,5847,122,2013,18/06/2013,30/09/2013,LMG,S,P,8387,P,G,37,2,0,M,19/09/2011,105,2011,16.5,A,00/01/1900,BrM,315,Primary,0,0,01/01/2013,01/06/2013,210,59,59.1,59,5598,4,680,1,-0.16254787,462400,-0.202599173
5847,21/08/2013,0.12719313,5847,122,2013,18/06/2013,30/09/2013,MB,C,P,8424,P,G,106,2,0,M,19/09/2011,105,2011,15,A,00/01/1900,BrM,22,Primary,0,0,01/01/2013,01/06/2013,232,81,81.1,81,5598,4,702,2,-0.15189386,492804,-0.198824437
5853,18/02/2013,0.093858446,5853,118,2013,22/01/2013,27/02/2013,HE,S,P,8215,D,B,9,2,1,M,29/07/2012,116,2012,16,SA,00/01/1900,ABX,0,Non-primary,0,0,01/01/2013,01/06/2013,48,48,48.2,48,4958,3,204,1,-0.393061908,41616,-0.254840602
5854,29/06/2013,-0.17206067,5854,122,2013,18/06/2013,30/09/2013,HE,S,P,8331,P,G,4,2,0,F,24/08/2012,116,2012,16,A,00/01/1900,AB,148,Non-primary,0,0,01/01/2013,01/06/2013,179,28,28.1,28,5549,4,309,1,-0.342213223,95481,-0.248153122
5854,18/09/2013,-0.264061068,5854,122,2013,18/06/2013,30/09/2013,MB,S,P,8464,P,G,66,2,0,F,24/08/2012,116,2012,14.80000019,A,00/01/1900,AB,81,Non-primary,0,0,01/01/2013,01/06/2013,260,109,109.1,109,5549,4,390,2,-0.302987095,152100,-0.241123726
5855,30/06/2013,0.680433018,5855,122,2013,18/06/2013,30/09/2013,HE,S,H,8333,P,G,36,2,0,M,24/08/2012,116,2012,17,SA,00/01/1900,AB,0,Non-primary,0,0,01/01/2013,01/06/2013,180,29,29.1,29,5549,3,310,1,-0.34172895,96100,-0.248076272
5855,24/02/2016,0.910434012,5855,144,2016,02/02/2016,09/03/2016,LJR,C,H,9247,P,B,86,1.1,0,M,24/08/2012,116,2012,17.5,A,00/01/1900,BrM,969,Primary,0,0,01/01/2016,01/06/2016,54,54,54.2,54,5549,4,1279,2,0.12753177,1635841,-0.056913416
5901,22/07/2013,-0.448428106,5901,122,2013,18/06/2013,30/09/2013,HE,S,P,8366,P,G,32,2,0,F,05/06/2012,116,2012,14.5,A,00/01/1900,BrF,172,Primary,0,0,01/01/2013,01/06/2013,202,51,51.1,51,3453,4,412,1,-0.292333085,169744,-0.238933177
5904,16/07/2013,0.587771824,5904,122,2013,18/06/2013,30/09/2013,HE,S,H,8355,P,G,1,2,0,M,07/10/2012,116,2012,15.5,SA,00/01/1900,AB,162,Non-primary,0,0,01/01/2013,01/06/2013,196,45,45.1,45,5277,3,282,1,-0.355288599,79524,-0.250134225
5904,02/02/2014,0.403771029,5904,124,2014,19/01/2014,04/03/2014,HE,P,P,8513,P,B,104,2,1,M,07/10/2012,116,2012,16.10000038,A,00/01/1900,BrM,201,Primary,0,0,01/01/2014,01/06/2014,32,32,32.2,32,5277,4,483,2,-0.257949688,233289,-0.2310439
5907,20/02/2013,0.059527478,5907,118,2013,22/01/2013,27/02/2013,SH,C,H,8218,D,B,7,2,2,M,14/12/2012,118,2013,15.5,JUV,00/01/1900,FL,8,Non-primary,0,0,01/01/2013,01/06/2013,50,50,50.2,50,5589,1,68,1,-0.458923062,4624,-0.259433256
5907,24/09/2013,-0.03247292,5907,122,2013,18/06/2013,30/09/2013,MB,C,P,8490,P,G,2,2,1,M,14/12/2012,118,2013,15.5,SA,00/01/1900,ABX,96,Non-primary,0,0,01/01/2013,01/06/2013,266,115,115.1,115,5589,3,284,2,-0.354320053,80656,-0.249993685
5907,18/07/2014,0.013527279,5907,125,2014,16/06/2014,04/10/2014,HE,P,H,8738,P,B,31,2,0,M,14/12/2012,118,2013,15.89999962,A,00/01/1900,SEEN2,297,Non-primary,0,0,01/01/2014,01/06/2014,198,47,47.1,47,5589,4,581,3,-0.210490916,337561,-0.21809826
5908,16/02/2013,0.119112139,5908,118,2013,22/01/2013,27/02/2013,HE,P,P,8212,D,B,18,2,1,M,18/12/2012,118,2013,16,JUV,00/01/1900,FL,0,Non-primary,0,0,01/01/2013,01/06/2013,46,46,46.2,46,5634,1,60,1,-0.462797247,3600,-0.259560388
5908,28/06/2014,0.073111941,5908,125,2014,16/06/2014,04/10/2014,HE,S,H,8675,P,B,75,2,0,M,18/12/2012,118,2013,15.60000038,A,00/01/1900,BrM,497,Primary,0,0,01/01/2014,01/06/2014,178,27,27.1,27,5634,4,557,2,-0.222113472,310249,-0.221489116
5909,18/02/2013,-0.870334511,5909,118,2013,22/01/2013,27/02/2013,HE,S,H,8214,D,B,1,2,1,F,23/06/2012,116,2012,14,SA,00/01/1900,ABX,0,Non-primary,0,0,01/01/2013,01/06/2013,48,48,48.2,48,1707,3,240,1,-0.375628073,57600,-0.252856147
5909,27/06/2013,-0.824334313,5909,122,2013,18/06/2013,30/09/2013,HE,S,P,8329,P,G,7,2,0,F,23/06/2012,116,2012,15,SA,00/01/1900,ABX,129,Non-primary,0,0,01/01/2013,01/06/2013,177,26,26.1,26,1707,3,369,2,-0.313156832,136161,-0.243102594
5909,19/09/2013,-0.640333518,5909,122,2013,18/06/2013,30/09/2013,MB,C,H,8461,P,G,16,2,0,F,23/06/2012,116,2012,14.5,SA,00/01/1900,ABX,84,Non-primary,0,0,01/01/2013,01/06/2013,261,110,110.1,110,1707,3,453,3,-0.272477884,205209,-0.234530105
5909,30/01/2015,-0.91633471,5909,139,2015,16/01/2015,05/03/2015,MB,C,P,8912,D,G,105,2,2,F,23/06/2012,116,2012,12.89999962,A,00/01/1900,ABX,498,Non-primary,0,0,01/01/2015,01/06/2015,29,29,29.2,29,1707,4,951,4,-0.031309836,904401,-0.147723597
6009,05/02/2015,-0.272425845,6009,139,2015,16/01/2015,05/03/2015,MB,S,P,8926,D,G,0,2,1,F,26/02/2013,118,2013,14.30000019,A,00/01/1900,BrF,371,Primary,0,0,01/01/2015,01/06/2015,35,35,35.2,35,4958,4,709,1,-0.148503948,502681,-0.197598182
6010,30/06/2013,1.482580655,6010,122,2013,18/06/2013,30/09/2013,LMG,S,H,8332,P,G,23,2,0,M,02/11/2012,116,2012,20,SA,00/01/1900,AB,0,Non-primary,0,0,01/01/2013,01/06/2013,180,29,29.1,29,3094,3,240,1,-0.375628073,57600,-0.252856147
6011,06/07/2013,0.242399877,6011,122,2013,18/06/2013,30/09/2013,HE,S,H,8339,P,G,21,2,0,M,08/11/2012,116,2012,17,SA,00/01/1900,ABX,0,Non-primary,0,0,01/01/2013,01/06/2013,186,35,35.1,35,5621,3,240,1,-0.375628073,57600,-0.252856147
6011,28/02/2014,0.196399679,6011,124,2014,19/01/2014,04/03/2014,HE,S,H,8535,P,B,84,2,0,M,08/11/2012,116,2012,15,A,00/01/1900,BrM,237,Primary,0,0,01/01/2014,01/06/2014,58,58,58.2,58,5621,4,477,2,-0.260855328,227529,-0.231759019
6012,07/07/2013,0.656884947,6012,122,2013,18/06/2013,30/09/2013,LMG,S,P,8340,P,G,109,2,0,M,07/07/2012,116,2012,19,A,00/01/1900,AB,0,Non-primary,0,0,01/01/2013,01/06/2013,187,36,36.1,36,5845,4,365,1,-0.315093925,133225,-0.243467106
6012,05/02/2016,0.656884947,6012,144,2016,02/02/2016,09/03/2016,DJW,S,P,9212,P,B,79,1.1,2,M,07/07/2012,116,2012,15,A,00/01/1900,BrM,943,Primary,0,0,01/01/2016,01/06/2016,35,35,35.2,35,5845,4,1308,2,0.141575693,1710864,-0.047599115
6013,11/07/2013,0.495647033,6013,122,2013,18/06/2013,30/09/2013,LMG,C,P,8349,P,G,21,2,0,F,13/11/2012,116,2012,17,SA,00/01/1900,SEEN1,0,Non-primary,0,0,01/01/2013,01/06/2013,191,40,40.1,40,5324,3,240,1,-0.375628073,57600,-0.252856147
6014,16/07/2013,0.864092092,6014,122,2013,18/06/2013,30/09/2013,HE,S,P,8357,P,G,7,2,0,M,18/11/2012,116,2012,17,SA,00/01/1900,ABX,0,Non-primary,0,0,01/01/2013,01/06/2013,196,45,45.1,45,4803,3,240,1,-0.375628073,57600,-0.252856147
6014,19/09/2013,0.680091297,6014,122,2013,18/06/2013,30/09/2013,MB,C,H,8462,P,G,61,2,0,M,18/11/2012,116,2012,17.5,A,00/01/1900,ABX,65,Non-primary,0,0,01/01/2013,01/06/2013,261,110,110.1,110,4803,4,305,2,-0.344150316,93025,-0.248458041
6015,18/07/2013,-0.278257176,6015,122,2013,18/06/2013,30/09/2013,HD,S,H,8358,P,G,1,2,0,F,20/11/2012,116,2012,14.5,SA,00/01/1900,BrF,0,Primary,0,0,01/01/2013,01/06/2013,198,47,47.1,47,5685,3,240,1,-0.375628073,57600,-0.252856147
6016,20/07/2013,0.10457609,6016,122,2013,18/06/2013,30/09/2013,HE,S,P,8360,P,G,18,2,0,M,22/11/2012,116,2012,15.5,SA,00/01/1900,AB,0,Non-primary,0,0,01/01/2013,01/06/2013,200,49,49.1,49,5683,3,240,1,-0.375628073,57600,-0.252856147
6016,13/02/2014,0.196576487,6016,124,2014,19/01/2014,04/03/2014,HE,P,H,8522,P,B,39,2,1,M,22/11/2012,116,2012,16.10000038,A,00/01/1900,ABX,208,Non-primary,0,0,01/01/2014,01/06/2014,43,43,43.2,43,5683,4,448,2,-0.27489925,200704,-0.235089413
6017,20/07/2013,0.16666916,6017,122,2013,18/06/2013,30/09/2013,LMG,S,P,8361,P,G,9,2,0,M,20/07/2012,116,2012,16,A,00/01/1900,BrM,0,Primary,0,0,01/01/2013,01/06/2013,200,49,49.1,49,5549,4,365,1,-0.315093925,133225,-0.243467106
6018,22/07/2013,0.549075747,6018,122,2013,18/06/2013,30/09/2013,LMG,S,H,8367,P,G,10,2,0,M,24/11/2012,116,2012,17,SA,00/01/1900,ABX,0,Non-primary,0,0,01/01/2013,01/06/2013,202,51,51.1,51,3086,3,240,1,-0.375628073,57600,-0.252856147
6018,23/06/2014,0.45707535,6018,125,2014,16/06/2014,04/10/2014,HE,P,H,8631,P,B,24,2,0,M,24/11/2012,116,2012,16.39999962,A,00/01/1900,BrM,336,Primary,0,0,01/01/2014,01/06/2014,173,22,22.1,22,3086,4,576,2,-0.212912282,331776,-0.218816483
6019,23/07/2013,0.117629318,6019,122,2013,18/06/2013,30/09/2013,HE,S,H,8370,P,G,42,2,0,M,25/11/2012,116,2012,15,SA,00/01/1900,BrM,0,Primary,0,0,01/01/2013,01/06/2013,203,52,52.1,52,1042,3,240,1,-0.375628073,57600,-0.252856147
6019,13/08/2013,0.163629517,6019,122,2013,18/06/2013,30/09/2013,MB,C,P,8406,P,G,5,2,1,M,25/11/2012,116,2012,15,A,00/01/1900,BrM,21,Primary,0,0,01/01/2013,01/06/2013,224,73,73.1,73,1042,4,261,2,-0.365458336,68121,-0.251549938
6019,09/09/2016,-0.066371477,6019,159,2016,23/06/2016,19/09/2016,DR,S,P,10020,P,B,110,3,2,M,25/11/2012,116,2012,17,A,00/01/1900,BrM,1123,Primary,0,0,01/01/2016,01/06/2016,252,100,100.1,100,1042,4,1384,3,0.178380455,1915456,-0.022198485
6020,23/07/2013,-0.820264462,6020,122,2013,18/06/2013,30/09/2013,LMG,S,P,8371,P,G,19,2,0,F,25/11/2012,116,2012,13,SA,00/01/1900,ABX,0,Non-primary,0,0,01/01/2013,01/06/2013,203,52,52.1,52,3085,3,240,1,-0.375628073,57600,-0.252856147
6021,24/07/2013,-0.878898567,6021,122,2013,18/06/2013,30/09/2013,HE,S,P,8372,P,G,0,2,0,F,26/11/2012,116,2012,14,SA,00/01/1900,H,0,Non-primary,0,0,01/01/2013,01/06/2013,204,53,53.1,53,5514,3,240,1,-0.375628073,57600,-0.252856147
6021,08/09/2013,-0.648897574,6021,122,2013,18/06/2013,30/09/2013,LMG,S,P,8443,P,G,0,2,0,F,26/11/2012,116,2012,13.80000019,SA,00/01/1900,H,46,Non-primary,0,0,01/01/2013,01/06/2013,250,99,99.1,99,5514,3,286,2,-0.353351507,81796,-0.249852151
6023,25/07/2013,-0.348346718,6023,122,2013,18/06/2013,30/09/2013,HE,S,P,8376,P,G,0,2,0,F,27/11/2012,118,2013,15,SA,00/01/1900,ABX,0,Non-primary,0,0,01/01/2013,01/06/2013,205,54,54.1,54,5613,3,240,1,-0.375628073,57600,-0.252856147
6024,27/07/2013,0.727543956,6024,122,2013,18/06/2013,30/09/2013,LMG,S,P,8378,P,G,9,2,0,M,29/11/2012,118,2013,18,SA,00/01/1900,ABX,0,Non-primary,0,0,01/01/2013,01/06/2013,207,56,56.1,56,1864,3,240,1,-0.375628073,57600,-0.252856147
6025,27/07/2013,0.143013609,6025,122,2013,18/06/2013,30/09/2013,HE,S,P,8379,P,G,1,2,0,M,29/11/2012,118,2013,16.5,SA,00/01/1900,H,0,Non-primary,0,0,01/01/2013,01/06/2013,207,56,56.1,56,5525,3,240,1,-0.375628073,57600,-0.252856147
6025,22/09/2013,0.051013211,6025,122,2013,18/06/2013,30/09/2013,MB,C,P,8475,P,G,13,2,1,M,29/11/2012,118,2013,14.80000019,SA,00/01/1900,H,57,Non-primary,0,0,01/01/2013,01/06/2013,264,113,113.1,113,5525,3,297,2,-0.348024502,88209,-0.24905596
6026,28/07/2013,0.741310988,6026,122,2013,18/06/2013,30/09/2013,LMG,P,H,8381,P,G,3,2,1,M,30/11/2012,118,2013,17,SA,00/01/1900,ABX,0,Non-primary,0,0,01/01/2013,01/06/2013,208,57,57.1,57,5530,3,240,1,-0.375628073,57600,-0.252856147
6026,08/02/2014,0.787311187,6026,124,2014,19/01/2014,04/03/2014,HE,P,H,8516,P,B,27,2,1,M,30/11/2012,118,2013,17.5,A,00/01/1900,ABX,195,Non-primary,0,0,01/01/2014,01/06/2014,38,38,38.2,38,5530,4,435,2,-0.281194801,189225,-0.236514561
6028,04/08/2013,-0.065301157,6028,122,2013,18/06/2013,30/09/2013,HE,P,H,8401,P,G,1,2,1,F,07/12/2012,118,2013,16,SA,00/01/1900,AB,0,Non-primary,0,0,01/01/2013,01/06/2013,215,64,64.1,64,5284,3,240,1,-0.375628073,57600,-0.252856147
6028,26/06/2014,-0.203301753,6028,125,2014,16/06/2014,04/10/2014,MB,R,P,8658,P,B,100,2,1,F,07/12/2012,118,2013,14.60000038,A,00/01/1900,BrF,326,Primary,0,0,01/01/2014,01/06/2014,176,25,25.1,25,5284,4,566,2,-0.217755014,320356,-0.220234305
6029,04/08/2013,0.288305943,6029,122,2013,18/06/2013,30/09/2013,LMG,P,P,8402,P,G,7,2,1,M,07/12/2012,118,2013,16,SA,00/01/1900,SEEN2,0,Non-primary,0,0,01/01/2013,01/06/2013,215,64,64.1,64,5524,3,240,1,-0.375628073,57600,-0.252856147
6029,05/07/2014,0.38030634,6029,125,2014,16/06/2014,04/10/2014,HE,C,H,8705,P,B,55,2,0,M,07/12/2012,118,2013,16.60000038,A,00/01/1900,BrM,335,Primary,0,0,01/01/2014,01/06/2014,185,34,34.1,34,5524,4,575,2,-0.213396555,330625,-0.218959382
6030,10/08/2013,0.802707488,6030,122,2013,18/06/2013,30/09/2013,LMG,C,H,8403,P,G,20,2,1,M,13/12/2012,118,2013,18,SA,00/01/1900,SEEN1,0,Non-primary,0,0,01/01/2013,01/06/2013,221,70,70.1,70,5212,3,240,1,-0.375628073,57600,-0.252856147
6030,13/02/2014,0.572706494,6030,124,2014,19/01/2014,04/03/2014,HE,P,H,8521,P,B,1,2,1,M,13/12/2012,118,2013,16.10000038,A,00/01/1900,BrM,187,Primary,0,0,01/01/2014,01/06/2014,43,43,43.2,43,5212,4,427,2,-0.285068987,182329,-0.237370717
6031,11/08/2013,0.471376796,6031,122,2013,18/06/2013,30/09/2013,HE,C,H,8404,P,G,5,2,0,M,14/12/2012,118,2013,17,SA,00/01/1900,SEEN1,0,Non-primary,0,0,01/01/2013,01/06/2013,222,71,71.1,71,5596,3,240,1,-0.375628073,57600,-0.252856147
6032,12/08/2013,0.16666916,6032,122,2013,18/06/2013,30/09/2013,MB,C,H,8410,P,G,12,2,0,M,15/12/2012,118,2013,16,SA,00/01/1900,SEEN1,0,Non-primary,0,0,01/01/2013,01/06/2013,223,72,72.1,72,5174,3,240,1,-0.375628073,57600,-0.252856147
6033,14/08/2013,0.118128684,6033,122,2013,18/06/2013,30/09/2013,HE,C,H,8411,P,G,1,2,0,M,17/12/2012,118,2013,16,SA,00/01/1900,ABX,0,Non-primary,0,0,01/01/2013,01/06/2013,225,74,74.1,74,5902,3,240,1,-0.375628073,57600,-0.252856147
6034,10/08/2013,-0.186578952,6034,122,2013,18/06/2013,30/09/2013,HE,C,P,8412,P,G,1,2,0,F,13/12/2012,118,2013,15,SA,00/01/1900,ABX,0,Non-primary,0,0,01/01/2013,01/06/2013,221,70,70.1,70,5511,3,240,1,-0.375628073,57600,-0.252856147
6037,24/08/2013,-0.162308714,6037,122,2013,18/06/2013,30/09/2013,MB,C,P,8426,P,G,39,2,0,F,25/06/2013,122,2013,15,JUV,00/01/1900,FL,0,Non-primary,0,0,01/01/2013,01/06/2013,235,84,84.1,84,3595,1,60,1,-0.462797247,3600,-0.259560388
6045,25/09/2013,0.503429166,6045,122,2013,18/06/2013,30/09/2013,SAK,C,H,8484,P,G,0,2,1,M,17/05/2013,122,2013,16.20000076,JUV,00/01/1900,OFL,0,Non-primary,0,0,01/01/2013,01/06/2013,267,116,116.1,116,5635,2,131,1,-0.428413851,17161,-0.257876754
6045,03/02/2015,0.227427973,6045,139,2015,16/01/2015,05/03/2015,MB,S,H,8927,D,G,24,2,1,M,17/05/2013,122,2013,16.39999962,A,00/01/1900,ABX,496,Non-primary,0,0,01/01/2015,01/06/2015,33,33,33.2,33,5635,4,627,2,-0.188214349,393129,-0.211199348
6046,08/07/2014,-0.094900728,6046,125,2014,16/06/2014,04/10/2014,HE,S,H,8715,P,B,57,2,0,M,16/07/2013,122,2013,15.5,A,00/01/1900,SEEN2,0,Non-primary,0,0,01/01/2014,01/06/2014,188,37,37.1,37,5635,4,357,1,-0.31896811,127449,-0.244184212
6047,13/02/2015,-0.01346234,6047,139,2015,16/01/2015,05/03/2015,MB,S,H,8963,D,G,66,2,2,M,17/07/2013,122,2013,15.60000038,A,00/01/1900,ABX,0,Non-primary,0,0,01/01/2015,01/06/2015,43,43,43.2,43,1605,4,576,1,-0.212912282,331776,-0.218816483
6048,01/02/2014,-0.596995214,6048,124,2014,19/01/2014,04/03/2014,HE,P,H,8510,P,B,1,2,1,F,22/01/2013,118,2013,13.89999962,SA,00/01/1900,SEEN2,135,Non-primary,0,0,01/01/2014,01/06/2014,31,31,31.2,31,1678,3,375,1,-0.310251193,140625,-0.242548377
6050,24/09/2013,0.272377785,6050,122,2013,18/06/2013,30/09/2013,MB,C,P,8471,P,G,30,2,1,M,27/05/2013,122,2013,16.10000038,JUV,00/01/1900,OFL,0,Non-primary,0,0,01/01/2013,01/06/2013,266,115,115.1,115,3595,2,120,1,-0.433740856,14400,-0.25821954
6062,31/01/2014,-0.515556826,6062,124,2014,19/01/2014,04/03/2014,HE,P,P,8509,P,B,34,2,1,F,05/06/2013,122,2013,14,SA,00/01/1900,SEEN1,0,Non-primary,0,0,01/01/2014,01/06/2014,30,30,30.2,30,3002,3,240,1,-0.375628073,57600,-0.252856147
6065,14/02/2014,-0.03071769,6065,124,2014,19/01/2014,04/03/2014,HE,P,P,8526,P,B,0,2,2,F,17/10/2013,122,2013,15.39999962,JUV,00/01/1900,OFL,0,Non-primary,0,0,01/01/2014,01/06/2014,44,44,44.2,44,3462,2,120,1,-0.433740856,14400,-0.25821954
6067,18/02/2014,-0.122395913,6067,124,2014,19/01/2014,04/03/2014,HE,P,P,8529,P,B,23,2,1,F,23/06/2013,122,2013,14.89999962,SA,00/01/1900,ABX,0,Non-primary,0,0,01/01/2014,01/06/2014,48,48,48.2,48,5766,3,240,1,-0.375628073,57600,-0.252856147
6137,31/01/2015,0.168281321,6137,139,2015,16/01/2015,05/03/2015,MB,C,P,8914,D,G,20,2,2,M,22/02/2014,124,2014,16.29999924,SA,00/01/1900,SEEN2,0,Non-primary,0,0,01/01/2015,01/06/2015,30,30,30.2,30,5635,3,343,1,-0.325747935,117649,-0.245400907
6138,23/06/2014,-1.180527774,6138,125,2014,16/06/2014,04/10/2014,HE,C,P,8634,P,B,0,2,0,F,26/10/2013,122,2013,12.19999981,SA,00/01/1900,ABX,0,Non-primary,0,0,01/01/2014,01/06/2014,173,22,22.1,22,5589,3,240,1,-0.375628073,57600,-0.252856147
6141,21/06/2014,-0.155293513,6141,125,2014,16/06/2014,04/10/2014,HE,P,P,8637,P,B,1,2,0,F,21/02/2014,124,2014,14.80000019,JUV,00/01/1900,OFL,0,Non-primary,0,0,01/01/2014,01/06/2014,171,20,20.1,20,1826,2,120,1,-0.433740856,14400,-0.25821954
6142,21/06/2014,-0.056600089,6142,125,2014,16/06/2014,04/10/2014,HE,P,P,8638,P,B,76,2,0,M,21/02/2014,124,2014,15.10000038,JUV,00/01/1900,OFL,0,Non-primary,0,0,01/01/2014,01/06/2014,171,20,20.1,20,5604,2,120,1,-0.433740856,14400,-0.25821954
6147,25/06/2014,-0.335425326,6147,125,2014,16/06/2014,04/10/2014,HE,C,P,8651,P,B,3,2,1,F,25/02/2014,124,2014,14.39999962,JUV,00/01/1900,H,0,Non-primary,0,0,01/01/2014,01/06/2014,175,24,24.1,24,1707,2,120,1,-0.433740856,14400,-0.25821954
6149,27/02/2015,-0.546842264,6149,139,2015,16/01/2015,05/03/2015,MB,S,H,8975,D,G,50,2,1,M,26/02/2014,124,2014,14.19999981,SA,00/01/1900,ABX,0,Non-primary,0,0,01/01/2015,01/06/2015,57,57,57.2,57,1852,3,366,1,-0.314609652,133956,-0.243376351
6150,31/01/2015,-0.399608364,6150,139,2015,16/01/2015,05/03/2015,MB,C,P,8915,D,G,63,2,2,F,26/02/2014,124,2014,14.5,SA,00/01/1900,ABX,0,Non-primary,0,0,01/01/2015,01/06/2015,30,30,30.2,30,6028,3,339,1,-0.327685028,114921,-0.245739596
6153,03/08/2014,0.258347383,6153,125,2014,16/06/2014,04/10/2014,HE,P,H,8764,P,B,13,2,0,M,27/02/2014,124,2014,16.5,JUV,00/01/1900,H,0,Non-primary,0,0,01/01/2014,01/06/2014,214,63,63.1,63,5611,2,157,1,-0.415822748,24649,-0.2569471
6158,30/06/2014,-0.35808309,6158,125,2014,16/06/2014,04/10/2014,HE,S,H,8683,P,B,27,2,0,M,02/03/2014,124,2014,14.69999981,JUV,00/01/1900,H,0,Non-primary,0,0,01/01/2014,01/06/2014,180,29,29.1,29,5598,2,120,1,-0.433740856,14400,-0.25821954
6160,27/02/2015,-0.15368104,6160,139,2015,16/01/2015,05/03/2015,MB,S,H,8976,D,G,40,2,1,F,03/03/2014,124,2014,15.10000038,SA,00/01/1900,BrF,0,Primary,0,0,01/01/2015,01/06/2015,57,57,57.2,57,5833,3,361,1,-0.317031017,130321,-0.243827646
6166,25/09/2014,-0.152068878,6166,125,2014,16/06/2014,04/10/2014,KLB,P,P,8876,P,B,96,2,1,M,07/03/2014,124,2014,15.39999962,SA,00/01/1900,ABX,0,Non-primary,0,0,01/01/2014,01/06/2014,267,116,116.1,116,5452,3,202,1,-0.394030455,40804,-0.254941414
6169,20/02/2016,0.093858446,6169,144,2016,02/02/2016,09/03/2016,LJR,S,P,9243,P,B,94,1.1,2,F,11/03/2014,124,2014,16,A,00/01/1900,BrF,0,Primary,0,0,01/01/2016,01/06/2016,50,50,50.2,50,5128,4,711,1,-0.147535401,505521,-0.197245588
6170,20/02/2016,0.751814194,6170,144,2016,02/02/2016,09/03/2016,LJR,S,P,9242,P,B,0,1.1,2,M,11/03/2014,124,2014,18,A,00/01/1900,BrM,0,Primary,0,0,01/01/2016,01/06/2016,50,50,50.2,50,5838,4,711,1,-0.147535401,505521,-0.197245588
6175,18/07/2014,-0.047972726,6175,125,2014,16/06/2014,04/10/2014,HE,P,P,8744,P,B,27,2,0,M,13/03/2014,124,2014,15.19999981,JUV,00/01/1900,OFL,0,Non-primary,0,0,01/01/2014,01/06/2014,198,47,47.1,47,4904,2,127,1,-0.430350944,16129,-0.25800488
6180,18/07/2014,-0.309542614,6180,125,2014,16/06/2014,04/10/2014,HE,P,P,8737,P,B,44,2,0,F,20/03/2014,124,2014,14.69999981,JUV,00/01/1900,SEEN1,0,Non-primary,0,0,01/01/2014,01/06/2014,198,47,47.1,47,3567,2,120,1,-0.433740856,14400,-0.25821954
6181,18/07/2014,-0.456776514,6181,125,2014,16/06/2014,04/10/2014,HE,P,P,8739,P,B,1,2,0,F,18/07/2013,122,2013,14.39999962,A,00/01/1900,BrF,0,Primary,0,0,01/01/2014,01/06/2014,198,47,47.1,47,5162,4,365,1,-0.315093925,133225,-0.243467106
6185,23/07/2014,-0.9254054,6185,125,2014,16/06/2014,04/10/2014,HE,P,P,8752,P,B,5,2,0,F,25/03/2014,124,2014,13.80000019,JUV,00/01/1900,OFL,0,Non-primary,0,0,01/01/2014,01/06/2014,203,52,52.1,52,5518,2,120,1,-0.433740856,14400,-0.25821954
6185,05/02/2015,-0.833405003,6185,139,2015,16/01/2015,05/03/2015,MB,S,P,8934,D,G,75,2,1,F,25/03/2014,124,2014,13.60000038,SA,00/01/1900,ABX,197,Non-primary,0,0,01/01/2015,01/06/2015,35,35,35.2,35,5518,3,317,2,-0.338339038,100489,-0.247531366
6186,23/07/2014,-0.506929151,6186,125,2014,16/06/2014,04/10/2014,HE,P,P,8753,P,B,18,2,0,F,25/03/2014,124,2014,14.10000038,JUV,00/01/1900,H,0,Non-primary,0,0,01/01/2014,01/06/2014,203,52,52.1,52,4861,2,120,1,-0.433740856,14400,-0.25821954
6196,28/01/2015,0.725667099,6196,139,2015,16/01/2015,05/03/2015,MB,C,P,8910,D,G,50,2,2,M,24/12/2013,124,2014,17,A,00/01/1900,BrM,0,Primary,0,0,01/01/2015,01/06/2015,27,27,27.2,27,5537,4,400,1,-0.298144363,160000,-0.24014292
6196,08/09/2016,0.6796669,6196,159,2016,23/06/2016,19/09/2016,DR,S,P,10049,P,B,60,3,2,M,24/12/2013,124,2014,17.29999924,A,00/01/1900,BrM,589,Primary,0,0,01/01/2016,01/06/2016,251,99,99.1,99,5537,4,989,2,-0.012907455,978121,-0.138571067
6199,07/02/2015,-0.465403877,6199,139,2015,16/01/2015,05/03/2015,MB,S,P,8937,D,G,68,2,1,F,09/08/2014,125,2014,14.30000019,SA,00/01/1900,ABX,0,Non-primary,0,0,01/01/2015,01/06/2015,37,37,37.2,37,5838,3,182,1,-0.403715918,33124,-0.255894906
6205,06/02/2015,-0.26801734,6205,139,2015,16/01/2015,05/03/2015,MB,S,P,8936,D,G,19,2,1,M,15/08/2014,125,2014,14.89999962,SA,00/01/1900,ABX,0,Non-primary,0,0,01/01/2015,01/06/2015,36,36,36.2,36,3085,3,175,1,-0.407105831,30625,-0.256205164
6209,31/01/2015,-0.226491753,6209,139,2015,16/01/2015,05/03/2015,MB,C,P,8917,D,G,19,2,2,M,11/05/2014,125,2014,15.10000038,SA,00/01/1900,ABX,0,Non-primary,0,0,01/01/2015,01/06/2015,30,30,30.2,30,5630,3,265,1,-0.363521244,70225,-0.251288721
6213,29/01/2015,0.119194596,6213,139,2015,16/01/2015,05/03/2015,MB,C,P,8911,D,G,6,2,2,M,20/05/2014,125,2014,15.80000019,SA,00/01/1900,ABX,0,Non-primary,0,0,01/01/2015,01/06/2015,28,28,28.2,28,5901,3,254,1,-0.368848249,64516,-0.251997508
6213,12/02/2016,0.165194794,6213,144,2016,02/02/2016,09/03/2016,DJW,S,P,9228,P,B,10,1.1,2,M,20/05/2014,125,2014,16,A,00/01/1900,BrM,379,Primary,0,0,01/01/2016,01/06/2016,42,42,42.2,42,5901,4,633,2,-0.18530871,400689,-0.210260754
6219,07/02/2015,0.083618611,6219,139,2015,16/01/2015,05/03/2015,MB,S,P,8940,D,G,27,2,1,M,25/05/2014,125,2014,15.60000038,SA,00/01/1900,ABX,0,Non-primary,0,0,01/01/2015,01/06/2015,37,37,37.2,37,5212,3,258,1,-0.366911156,66564,-0.251743243
6221,10/02/2016,0.611595495,6221,144,2016,02/02/2016,09/03/2016,DJW,S,P,9225,P,B,46,1.1,2,M,15/07/2014,125,2014,17.5,A,00/01/1900,BrM,0,Primary,0,0,01/01/2016,01/06/2016,40,40,40.2,40,5597,4,575,1,-0.213396555,330625,-0.218959382
6230,02/02/2015,-0.080438412,6230,139,2015,16/01/2015,05/03/2015,MB,S,P,8919,D,G,21,2,1,M,15/07/2014,125,2014,14.89999962,SA,00/01/1900,ABX,0,Non-primary,0,0,01/01/2015,01/06/2015,32,32,32.2,32,5750,3,202,1,-0.394030455,40804,-0.254941414
6230,23/02/2019,-0.080438412,6230,171,2019,21/01/2019,09/03/2019,TC,S,P,10766,D,G,107,2,2,M,15/07/2014,125,2014,15.89999962,A,00/01/1900,BrM,1482,Primary,1,1,01/01/2019,01/06/2019,53,53,53.2,53,5750,4,1684,2,0.323662412,2835856,0.092071573
6239,10/02/2015,-0.752856476,6239,139,2015,16/01/2015,05/03/2015,MB,S,P,8946,D,G,51,2,1,F,03/07/2014,125,2014,13.5,SA,00/01/1900,ABX,0,Non-primary,0,0,01/01/2015,01/06/2015,40,40,40.2,40,1716,3,222,1,-0.384344991,49284,-0.2538886
6240,02/02/2015,-0.39098069,6240,139,2015,16/01/2015,05/03/2015,MB,S,P,8920,D,G,20,2,1,M,15/07/2014,125,2014,14.60000038,JUV,00/01/1900,ABX,0,Non-primary,0,0,01/01/2015,01/06/2015,32,32,32.2,32,5543,2,202,1,-0.394030455,40804,-0.254941414
6261,29/01/2015,-0.415250927,6261,139,2015,16/01/2015,05/03/2015,MB,C,P,8899,D,G,30,2,2,M,28/07/2014,125,2014,14.60000038,SA,00/01/1900,ABX,0,Non-primary,0,0,01/01/2015,01/06/2015,28,28,28.2,28,5901,3,185,1,-0.402263099,34225,-0.255758214
6267,30/01/2015,-0.103528403,6267,139,2015,16/01/2015,05/03/2015,MB,C,P,8902,D,G,14,2,2,M,06/07/2014,125,2014,15.39999962,SA,00/01/1900,ABX,0,Non-primary,0,0,01/01/2015,01/06/2015,29,29,29.2,29,1707,3,208,1,-0.391124815,43264,-0.254635999
6268,31/01/2015,-0.810024626,6268,139,2015,16/01/2015,05/03/2015,MB,C,P,8907,D,G,28,2,2,F,17/06/2014,125,2014,13.39999962,SA,00/01/1900,ABX,0,Non-primary,0,0,01/01/2015,01/06/2015,30,30,30.2,30,5766,3,228,1,-0.381439352,51984,-0.253553388
6272,31/01/2015,-0.539827063,6272,139,2015,16/01/2015,05/03/2015,MB,C,P,8909,D,G,0,2,2,F,14/07/2014,125,2014,14,SA,00/01/1900,ABX,0,Non-primary,0,0,01/01/2015,01/06/2015,30,30,30.2,30,6028,3,201,1,-0.394514728,40401,-0.254991448
6273,07/02/2015,-0.423878602,6273,139,2015,16/01/2015,05/03/2015,MB,S,P,8944,D,G,8,2,1,F,17/06/2014,125,2014,14.5,SA,00/01/1900,ABX,0,Non-primary,0,0,01/01/2015,01/06/2015,37,37,37.2,37,5625,3,235,1,-0.378049439,55225,-0.25315101
6279,04/03/2016,-1.240920559,6279,144,2016,02/02/2016,09/03/2016,LJR,S,P,9260,P,B,7,1.1,1,F,12/07/2014,125,2014,11.5,A,00/01/1900,ABX,0,Non-primary,0,0,01/01/2016,01/06/2016,63,63,63.2,63,5657,4,601,1,-0.200805452,361201,-0.215163292
6309,29/01/2015,0.15039948,6309,139,2015,16/01/2015,05/03/2015,MB,C,P,8904,D,G,13,2,2,M,13/07/2014,125,2014,15.5,JUV,00/01/1900,ABX,0,Non-primary,0,0,01/01/2015,01/06/2015,28,28,28.2,28,5337,2,200,1,-0.394999001,40000,-0.255041233
6309,21/02/2016,0.288400076,6309,144,2016,02/02/2016,09/03/2016,LJR,C,P,9241,P,B,0,1.1,2,M,13/07/2014,125,2014,16.5,A,00/01/1900,BrM,388,Primary,0,0,01/01/2016,01/06/2016,51,51,51.2,51,5337,4,588,2,-0.207101004,345744,-0.217082319
6312,04/02/2015,-0.01346234,6312,139,2015,16/01/2015,05/03/2015,MB,S,P,8924,D,G,3,2,1,M,09/06/2014,125,2014,15.60000038,SA,00/01/1900,ABX,0,Non-primary,0,0,01/01/2015,01/06/2015,34,34,34.2,34,3451,3,240,1,-0.375628073,57600,-0.252856147
6313,09/02/2015,-0.356934343,6313,139,2015,16/01/2015,05/03/2015,MB,S,P,8945,D,G,63,2,1,M,12/10/2014,125,2014,14.60000038,JUV,00/01/1900,OFL,0,Non-primary,0,0,01/01/2015,01/06/2015,39,39,39.2,39,6022,2,120,1,-0.433740856,14400,-0.25821954
6313,11/02/2016,-0.356934343,6313,144,2016,02/02/2016,09/03/2016,LJR,S,P,9224,P,B,65,1.1,2,M,12/10/2014,125,2014,15,A,00/01/1900,ABX,367,Non-primary,0,0,01/01/2016,01/06/2016,41,41,41.2,41,6022,4,487,2,-0.256012596,237169,-0.230562188
6374,05/02/2016,0.045317971,6374,144,2016,02/02/2016,09/03/2016,LJR,S,P,9216,P,B,31,1.1,2,M,22/06/2015,142,2015,16,SA,00/01/1900,ABX,0,Non-primary,0,0,01/01/2016,01/06/2016,35,35,35.2,35,5524,3,228,1,-0.381439352,51984,-0.253553388
6378,07/09/2016,-0.112155765,6378,159,2016,23/06/2016,19/09/2016,DR,S,P,10034,P,B,53,3,2,F,04/08/2015,142,2015,15.30000019,SA,00/01/1900,H,0,Non-primary,0,0,01/01/2016,01/06/2016,250,98,98.1,98,5838,3,400,1,-0.298144363,160000,-0.24014292
6382,24/02/2016,0.873165383,6382,144,2016,02/02/2016,09/03/2016,LJR,C,P,9246,P,B,119,1.1,0,M,05/01/2015,139,2015,18,SA,00/01/1900,ABX,0,Non-primary,0,0,01/01/2016,01/06/2016,54,54,54.2,54,3094,3,415,1,-0.290880265,172225,-0.238625155
6384,05/02/2016,0.234318887,6384,144,2016,02/02/2016,09/03/2016,DJW,S,P,9213,P,B,22,1.1,2,M,16/01/2015,139,2015,15.5,A,00/01/1900,ABX,0,Non-primary,0,0,01/01/2016,01/06/2016,35,35,35.2,35,5212,4,385,1,-0.305408461,148225,-0.241604817
6385,19/08/2019,-0.351067889,6385,173,2019,10/06/2019,23/09/2019,TC,S,P,10870,D,B,60,2,1,M,17/01/2015,139,2015,14.5,A,00/01/1900,BrM,0,Primary,0,0,01/01/2019,01/06/2019,230,79,79.1,79,6034,4,1675,1,0.319303953,2805625,0.088318315
6546,17/08/2019,0.052333172,6546,173,2019,10/06/2019,23/09/2019,TC,S,P,10874,D,G,67,2,0,F,20/09/2015,142,2015,15.80000019,A,00/01/1900,BrF,0,Primary,0,0,01/01/2019,01/06/2019,228,77,77.1,77,5575,4,1427,1,0.199204202,2036329,-0.007191787
6549,05/02/2016,-0.607235049,6549,144,2016,02/02/2016,09/03/2016,DJW,S,P,9209,P,B,3,1.1,2,F,07/05/2015,142,2015,13.5,SA,00/01/1900,SEEN1,0,Non-primary,0,0,01/01/2016,01/06/2016,35,35,35.2,35,3085,3,274,1,-0.359162785,75076,-0.250686456
6551,06/02/2016,-0.423878602,6551,144,2016,02/02/2016,09/03/2016,LJR,S,P,9211,P,B,0,1.1,2,F,22/09/2015,142,2015,14.5,JUV,00/01/1900,BrF,0,Primary,0,0,01/01/2016,01/06/2016,36,36,36.2,36,5589,2,137,1,-0.425508212,18769,-0.257677117
6552,07/02/2016,0.190939397,6552,144,2016,02/02/2016,09/03/2016,DJW,S,P,9217,P,B,34,1.1,2,M,09/05/2015,142,2015,16,SA,00/01/1900,ABX,0,Non-primary,0,0,01/01/2016,01/06/2016,37,37,37.2,37,5613,3,274,1,-0.359162785,75076,-0.250686456
6554,10/02/2016,-0.423878602,6554,144,2016,02/02/2016,09/03/2016,LJR,S,P,9220,P,B,91,1.1,2,F,26/09/2015,142,2015,14.5,JUV,00/01/1900,OFL,0,Non-primary,0,0,01/01/2016,01/06/2016,40,40,40.2,40,5854,2,137,1,-0.425508212,18769,-0.257677117
6556,10/02/2016,-0.302527413,6556,144,2016,02/02/2016,09/03/2016,LJR,S,P,9222,P,B,22,1.1,2,M,12/05/2015,142,2015,14.5,SA,00/01/1900,ABX,0,Non-primary,0,0,01/01/2016,01/06/2016,40,40,40.2,40,5851,3,274,1,-0.359162785,75076,-0.250686456
6557,11/02/2016,-0.612637777,6557,144,2016,02/02/2016,09/03/2016,DJW,S,P,9223,P,B,24,1.1,2,M,27/09/2015,142,2015,14,JUV,00/01/1900,OFL,0,Non-primary,0,0,01/01/2016,01/06/2016,41,41,41.2,41,6159,2,137,1,-0.425508212,18769,-0.257677117
6560,13/02/2016,-0.917345413,6560,144,2016,02/02/2016,09/03/2016,DJW,S,P,9230,P,B,46,1.1,2,M,29/09/2015,142,2015,13,JUV,00/01/1900,ABX,0,Non-primary,0,0,01/01/2016,01/06/2016,43,43,43.2,43,5634,2,137,1,-0.425508212,18769,-0.257677117
6563,18/02/2016,0.142398922,6563,144,2016,02/02/2016,09/03/2016,DJW,S,P,9234,P,B,47,1.1,2,M,25/12/2015,144,2016,16,JUV,00/01/1900,FL,0,Non-primary,0,0,01/01/2016,01/06/2016,48,48,48.2,48,5630,1,55,1,-0.465218613,3025,-0.259631776
6564,19/02/2016,0.234077145,6564,144,2016,02/02/2016,09/03/2016,LJR,S,P,9235,P,B,25,1.1,2,F,05/10/2015,142,2015,16.5,JUV,00/01/1900,OFL,0,Non-primary,0,0,01/01/2016,01/06/2016,49,49,49.2,49,5537,2,137,1,-0.425508212,18769,-0.257677117
6565,19/02/2016,0.379698572,6565,144,2016,02/02/2016,09/03/2016,LJR,S,P,9236,P,B,80,1.1,2,M,19/02/2015,139,2015,16.5,A,00/01/1900,BrM,0,Primary,0,0,01/01/2016,01/06/2016,49,49,49.2,49,6009,4,365,1,-0.315093925,133225,-0.243467106
6566,19/02/2016,0.89743562,6566,144,2016,02/02/2016,09/03/2016,DJW,S,P,9237,P,B,37,1.1,2,M,19/02/2015,139,2015,18,A,00/01/1900,BrM,0,Primary,0,0,01/01/2016,01/06/2016,49,49,49.2,49,5132,4,365,1,-0.315093925,133225,-0.243467106
6567,20/02/2016,0.355428334,6567,144,2016,02/02/2016,09/03/2016,DJW,S,P,9238,P,B,10,1.1,2,M,22/05/2015,142,2015,16.5,SA,00/01/1900,BrM,0,Primary,0,0,01/01/2016,01/06/2016,50,50,50.2,50,5634,3,274,1,-0.359162785,75076,-0.250686456
6568,21/02/2016,-0.302527413,6568,144,2016,02/02/2016,09/03/2016,LJR,C,P,9239,P,B,0,1.1,2,F,07/10/2015,142,2015,14.5,JUV,00/01/1900,OFL,0,Non-primary,0,0,01/01/2016,01/06/2016,51,51,51.2,51,6217,2,137,1,-0.425508212,18769,-0.257677117
6571,25/02/2016,0.074990936,6571,144,2016,02/02/2016,09/03/2016,LJR,C,P,9248,P,B,18,1.1,0,F,11/10/2015,142,2015,15.5,JUV,00/01/1900,OFL,0,Non-primary,0,0,01/01/2016,01/06/2016,55,55,55.2,55,6229,2,137,1,-0.425508212,18769,-0.257677117
6645,27/02/2019,0.339785771,6645,171,2019,21/01/2019,09/03/2019,TC,S,P,10770,D,G,23,2,0,M,26/02/2016,144,2016,16.60000038,A,00/01/1900,BrM,0,Primary,1,0,01/01/2019,01/06/2019,57,57,57.2,57,3490,4,1097,1,0.03939405,1203409,-0.110600975
6660,10/09/2016,0.338172985,6660,159,2016,23/06/2016,19/09/2016,DR,C,P,10032,P,B,26,3,0,F,10/09/2015,142,2015,16.29999924,A,00/01/1900,SEEN1,0,Non-primary,0,0,01/01/2016,01/06/2016,253,101,101.1,101,6036,4,366,1,-0.314609652,133956,-0.243376351
6673,12/09/2016,0.225449471,6673,159,2016,23/06/2016,19/09/2016,DR,S,P,10055,P,B,1,3,2,F,12/09/2015,142,2015,16.39999962,A,00/01/1900,SEEN1,0,Non-primary,0,0,01/01/2016,01/06/2016,255,103,103.1,103,6028,4,366,1,-0.314609652,133956,-0.243376351
6690,08/02/2019,-0.080870326,6690,171,2019,21/01/2019,09/03/2019,TC,S,P,10729,P,G,23,2,1,F,19/05/2016,159,2016,15.10000038,A,00/01/1900,BrF,0,Primary,1,1,01/01/2019,01/06/2019,38,38,38.2,38,6022,4,995,1,-0.010001816,990025,-0.137093154
6693,02/03/2020,-0.006447452,6693,174,2020,05/02/2020,16/03/2020,TJB,P,P,10943,D,G,1,2,1,F,28/09/2016,159,2016,15.39999962,A,00/01/1900,BrF,0,Primary,0,0,01/01/2020,01/06/2020,61,61,61.2,61,5635,4,1251,1,0.113972121,1565001,-0.065708386
6697,25/02/2019,0.577085421,6697,171,2019,21/01/2019,09/03/2019,TC,C,P,10774,D,G,0,2,0,M,27/09/2016,159,2016,17.10000038,A,00/01/1900,BrM,0,Primary,1,0,01/01/2019,01/06/2019,55,55,55.2,55,6229,4,881,1,-0.065208959,776161,-0.163644927
6764,07/02/2019,-0.170936389,6764,171,2019,21/01/2019,09/03/2019,TC,S,P,10728,P,G,2,2,0,F,11/07/2017,164,2017,14.89999962,A,00/01/1900,BrF,0,Primary,1,1,01/01/2019,01/06/2019,37,37,37.2,37,5514,4,576,1,-0.212912282,331776,-0.218816483
6777,08/02/2019,0.801699862,6777,171,2019,21/01/2019,09/03/2019,TC,S,P,10726,P,G,0,2,1,M,18/07/2017,164,2017,16.39999962,A,00/01/1900,H,0,Non-primary,1,1,01/01/2019,01/06/2019,38,38,38.2,38,6034,4,570,1,-0.215817921,324900,-0.219670156
6777,10/08/2019,0.801699862,6777,173,2019,10/06/2019,23/09/2019,TC,S,P,10867,D,G,127,2,0,M,18/07/2017,164,2017,17.39999962,A,00/01/1900,ABX,183,Non-primary,0,0,01/01/2019,01/06/2019,221,70,70.1,70,6034,4,753,2,-0.127195927,567009,-0.189611693
6777,17/08/2019,0.84770006,6777,173,2019,10/06/2019,23/09/2019,TC,C,P,10876,D,G,57,2,1,M,18/07/2017,164,2017,17.20000076,A,00/01/1900,ABX,7,Non-primary,0,0,01/01/2019,01/06/2019,228,77,77.1,77,6034,4,760,3,-0.123806015,577600,-0.188296793
6780,11/03/2020,-0.489674114,6780,174,2020,05/02/2020,16/03/2020,TJB,S,P,10967,D,G,6,2,0,F,16/07/2017,164,2017,14.30000019,A,00/01/1900,BrF,0,Primary,0,0,01/01/2020,01/06/2020,70,70,70.2,70,5845,4,969,1,-0.022592919,938961,-0.143432883
6831,22/02/2019,-0.127798641,6831,171,2019,21/01/2019,09/03/2019,TC,S,P,10758,D,G,0,2,1,M,26/09/2017,164,2017,15.39999962,A,00/01/1900,ABX,0,Non-primary,1,1,01/01/2019,01/06/2019,52,52,52.2,52,5621,4,514,1,-0.24293722,264196,-0.227206716
6836,12/02/2019,-0.113768239,6836,171,2019,21/01/2019,09/03/2019,TC,S,P,10732,P,G,5,2,0,F,29/09/2017,164,2017,15,A,00/01/1900,BrF,0,Primary,1,1,01/01/2019,01/06/2019,42,42,42.2,42,5823,4,501,1,-0.249232771,251001,-0.228844909
6845,04/03/2020,-0.259389665,6845,174,2020,05/02/2020,16/03/2020,SW,S,P,10950,D,G,43,2,1,F,02/01/2018,166,2018,15,A,00/01/1900,BrF,0,Primary,0,0,01/01/2020,01/06/2020,63,63,63.2,63,6064,4,792,1,-0.108309273,627264,-0.182130878
6857,09/03/2020,0.02645046,6857,174,2020,05/02/2020,16/03/2020,TJB,S,P,10965,D,G,45,2,1,M,07/02/2018,166,2018,15.5,A,00/01/1900,SEEN2,0,Non-primary,0,0,01/01/2020,01/06/2020,68,68,68.2,68,6215,4,761,1,-0.123321742,579121,-0.188107956
6859,03/03/2020,-0.105140564,6859,174,2020,05/02/2020,16/03/2020,MAD,P,P,10944,D,G,6,2,1,M,06/02/2018,166,2018,15.10000038,A,00/01/1900,ABX,0,Non-primary,0,0,01/01/2020,01/06/2020,62,62,62.2,62,6690,4,756,1,-0.125743108,571536,-0.189049654
6863,22/02/2019,-0.292287578,6863,171,2019,21/01/2019,09/03/2019,TC,S,P,10759,D,G,14,2,1,M,10/05/2018,167,2018,14.89999962,SA,00/01/1900,ABX,0,Non-primary,1,1,01/01/2019,01/06/2019,52,52,52.2,52,6669,3,288,1,-0.35238296,82944,-0.249709624
6865,11/02/2019,-0.283659903,6865,171,2019,21/01/2019,09/03/2019,TC,S,P,10731,P,G,0,2,0,M,13/05/2018,167,2018,15,SA,00/01/1900,ABX,0,Non-primary,1,1,01/01/2019,01/06/2019,41,41,41.2,41,6211,3,274,1,-0.359162785,75076,-0.250686456
6877,25/02/2019,0.074990936,6877,171,2019,21/01/2019,09/03/2019,TC,C,P,10772,D,G,57,2,0,M,13/06/2018,167,2018,15.5,SA,00/01/1900,ABX,0,Non-primary,1,0,01/01/2019,01/06/2019,55,55,55.2,55,5635,3,257,1,-0.367395429,66049,-0.251807182
6884,20/02/2019,-0.39098069,6884,171,2019,21/01/2019,09/03/2019,TC,S,P,10764,D,G,23,2,1,M,20/11/2017,164,2017,14.60000038,A,00/01/1900,ABX,0,Non-primary,1,1,01/01/2019,01/06/2019,50,50,50.2,50,6138,4,457,1,-0.270540791,208849,-0.23407819
6886,09/02/2019,0.469764635,6886,171,2019,21/01/2019,09/03/2019,TC,S,P,10725,P,G,66,2,0,M,06/08/2018,167,2018,16.70000076,SA,00/01/1900,OFL,0,Non-primary,1,0,01/01/2019,01/06/2019,39,39,39.2,39,6554,3,187,1,-0.401294552,34969,-0.255665845
6900,04/03/2019,0.438478883,6900,171,2019,21/01/2019,09/03/2019,TC,S,P,10782,D,G,31,2,0,M,07/12/2017,166,2018,16.89999962,A,00/01/1900,BrM,0,Primary,1,0,01/01/2019,01/06/2019,62,62,62.2,62,5657,4,452,1,-0.272962157,204304,-0.234642463
6909,03/03/2020,-0.368322926,6909,174,2020,05/02/2020,16/03/2020,TJB,S,P,10945,D,G,10,2,1,F,12/12/2017,166,2018,14.30000019,A,00/01/1900,ABX,0,Non-primary,0,0,01/01/2020,01/06/2020,62,62,62.2,62,6659,4,812,1,-0.098623809,659344,-0.178148062
6917,07/03/2020,-0.39098069,6917,174,2020,05/02/2020,16/03/2020,SW,S,P,10953,D,G,56,2,1,F,19/09/2017,164,2017,14.60000038,A,00/01/1900,SEEN1,0,Non-primary,0,0,01/01/2020,01/06/2020,66,66,66.2,66,NA,4,900,1,-0.056007769,810000,-0.159443727
6921,09/02/2019,-0.489674114,6921,171,2019,21/01/2019,09/03/2019,TC,S,P,10727,P,G,20,2,0,M,11/07/2018,167,2018,14.30000019,SA,00/01/1900,ABX,0,Non-primary,1,1,01/01/2019,01/06/2019,39,39,39.2,39,6652,3,213,1,-0.388703449,45369,-0.254374658
6926,09/03/2020,-0.179563751,6926,174,2020,05/02/2020,16/03/2020,MAD,S,P,10966,D,G,52,2,1,F,26/07/2018,167,2018,14.80000019,A,00/01/1900,SEEN1,0,Non-primary,0,0,01/01/2020,01/06/2020,68,68,68.2,68,6673,4,592,1,-0.205163911,350464,-0.216496319
7071,06/03/2020,0.092245973,7071,174,2020,05/02/2020,16/03/2020,MAD,S,P,10955,D,G,30,2,1,M,15/09/2018,167,2018,15.69999981,A,00/01/1900,ABX,0,Non-primary,0,0,01/01/2020,01/06/2020,65,65,65.2,65,5630,4,538,1,-0.231314663,289444,-0.224072111
7074,26/02/2019,0.175296834,7074,171,2019,21/01/2019,09/03/2019,TC,C,P,10773,D,G,0,2,0,M,13/09/2018,167,2018,16.10000038,JUV,00/01/1900,OFL,0,Non-primary,1,0,01/01/2019,01/06/2019,56,56,56.2,56,6199,2,166,1,-0.411464289,27556,-0.256586188
7077,09/02/2019,-0.579739864,7077,171,2019,21/01/2019,09/03/2019,TC,S,P,10745,P,G,33,2,0,F,25/09/2018,167,2018,14.10000038,JUV,00/01/1900,OFL,0,Non-primary,1,1,01/01/2019,01/06/2019,39,39,39.2,39,5452,2,137,1,-0.425508212,18769,-0.257677117
7079,14/02/2019,-0.827279663,7079,171,2019,21/01/2019,09/03/2019,TC,S,P,10747,P,G,5,2,0,F,30/09/2018,167,2018,13.19999981,JUV,00/01/1900,OFL,0,Non-primary,1,1,01/01/2019,01/06/2019,44,44,44.2,44,5009,2,137,1,-0.425508212,18769,-0.257677117
7084,06/03/2020,0.535559834,7084,174,2020,05/02/2020,16/03/2020,TJB,S,P,10952,D,G,96,2,1,M,06/05/2018,167,2018,16.89999962,A,00/01/1900,SEEN1,0,Non-primary,0,0,01/01/2020,01/06/2020,65,65,65.2,65,3086,4,670,1,-0.167390602,448900,-0.204275233
7086,08/02/2019,-0.361307725,7086,171,2019,21/01/2019,09/03/2019,TC,S,P,10754,P,G,0,2,1,F,10/05/2018,167,2018,14.10000038,SA,00/01/1900,ABX,0,Non-primary,1,1,01/01/2019,01/06/2019,38,38,38.2,38,6690,3,274,1,-0.359162785,75076,-0.250686456
7091,17/02/2019,1.119092707,7091,171,2019,21/01/2019,09/03/2019,TC,T,P,10763,D,G,4,2,0,F,03/10/2018,167,2018,18.60000038,JUV,00/01/1900,OFL,0,Non-primary,1,1,01/01/2019,01/06/2019,47,47,47.2,47,6554,2,137,1,-0.425508212,18769,-0.257677117
7093,28/02/2019,-0.451373787,7093,171,2019,21/01/2019,09/03/2019,TC,S,P,10768,D,G,19,2,1,F,14/10/2018,167,2018,13.89999962,JUV,00/01/1900,SEEN1,0,Non-primary,1,0,01/01/2019,01/06/2019,58,58,58.2,58,6771,2,137,1,-0.425508212,18769,-0.257677117
7094,25/02/2019,-0.506929151,7094,171,2019,21/01/2019,09/03/2019,TC,C,P,10769,D,G,30,2,0,F,27/05/2018,167,2018,14.10000038,SA,00/01/1900,ABX,0,Non-primary,1,0,01/01/2019,01/06/2019,55,55,55.2,55,6561,3,274,1,-0.359162785,75076,-0.250686456
7096,02/03/2019,-0.983140925,7096,171,2019,21/01/2019,09/03/2019,TC,S,P,10777,D,G,2,2,0,F,16/10/2018,167,2018,12.80000019,SA,00/01/1900,ABX,0,Non-primary,1,0,01/01/2019,01/06/2019,60,60,60.2,60,3094,3,137,1,-0.425508212,18769,-0.257677117
7097,01/03/2019,0.158041485,7097,171,2019,21/01/2019,09/03/2019,TC,S,P,10778,D,G,0,2,0,M,15/10/2018,167,2018,15.89999962,JUV,00/01/1900,OFL,0,Non-primary,1,0,01/01/2019,01/06/2019,59,59,59.2,59,5465,2,137,1,-0.425508212,18769,-0.257677117
7116,06/03/2020,-0.925973087,7116,174,2020,05/02/2020,16/03/2020,SW,S,P,10954,D,G,4,2,1,F,13/05/2019,173,2019,12.89999962,A,00/01/1900,ABX,0,Non-primary,0,0,01/01/2020,01/06/2020,65,65,65.2,65,6161,4,298,1,-0.347540228,88804,-0.248982089
7131,04/03/2020,0.036690296,7131,174,2020,05/02/2020,16/03/2020,TJB,S,P,10939,D,G,0,2,1,M,04/06/2019,173,2019,15.89999962,SA,00/01/1900,ABX,0,Non-primary,0,0,01/01/2020,01/06/2020,63,63,63.2,63,5838,3,274,1,-0.359162785,75076,-0.250686456
7132,02/03/2020,-0.3769506,7132,174,2020,05/02/2020,16/03/2020,SW,P,P,10940,D,G,53,2,1,F,02/06/2019,173,2019,14.19999981,SA,00/01/1900,ABX,0,Non-primary,0,0,01/01/2020,01/06/2020,61,61,61.2,61,NA,3,274,1,-0.359162785,75076,-0.250686456
7133,03/03/2020,0.053945645,7133,174,2020,05/02/2020,16/03/2020,MAD,P,P,10941,D,G,0,2,1,M,03/06/2019,173,2019,16.10000038,SA,00/01/1900,ABX,0,Non-primary,0,0,01/01/2020,01/06/2020,62,62,62.2,62,6737,3,274,1,-0.359162785,75076,-0.250686456
7137,06/03/2020,-0.687060964,7137,174,2020,05/02/2020,16/03/2020,MAD,S,P,10970,D,G,10,2,1,F,06/06/2019,173,2019,13.69999981,SA,00/01/1900,SEEN1,0,Non-primary,0,0,01/01/2020,01/06/2020,65,65,65.2,65,NA,3,274,1,-0.359162785,75076,-0.250686456
7141,06/03/2020,-0.522572027,7141,174,2020,05/02/2020,16/03/2020,TJB,S,P,10974,D,G,0,2,1,M,06/06/2019,173,2019,14.19999981,SA,00/01/1900,SEEN1,0,Non-primary,0,0,01/01/2020,01/06/2020,65,65,65.2,65,NA,3,274,1,-0.359162785,75076,-0.250686456
7142,09/03/2020,-0.654163051,7142,174,2020,05/02/2020,16/03/2020,MAD,P,P,10976,D,G,21,2,1,M,09/06/2019,173,2019,13.80000019,SA,00/01/1900,SEEN1,0,Non-primary,0,0,01/01/2020,01/06/2020,68,68,68.2,68,NA,3,274,1,-0.359162785,75076,-0.250686456
7143,07/03/2020,0.042093024,7143,174,2020,05/02/2020,16/03/2020,TJB,S,P,10977,D,G,9,2,1,M,07/06/2019,173,2019,15.39999962,SA,00/01/1900,SEEN1,0,Non-primary,0,0,01/01/2020,01/06/2020,66,66,66.2,66,NA,3,274,1,-0.359162785,75076,-0.250686456
