BirdID,CatchID,OccasionID,OccasionDate,EnvironmentScore,ExplorationTestTime,RemarksExploration,ObjectScore,BoldnessTestTime,RemarksObject,Weather,Wind,TentTerritoryID,Observer,TentColour,ExplorationBranchOrientation
5262,7090,3479,14/08/2010,29,00/01/1900,,,,,T,,2,SP,B,D
5323,7081,3479,14/08/2010,28,00/01/1900,,,,,T,,2,SP,B,D
5197,7109,3490,16/08/2010,31,00/01/1900,,,,,P,,2,SP,B,D
2990,7095,3485,17/08/2010,15,00/01/1900,,,,,S,,2,SP,B,D
4961,7096,3485,17/08/2010,4,00/01/1900,,,,,S,,2,SP,B,D
5072,7094,3485,17/08/2010,41,00/01/1900,,,,,S,,2,SP,B,D
5163,7097,3485,17/08/2010,0,00/01/1900,whole test on hand,,,,S,,2,SP,B,D
5539,7102,3485,17/08/2010,7,00/01/1900,,,,,S,,2,SP,B,D
5497,7093,3484,26/08/2010,8,00/01/1900,,,,,S,,2,SP,B,D
1494,7099,3486,28/08/2010,6,00/01/1900,,,,,S,,2,SP,B,D
4883,7098,3486,28/08/2010,59,00/01/1900,,,,,S,,2,SP,B,D
5456,7100,3486,28/08/2010,1,00/01/1900,,,,,S,,2,SP,B,D
5518,7025,3412,03/07/2010,45,00/01/1900,,,,,P,,2,MH,B,D
3085,7034,3413,04/07/2010,15,00/01/1900,,,,,P,,2,SP,B,D
4939,7035,3413,04/07/2010,12,00/01/1900,,,,,P,,2,SP,B,D
5313,7032,3413,04/07/2010,5,00/01/1900,Tent is dark,,,,T,,2,SP,B,D
5519,7026,3413,04/07/2010,5,00/01/1900,,,,,P,,2,MH,B,D
5520,7027,3414,05/07/2010,12,00/01/1900,,,,,C,,2,SP,B,D
3519,7033,3409,06/07/2010,34,00/01/1900,,,,,R,,2,SP,B,D
5511,7018,3409,06/07/2010,6,00/01/1900,,,,,P,,2,SP,B,D
5521,7028,3409,06/07/2010,19,00/01/1900,,,,,P,,2,SP,B,D
5510,7017,3408,07/07/2010,5,00/01/1900,,,,,P,,2,SP,B,D
5519,8316,3418,08/07/2010,3,00/01/1900,REPEAT,,,,P,,2,SP,B,D
5521,8317,3418,08/07/2010,13,00/01/1900,REPEAT,,,,S,,2,SP,B,D
1852,7036,3411,10/07/2010,42,00/01/1900,,,,,P,,2,SP,B,D
5220,7037,3411,10/07/2010,10,00/01/1900,,,,,P,,2,SP,B,D
5516,7023,3411,10/07/2010,20,00/01/1900,,,,,P,,2,SP,B,D
5517,7024,3411,10/07/2010,11,00/01/1900,,,,,C,,2,SP,B,D
5514,7021,3410,11/07/2010,10,00/01/1900,,,,,P,,2,SP,B,D
5508,7015,3407,13/07/2010,8,00/01/1900,Took a long time to reach tent bec of rain,,,,R,,2,SP,B,D
5526,7044,3419,14/07/2010,1,00/01/1900,,,,,S,,2,SP,B,D
4887,7047,3420,16/07/2010,36,00/01/1900,,,,,T,,2,SP,B,D
5527,7045,3420,16/07/2010,3,00/01/1900,,,,,S,,2,SP,B,D
5534,7064,3449,22/07/2010,1,00/01/1900,,,,,P,,2,MH,B,D
1698,7057,3448,21/07/2010,5,00/01/1900,"Recapture (not repeat), no routine mes",,,,P,,2,SP,B,D
5237,7062,3447,23/07/2010,3,00/01/1900,,,,,C,,2,SP,B,D
5450,7056,3448,21/07/2010,15,00/01/1900,"Recapture (not repeat), no routine mes",,,,P,,2,SP,B,D
5533,7055,3447,23/07/2010,0,00/01/1900,whole test on hand,,,,C,,2,SP,B,D
5537,7067,3447,23/07/2010,2,00/01/1900,,,,,P,,2,SP,B,D
5536,7066,3451,26/07/2010,2,00/01/1900,,,,,C,,2,SP,B,D
5530,7052,3445,27/07/2010,34,00/01/1900,,,,,R,,2,SP,B,D
5532,7054,3445,27/07/2010,23,00/01/1900,,,,,C,,2,MH,B,D
4892,7070,3452,28/07/2010,46,00/01/1900,,,,,S,,2,SP,B,D
1877,7072,3475,04/08/2010,3,00/01/1900,,,,,P,,2,MH,B,D
1707,7079,3476,06/08/2010,13,00/01/1900,,,,,C,,2,SP,B,D
4887,7073,3476,06/08/2010,19,00/01/1900,REPEAT,,,,P,,2,SP,B,D
5532,7078,3478,06/08/2010,56,00/01/1900,,,,,S,,2,SP,B,D
5538,7080,3478,06/08/2010,6,00/01/1900,,,,,S,,2,SP,B,D
5541,7104,3488,07/08/2010,38,00/01/1900,,,,,S,,2,SP,B,D
1824,7087,3481,08/08/2010,0,00/01/1900,whole test on hand,,,,S,,2,SP,B,D
5220,7084,3480,08/08/2010,16,00/01/1900,,,,,S,,2,SP,B,D
5326,7085,3480,08/08/2010,34,00/01/1900,,,,,S,,2,SP,B,D
5339,7086,3481,08/08/2010,0,00/01/1900,whole test on hand,,,,S,,2,SP,B,D
5343,7091,3482,10/08/2010,9,00/01/1900,,,,,T,,2,SP,B,D
5453,7089,3482,10/08/2010,12,00/01/1900,,,,,S,,2,SP,B,D
4965,7083,3479,14/08/2010,6,00/01/1900,whole test on ground,,,,S,,2,SP,B,D
5123,7082,3479,14/08/2010,9,00/01/1900,,,,,S,,2,SP,B,D
1607,7126,3502,31/08/2010,6,00/01/1900,,,,,S,,2,SP,B,D
1750,7127,3502,31/08/2010,52,00/01/1900,,,,,S,,2,SP,B,D
4964,7129,3502,31/08/2010,2,00/01/1900,,,,,S,,2,SP,B,D
5313,7125,3502,31/08/2010,5,00/01/1900,REPEAT,,,,S,,2,SP,B,D
5521,7128,3502,31/08/2010,20,00/01/1900,REPEAT,,,,S,,2,SP,B,D
5462,7132,3503,01/09/2010,5,00/01/1900,,,,,S,,2,SP,B,D
5510,7131,3503,01/09/2010,29,00/01/1900,,,,,S,,2,SP,B,D
5519,7130,3503,01/09/2010,11,00/01/1900,,,,,S,,2,SP,B,D
5562,7136,3503,01/09/2010,3,00/01/1900,,,,,T,,2,SP,B,D
3497,7123,3504,02/09/2010,3,00/01/1900,,,,,T,,2,SP,B,D
5333,7124,3504,02/09/2010,2,00/01/1900,,,,,T,,2,SP,B,D
5559,7133,3504,02/09/2010,9,00/01/1900,,,,,S,,2,SP,B,D
5561,7135,3504,02/09/2010,3,00/01/1900,,,,,S,,2,SP,B,D
4896,7147,3516,04/09/2010,7,00/01/1900,,,,,P,,2,SP,B,D
5533,7146,3516,04/09/2010,4,00/01/1900,,,,,P,,2,SP,B,D
5537,7145,3516,04/09/2010,28,00/01/1900,,,,,P,,2,SP,B,D
5573,7150,3518,06/09/2010,10,00/01/1900,,,,,S,,2,SP,B,D
1819,7762,4080,14/12/2011,121,00/01/1900,,,,,S,,2,HD,B,D
2960,8315,4095,14/12/2011,72,00/01/1900,"3rd tree was dodgy, so probably didn't visit this in 1st 2 mins as it was wobbly",,,,S,,2,HD,B,D
5769,7798,4103,29/01/2012,3,00/01/1900,,,,,S,2,2,HE,B,D
5770,7799,4104,30/01/2012,3,00/01/1900,,,,,S,2,2,HE,B,D
5771,7800,4105,30/01/2012,1,00/01/1900,,,,,S,2,2,DJW,B,D
1710,7803,4106,31/01/2012,44,00/01/1900,,,,,S,0,2,HE,B,D
1729,7802,4106,31/01/2012,28,00/01/1900,,,,,S,0,2,HE,B,D
5772,7801,4106,31/01/2012,1,00/01/1900,,,,,S,0,2,HE,B,D
1722,7806,4115,02/02/2012,9,00/01/1900,,,,,C,0,2,HE,B,D
4954,7805,4117,02/02/2012,13,00/01/1900,,,,,C,0,2,HE,B,D
5652,7807,4115,02/02/2012,9,00/01/1900,,,,,C,0,2,HE,B,D
3606,7809,4118,03/02/2012,16,00/01/1900,,,,,S,2,2,HE,B,D
5606,7808,4119,03/02/2012,35,00/01/1900,,,,,S,2,2,HE,B,D
5773,7804,4121,04/02/2012,14,00/01/1900,,,,,C,2,2,HE,B,D
2966,7814,4124,07/02/2012,10,00/01/1900,,,,,S,2,2,HE,B,D
5333,7812,4124,07/02/2012,7,00/01/1900,,,,,S,2,2,HE,B,D
5585,7813,4122,07/02/2012,25,00/01/1900,,,,,S,2,2,HE,B,D
5770,8383,4762,28/07/2013,10,00/01/1900,,44,00/01/1900,,S,0,2,HE,G,P
1660,8452,4861,15/09/2013,0,00/01/1900,,18,00/01/1900,,S,0,2,MB,G,P
5590,8385,4764,29/07/2013,78,00/01/1900,,96,00/01/1900,,P,0,2,HE,G,P
5575,8386,4766,30/07/2013,1,00/01/1900,,0,00/01/1900,,S,0,2,HE,G,P
5847,8387,4767,30/07/2013,22,00/01/1900,,37,00/01/1900,,S,0,2,LMG,G,P
5334,8501,4793,31/07/2013,22,00/01/1900,,13,00/01/1900,,S,0,2,LMG,G,P
5453,8500,4778,31/07/2013,5,00/01/1900,,11,00/01/1900,,S,0,2,HE,G,P
5235,8503,4779,01/08/2013,34,00/01/1900,,69,00/01/1900,,P,1,2,HE,G,P
5642,8502,4779,01/08/2013,16,00/01/1900,,1,00/01/1900,,C,1,2,HE,G,P
5749,8504,4794,01/08/2013,6,00/01/1900,,19,00/01/1900,,S,1,2,LMG,G,P
5595,8390,4768,03/08/2013,28,00/01/1900,,,,,P,0,2,LMG,G,P
5607,8391,4768,03/08/2013,15,00/01/1900,,,,,P,0,2,HE,G,P
5769,8389,4769,03/08/2013,21,00/01/1900,,83,00/01/1900,,P,0,2,LMG,G,P
5836,8388,4768,03/08/2013,5,00/01/1900,,29,00/01/1900,,P,0,2,HE,G,P
6027,8400,4769,03/08/2013,1,00/01/1900,,,,,P,0,2,LMG,G,P
1762,8392,4770,04/08/2013,51,00/01/1900,,88,00/01/1900,,P,1,2,HE,G,P
6028,8401,4770,04/08/2013,1,00/01/1900,,1,00/01/1900,,P,1,2,HE,G,P
6029,8402,4776,04/08/2013,6,00/01/1900,,7,00/01/1900,,P,1,2,LMG,G,P
4803,8394,4771,05/08/2013,2,00/01/1900,,1,00/01/1900,,S,0,2,LMG,G,P
5826,8393,4771,05/08/2013,2,00/01/1900,,2,00/01/1900,,S,1,2,LMG,G,P
3486,8395,4772,06/08/2013,2,00/01/1900,,1,00/01/1900,,S,0,2,HE,G,P
1824,8396,4773,07/08/2013,49,00/01/1900,,63,00/01/1900,,S,0,2,LMG,G,P
5559,8398,4774,10/08/2013,10,00/01/1900,,1,00/01/1900,,C,1,2,LMG,G,P
5679,8399,4774,10/08/2013,61,00/01/1900,,50,00/01/1900,,C,1,2,LMG,G,P
5839,8397,4774,10/08/2013,15,00/01/1900,,,,,C,1,2,LMG,G,P
6030,8403,4774,10/08/2013,1,00/01/1900,,20,00/01/1900,,C,1,2,LMG,G,P
6034,8412,4785,10/08/2013,0,00/01/1900,,1,00/01/1900,,C,0,2,HE,G,P
5249,8420,4786,11/08/2013,41,00/01/1900,,75,00/01/1900,,C,0,2,MB,G,P
5850,8421,4777,11/08/2013,6,00/01/1900,,,,,C,0,2,HE,G,P
6031,8404,4777,11/08/2013,6,00/01/1900,,5,00/01/1900,Beak wipe,C,0,2,HE,G,P
6032,8410,4783,12/08/2013,7,00/01/1900,,12,00/01/1900,,C,0,2,MB,G,P
5612,8405,4781,13/08/2013,46,00/01/1900,,9,00/01/1900,,C,1,2,MB,G,P
6019,8406,4781,13/08/2013,40,00/01/1900,,5,00/01/1900,,C,1,2,MB,G,P
1821,8407,4782,14/08/2013,75,00/01/1900,,13,00/01/1900,,C,0,2,MB,G,P
5514,8408,4782,14/08/2013,49,00/01/1900,,43,00/01/1900,,C,0,2,MB,G,P
6033,8411,4784,14/08/2013,3,00/01/1900,,1,00/01/1900,,C,0,2,HE,G,P
5514,8414,4796,15/08/2013,23,00/01/1900,,121,00/01/1900,Alarm calling,C,0,2,MB,G,P
5643,8415,4796,15/08/2013,87,00/01/1900,,173,00/01/1900,Alarm calling,C,0,2,MB,G,P
5267,8419,4797,17/08/2013,52,00/01/1900,,91,00/01/1900,,S,0,2,HE,G,P
5618,8418,4799,17/08/2013,96,00/01/1900,,130,00/01/1900,Alarm calling,S,0,2,MB,G,P
5770,8457,4865,17/09/2013,13,00/01/1900,,70,00/01/1900,,S,0,2,MB,G,P
3486,8423,4815,18/08/2013,22,00/01/1900,,78,00/01/1900,,S,0,2,HE,G,P
4904,8416,4798,18/08/2013,36,00/01/1900,,71,00/01/1900,,S,0,2,HE,G,P
4933,8465,4868,18/09/2013,24,00/01/1900,,0,00/01/1900,,S,0,2,MB,G,P
5612,8467,4868,18/09/2013,,,,,,,C,1,2,SAK,G,P
5648,8417,4798,18/08/2013,2,00/01/1900,,1,00/01/1900,,S,0,2,HE,G,P
5854,8464,4879,18/09/2013,49,00/01/1900,,66,00/01/1900,Alarm calling during novel object test,S,0,2,MB,G,P
5748,8422,4814,22/08/2013,3,00/01/1900,,4,00/01/1900,,C,0,2,MB,G,P
5847,8424,4816,21/08/2013,22,00/01/1900,,106,00/01/1900,Alarm calling,C,0,2,MB,G,P
3694,8430,4817,22/08/2013,4,00/01/1900,,2,00/01/1900,,C,0,2,HE,G,P
5639,8429,4817,22/08/2013,2,00/01/1900,,1,00/01/1900,,C,0,2,HE,G,P
4892,8427,4818,24/08/2013,57,00/01/1900,,84,00/01/1900,Alarm calling,C,0,2,MB,G,P
5774,7810,4122,07/02/2012,19,00/01/1900,,,,,S,2,2,LJR,B,D
5775,7811,4123,07/02/2012,12,00/01/1900,,,,,S,2,2,LJR,B,D
1042,7824,4126,08/02/2012,21,00/01/1900,,,,,S,2,2,LJR,B,D
2968,7821,4128,08/02/2012,15,00/01/1900,,,,,S,2,2,LJR,B,D
3594,7823,4126,08/02/2012,5,00/01/1900,,,,,S,2,2,HE,B,D
5319,7822,4126,08/02/2012,18,00/01/1900,,,,,S,2,2,LJR,B,D
5776,7816,4126,08/02/2012,52,00/01/1900,,,,,S,2,2,HE,B,D
5777,7817,4126,08/02/2012,1,00/01/1900,,,,,S,2,2,HE,B,D
5778,7818,4126,08/02/2012,3,00/01/1900,,,,,S,2,2,HE,B,D
5779,7819,4126,08/02/2012,4,00/01/1900,.,,,,S,2,2,HE,B,D
3490,7826,4127,09/02/2012,3,00/01/1900,,,,,S,0,2,HE,B,D
4941,7825,4129,09/02/2012,28,00/01/1900,,,,,S,0,2,HE,B,D
5780,7820,4127,09/02/2012,4,00/01/1900,,,,,S,0,2,HE,B,D
2978,7830,4131,11/02/2012,27,00/01/1900,,,,,S,0,2,HE,B,D
3089,7828,4131,11/02/2012,20,00/01/1900,,,,,S,0,2,HE,B,D
5530,7829,4131,11/02/2012,67,00/01/1900,,,,,S,0,2,HE,B,D
5602,7831,4130,12/02/2012,11,00/01/1900,,,,,S,0,2,HE,B,D
5781,7827,4130,12/02/2012,2,00/01/1900,,,,,S,0,2,HE,B,D
1731,7836,4133,13/02/2012,6,00/01/1900,,,,,S,0,2,LJR,B,D
1864,7832,4132,13/02/2012,7,00/01/1900,,,,,S,0,2,HE,B,D
5595,7835,4133,13/02/2012,12,00/01/1900,,,,,S,0,2,DJW,B,D
5625,7834,4133,13/02/2012,1,00/01/1900,,,,,S,0,2,DJW,B,D
5630,7833,4133,13/02/2012,14,00/01/1900,,,,,S,0,2,DJW,B,D
5782,7837,4135,15/02/2012,4,00/01/1900,,,,,S,0,2,HE,B,D
5522,7838,4139,16/02/2012,12,00/01/1900,,,,,S,0,2,HE,B,D
5783,7839,4139,16/02/2012,3,00/01/1900,,,,,S,0,2,HE,B,D
5784,7840,4139,16/02/2012,3,00/01/1900,,,,,S,0,2,HE,B,D
5785,7841,4140,17/02/2012,21,00/01/1900,,,,,S,0,2,HE,B,D
5596,7842,4144,21/02/2012,10,00/01/1900,,,,,C,2,2,HE,B,D
5604,7843,4145,22/02/2012,20,00/01/1900,,,,,S,2,2,HE,B,D
5786,7844,4145,22/02/2012,5,00/01/1900,,,,,S,2,2,HE,B,D
3456,7848,4146,23/02/2012,6,00/01/1900,,,,,S,2,2,HE,B,D
5621,7846,4146,23/02/2012,48,00/01/1900,,,,,S,2,2,HE,B,D
5624,7847,4146,23/02/2012,26,00/01/1900,,,,,S,2,2,HE,B,D
5769,7849,4146,23/02/2012,7,00/01/1900,,,,,S,2,2,HE,B,D
5787,7845,4146,23/02/2012,1,00/01/1900,,,,,S,2,2,HE,B,D
5775,7850,4148,26/02/2012,15,00/01/1900,,,,,C,2,2,HE,B,D
5831,7900,4205,05/06/2012,,,Bird seemed stuck in roof mesh in tent; stopped,,,,S,1,2,SAK,B,D
1729,7912,4206,06/06/2012,53,00/01/1900,,,,,S,1,2,SAK,B,D
4890,7911,4206,06/06/2012,24,00/01/1900,"flew 13 times ground to ground, 3 times to bucket of the tree (called tree visit)",,,,S,1,2,SAK,B,D
5275,7909,4206,06/06/2012,0,00/01/1900,sat on the release tree all time and tent is dark,,,,S,1,2,SAK,B,D
5542,7908,4206,06/06/2012,7,00/01/1900,Tent is dark,,,,S,1,2,SAK,B,D
5787,7910,4206,06/06/2012,14,00/01/1900,most flight ceiling to ceiling,,,,S,1,2,SAK,B,D
5832,7901,4206,06/06/2012,1,00/01/1900,flew to ground and stayed there (chainsawing near release test),,,,S,1,2,SAK,B,D
5595,7913,4181,07/06/2012,13,00/01/1900,singing in bag before trial and also in tent (after trial just before getting it out of the tent),,,,S,0,2,SAK,B,D
5072,7915,4231,08/06/2012,12,00/01/1900,(release tree only one NOT visited),,,,S,0,2,SAK,B,D
5513,7918,4182,08/06/2012,6,00/01/1900,The tree it flew to was the origil release tree,,,,S,0,2,SAK,B,D
5525,7917,4231,08/06/2012,0,00/01/1900,sat on the release tree all time,,,,S,0,2,SAK,B,D
5588,7916,4231,08/06/2012,8,00/01/1900,one small flight ceiling to ceiling,,,,S,1,2,SAK,B,D
5770,7914,4231,08/06/2012,1,00/01/1900,Flew up to ceiling after 4 and half minutes,,,,S,0,2,SAK,B,D
5195,7921,4214,09/06/2012,5,00/01/1900,,,,,P,0,2,SAK,B,D
5450,7920,4214,09/06/2012,4,00/01/1900,,,,,C,1,2,DLG,B,D
5612,7919,4214,09/06/2012,8,00/01/1900,,,,,C,1,2,DLG,B,D
5830,7899,4183,09/06/2012,14,00/01/1900,Warbler singing closeby before tent test,,,,C,0,2,DLG,B,D
3497,7924,4184,11/06/2012,2,00/01/1900,,,,,S,1,2,DLG,B,D
5235,7922,4232,11/06/2012,16,00/01/1900,Tent is dark,,,,S,1,2,SAK,B,D
5780,7923,4232,11/06/2012,12,00/01/1900,quite a long break between end processing and second bag test,,,,S,1,2,DLG,B,D
1729,7946,4204,12/06/2012,11,00/01/1900,Bagtest done after persolity test,,,,S,0,2,DLG,B,D
3085,7947,4204,12/06/2012,17,00/01/1900,Bagtest done after persolity test,,,,S,0,2,DLG,B,D
5828,7897,4204,12/06/2012,4,00/01/1900,not the begging fledgling in 1.1/2,,,,C,0,2,DLG,B,D
5829,7898,4204,12/06/2012,10,00/01/1900,Responds to begging fledgling closeby tent,,,,S,0,2,SAK,B,D
5613,7945,4216,13/06/2012,,,no persolity done,,,,S,0,2,SAK,B,D
5636,7949,4203,14/06/2012,,,no persolity done,,,,S,1,2,SAK,B,D
5643,7948,4203,14/06/2012,4,00/01/1900,,,,,S,1,2,SAK,B,D
5658,7950,4203,14/06/2012,0,00/01/1900,just sat paralysed,,,,S,0,2,SAK,B,D
5825,7894,4203,14/06/2012,0,00/01/1900,just sat. Tent quite bright on sides,,,,S,0,2,SAK,B,D
5826,7895,4203,14/06/2012,5,00/01/1900,,,,,S,0,2,DLG,B,D
5827,7896,4203,14/06/2012,21,00/01/1900,had pisonia seeds in tail and wing,,,,S,0,2,DLG,B,D
5585,7952,4217,15/06/2012,24,00/01/1900,,,,,S,0,2,DLG,B,D
5824,7893,4188,15/06/2012,23,00/01/1900,Fledgling,,,,S,0,2,DLG,B,D
3490,7956,4207,16/06/2012,4,00/01/1900,,,,,S,0,2,DLG,B,D
5235,7955,4207,16/06/2012,7,00/01/1900,,,,,S,0,2,SAK,B,D
5682,7953,4207,16/06/2012,0,00/01/1900,"just sat, partly with eyes closed.",,,,S,0,2,SAK,B,D
5833,7902,4207,16/06/2012,0,00/01/1900,just sat,,,,S,0,2,SAK,B,D
1605,7961,4218,17/06/2012,16,00/01/1900,preening 2 minutes on tree and very hot,,,,S,0,2,SAK,B,D
1660,7958,4218,17/06/2012,3,00/01/1900,,,,,C,0,2,DLG,B,D
5620,7957,4218,17/06/2012,6,00/01/1900,,,,,C,1,2,SAK,B,D
5686,7960,4218,17/06/2012,4,00/01/1900,stayed on floor long time,,,,S,1,2,DLG,B,D
5786,7959,4190,17/06/2012,2,00/01/1900,Spent all time grooming,,,,S,0,2,DLG,B,D
5835,7904,4208,19/06/2012,5,00/01/1900,,,,,C,1,2,DLG,B,D
5547,7962,4219,20/06/2012,5,00/01/1900,,,,,C,1,2,DLG,B,D
4883,7964,4220,21/06/2012,,,,,,,C,1,2,SAK,B,D
5498,7965,4220,21/06/2012,0,00/01/1900,Just sitting. Breathing a lot (bled lots),,,,S,1,2,SAK,B,D
5605,7963,4220,21/06/2012,6,00/01/1900,,,,,C,1,2,DLG,B,D
1824,7967,4195,24/06/2012,26,00/01/1900,"not been on origil tree, 2 left behind, 4 right behind",,,,C,1,2,DLG,B,D
5778,7966,4222,24/06/2012,8,00/01/1900,"Most ceiling to ceiling flights, 1 flight to origil release tree",,,,C,1,2,SAK,B,D
5781,7968,4195,24/06/2012,8,00/01/1900,,,,,C,0,2,DLG,B,D
5770,7969,4209,25/06/2012,1,00/01/1900,"Sitting on brach all the time, but looking around a lot.",,,,S,1,2,SAK,B,D
5836,7905,4209,25/06/2012,1,00/01/1900,,,,,P,1,2,SAK,B,D
3453,7970,4224,27/06/2012,5,00/01/1900,,,,,S,0,2,DLG,B,D
5123,7972,4224,27/06/2012,4,00/01/1900,Preening a lot,,,,P,1,2,SAK,B,D
5523,7971,4224,27/06/2012,14,00/01/1900,Includes going back to origil tree,,,,P,0,2,DLG,B,D
5765,7973,4224,27/06/2012,3,00/01/1900,,,,,C,0,2,DLG,B,D
1801,7975,4198,28/06/2012,12,00/01/1900,4 times ceiling ceiling flights;,,,,P,1,2,DLG,B,D
5456,7974,4225,28/06/2012,15,00/01/1900,sings in bag and tent,,,,P,1,2,SAK,B,D
5518,7976,4225,28/06/2012,16,00/01/1900,also returned to origil tree - alo flew twice for one ceiling visit,,,,P,1,2,DLG,B,D
3608,7977,4199,29/06/2012,12,00/01/1900,,,,,P,1,2,DLG,B,D
5237,7978,4226,29/06/2012,7,00/01/1900,ceiling-ground-lower branch-upper branch-ceiling-upper branch,,,,R,1,2,SAK,B,D
5820,7889,4199,29/06/2012,2,00/01/1900,,,,,S,1,2,DLG,B,D
1877,8002,4200,01/07/2012,13,00/01/1900,Escaped from tent after test,,,,P,1,2,DLG,B,D
5821,7890,4200,01/07/2012,7,00/01/1900,,,,,S,1,2,SAK,B,D
5822,7891,4201,01/07/2012,15,00/01/1900,,,,,R,2,2,DLG,B,D
5009,7980,4202,03/07/2012,,,,,,,S,1,2,SAK,B,D
5337,7984,4202,03/07/2012,,,,,,,S,0,2,SAK,B,D
5508,7982,4234,03/07/2012,12,00/01/1900,,,,,S,0,2,DLG,B,D
5529,7981,4234,03/07/2012,,,,,,,S,1,2,DLG,B,D
5748,7983,4202,03/07/2012,0,00/01/1900,,,,,S,0,2,DLG,B,D
5823,7892,4202,03/07/2012,0,00/01/1900,Hanging on branch upside down all the time,,,,S,1,2,SAK,B,D
5834,7979,4202,03/07/2012,,,tent too dark for persolity,,,,T,,2,SAK,B,D
5285,7407,3687,01/10/2011,15,00/01/1900,did not go back to origil tree,,,,C,1,2,DLG,B,D
5657,7986,4229,05/07/2012,0,00/01/1900,,,,,P,1,2,DLG,B,D
5685,7987,4229,05/07/2012,2,00/01/1900,,,,,P,1,2,DLG,B,D
5837,7906,4210,05/07/2012,0,00/01/1900,,,,,R,2,2,DLG,B,D
5275,7992,4230,06/07/2012,5,00/01/1900,* back to origil tree,,,,S,0,2,DLG,B,D
5283,7990,4230,06/07/2012,,,,,,,S,1,2,SAK,B,D
5543,7989,4363,06/07/2012,2,00/01/1900,,,,,S,0,2,DLG,B,D
5625,7991,4363,06/07/2012,6,00/01/1900,,,,,P,1,2,DLG,B,D
4861,7995,4235,07/07/2012,11,00/01/1900,,,,,S,0,2,DLG,B,D
5338,7994,4235,07/07/2012,11,00/01/1900,Inludes back to origil tree,,,,S,1,2,DLG,B,D
5583,7993,4211,07/07/2012,14,00/01/1900,"Often short ceiling-ceiling flights, but 5x flew from ceiling around tent back to ceiling.",,,,S,1,2,SAK,B,D
5838,7907,4211,07/07/2012,9,00/01/1900,2 short ceiling ceiling flights. * includes bak to origil tree,,,,S,1,2,SAK,B,D
1669,7997,4248,14/07/2012,6,00/01/1900,,,,,S,1,2,DJW,B,D
5334,7925,4248,14/07/2012,2,00/01/1900,,,,,S,1,2,DLG,B,D
5639,7998,4248,14/07/2012,7,00/01/1900,,,,,S,1,2,DLG,B,D
5765,7996,4254,14/07/2012,1,00/01/1900,,,,,S,1,2,DJW,B,D
5768,7999,4248,14/07/2012,4,00/01/1900,,,,,S,1,2,DLG,B,D
5839,7928,4248,14/07/2012,5,00/01/1900,Responds to singing heard nearby,,,,S,1,2,DLG,B,D
5170,8001,4249,15/07/2012,,,,,,,T,,2,DLG,B,D
5590,7926,4249,15/07/2012,9,00/01/1900,,,,,C,1,2,DLG,B,D
5769,8000,4249,15/07/2012,,,,,,,T,,2,DLG,B,D
5549,7927,4259,19/07/2012,6,00/01/1900,,,,,C,1,2,DJW,B,D
5837,8003,4371,01/09/2012,,,,,,,T,,2,SAK,B,D
5825,8004,4350,06/09/2012,,,,,,,T,,2,SAK,B,D
1605,8005,4373,09/09/2012,11,00/01/1900,Chainsawing not far away,,,,C,1,2,SAK,B,D
5267,8006,4336,09/09/2012,0,00/01/1900,,,,,P,1,2,VS,B,D
5750,8009,4373,09/09/2012,0,00/01/1900,,,,,P,1,2,SAK,B,D
5829,8008,4336,09/09/2012,9,00/01/1900,Inludes back to origil tree,,,,P,1,2,VS,B,D
5834,8007,4336,09/09/2012,1,00/01/1900,,,,,P,1,2,VS,B,D
5841,7930,4336,09/09/2012,,,,,,,P,1,2,VS,B,D
5842,7931,4337,10/09/2012,0,00/01/1900,,,,,C,1,2,VS,B,D
5642,8010,4374,11/09/2012,,,,,,,C,1,2,VS,B,D
5748,8011,4338,11/09/2012,,,rain just before tent test,,,,P,1,2,SAK,B,D
5843,7932,4338,11/09/2012,,,rain,,,,C,1,2,SAK,B,D
5775,8014,4354,12/09/2012,22,00/01/1900,,,,,C,1,2,VS,B,D
5837,8012,4354,12/09/2012,3,00/01/1900,,,,,C,1,2,SAK,B,D
5839,8013,4339,12/09/2012,9,00/01/1900,"two floor visits were actually side of tent, on zipper, not far from floor",,,,C,1,2,SAK,B,D
5844,7933,4339,12/09/2012,0,00/01/1900,,,,,C,1,2,SAK,B,D
5590,8016,4375,13/09/2012,,,,,,,T,,2,SAK,B,D
5835,8017,4375,13/09/2012,,,,,,,T,,2,SAK,B,D
1669,8019,4376,14/09/2012,9,00/01/1900,,,,,S,1,2,SAK,B,D
3608,8018,4356,14/09/2012,37,00/01/1900,Inludes back to origil tree,,,,S,1,2,SAK,B,D
5249,8020,4377,15/09/2012,,,,,,,T,,2,SAK,B,D
5845,7934,4340,15/09/2012,,,potentially carrying egg? - released before persolity,,,,T,,2,VS,B,D
3567,8023,4381,16/09/2012,7,00/01/1900,,,,,P,2,2,VS,B,D
4904,8021,4381,16/09/2012,,,,,,,P,2,2,SAK,B,D
5657,8024,4381,16/09/2012,,,,,,,P,2,2,SAK,B,D
1678,8028,4382,17/09/2012,,,,,,,T,,2,SAK,B,D
5173,8027,4382,17/09/2012,,,,,,,T,,2,SAK,B,D
5644,8026,4382,17/09/2012,,,,,,,T,,2,SAK,B,D
5826,8025,4341,17/09/2012,,,,,,,T,,2,VS,B,D
5846,7935,4341,17/09/2012,,,,,,,T,,2,VS,B,D
4892,8030,4342,18/09/2012,,,Escaped,,,,S,1,2,SAK,B,D
5235,8034,4357,18/09/2012,,,,,,,C,1,2,VS,B,D
5543,8032,4357,18/09/2012,,,,,,,C,1,2,VS,B,D
5639,8033,4357,18/09/2012,,,,,,,C,1,2,VS,B,D
5643,8029,4357,18/09/2012,,,,,,,T,,2,VS,B,D
5768,8031,4342,18/09/2012,9,00/01/1900,,,,,C,1,2,VS,B,D
5847,7936,4342,18/09/2012,,,,,,,C,1,2,SAK,B,D
5195,8035,4383,19/09/2012,12,00/01/1900,bird singing closeby tent,,,,S,1,2,SAK,B,D
1729,8037,4384,20/09/2012,114,00/01/1900,alarmed once and sang twice in tent,,,,S,1,2,VS,B,D
3087,8040,4386,22/09/2012,29,00/01/1900,,,,,S,1,2,SAK,B,D
5780,8039,4386,22/09/2012,27,00/01/1900,Inludes back to origil tree,,,,S,1,2,SAK,B,D
5833,8038,4386,22/09/2012,11,00/01/1900,,,,,S,1,2,VS,B,D
1042,8044,4343,23/09/2012,,,,,,,T,,2,SAK,B,D
4896,8041,4343,23/09/2012,62,00/01/1900,Inludes back to origil tree,,,,S,1,2,VS,B,D
5523,8042,4387,23/09/2012,101,00/01/1900,,,,,S,2,2,VS,B,D
5594,8043,4387,23/09/2012,,,,,,,T,,2,VS,B,D
5848,7937,4343,23/09/2012,,,,,,,S,1,2,SAK,B,D
5849,7938,4343,23/09/2012,0,00/01/1900,just sitting; part of the time eyes closed,,,,S,0,2,SAK,B,D
1722,8048,4360,24/09/2012,,,bird bit stressed/cold,,,,P,1,2,VS,B,D
3595,8049,4360,24/09/2012,0,00/01/1900,,,,,P,1,2,VS,B,D
4904,8047,4344,24/09/2012,,,,,,,S,0,2,SAK,B,D
5283,8046,4360,24/09/2012,3,00/01/1900,bird has no tail left; moult,,,,S,0,2,SAK,B,D
5821,8045,4344,24/09/2012,0,00/01/1900,,,,,S,1,2,VS,B,D
5850,7939,4344,24/09/2012,5,00/01/1900,bird singing closeby,,,,P,1,2,SAK,B,D
4861,8051,4345,25/09/2012,39,00/01/1900,,,,,S,1,2,SAK,B,D
4885,8050,4388,25/09/2012,,,,,,,S,1,2,SAK,B,D
5518,8052,4345,25/09/2012,,,,,,,S,1,2,SAK,B,D
5851,7940,4345,25/09/2012,,,,,,,S,1,2,SAK,B,D
3643,8055,4389,26/09/2012,,,,,,,S,0,2,SAK,B,D
5584,8054,4346,26/09/2012,59,00/01/1900,Floater; caught again on next day,,,,S,0,2,VS,B,D
5586,8053,4346,26/09/2012,18,00/01/1900,,,,,S,0,2,VS,B,D
5852,7941,4346,26/09/2012,,,,,,,S,0,2,SAK,B,D
5584,8015,4347,27/09/2012,,,caught yesterday as well; floater,,,,T,,2,SAK,B,D
5582,8178,4529,26/01/2013,12,00/01/1900,,,,,P,2,2,HE,B,D
5625,8179,4589,29/01/2013,3,00/01/1900,,,,,C,2,2,HE,B,D
1821,8181,4535,30/01/2013,20,00/01/1900,,,,,P,2,2,HE,B,D
2966,8183,4535,30/01/2013,9,00/01/1900,,,,,P,2,2,SH,B,D
3094,8180,4534,30/01/2013,5,00/01/1900,,,,,P,2,2,HE,B,D
5641,8182,4535,30/01/2013,8,00/01/1900,,,,,P,2,2,SH,B,D
5780,8184,4537,31/01/2013,10,00/01/1900,,,,,P,1,2,SH,B,D
5901,8185,4536,31/01/2013,4,00/01/1900,,,,,P,1,2,HE,B,D
5902,8186,4536,31/01/2013,13,00/01/1900,,,,,C,1,2,HE,B,D
5854,8187,4538,01/02/2013,3,00/01/1900,,,,,P,1,2,HE,B,D
5769,8188,4540,02/02/2013,15,00/01/1900,,,,,C,1,2,HE,B,D
5776,8189,4541,02/02/2013,16,00/01/1900,,,,,C,1,2,HE,B,D
4890,8190,4543,03/02/2013,74,00/01/1900,,,,,C,0,2,SH,B,D
5833,8191,4543,03/02/2013,2,00/01/1900,,,,,C,0,2,HE,B,D
5903,8192,4543,03/02/2013,4,00/01/1900,,,,,C,0,2,SH,B,D
5904,8193,4545,04/02/2013,5,00/01/1900,,,,,P,0,2,HE,B,D
5905,8194,4544,04/02/2013,8,00/01/1900,,,,,P,1,2,SH,B,D
5291,8195,4546,05/02/2013,44,00/01/1900,,,,,P,0,2,HE,B,D
5658,8196,4547,05/02/2013,39,00/01/1900,,,,,P,0,2,SH,B,D
5608,8199,4548,06/02/2013,31,00/01/1900,,,,,C,1,2,HE,B,D
5678,8197,4549,06/02/2013,44,00/01/1900,,,,,C,1,2,SH,B,D
5777,8198,4549,06/02/2013,10,00/01/1900,,,,,C,1,2,SH,B,D
5846,8200,4549,06/02/2013,21,00/01/1900,,,,,C,1,2,SH,B,D
5824,8201,4551,07/02/2013,55,00/01/1900,,,,,P,2,2,SH,B,D
5000,8202,4552,08/02/2013,29,00/01/1900,,,,,P,1,2,HE,B,D
5600,8204,4554,09/02/2013,2,00/01/1900,,,,,C,1,2,HE,B,D
5783,8203,4555,09/02/2013,3,00/01/1900,,,,,C,1,2,HE,B,D
5906,8205,4540,02/02/2013,7,00/01/1900,,,,,S,1,2,HE,B,D
5907,8206,4588,12/02/2013,7,00/01/1900,,,,,S,1,2,HE,B,D
4860,8208,4562,14/02/2013,58,00/01/1900,,65,00/01/1900,,S,0,2,SH,B,D
5766,8207,4562,14/02/2013,4,00/01/1900,,1,00/01/1900,,P,1,2,SH,B,D
5290,8209,4563,15/02/2013,14,00/01/1900,,7,00/01/1900,,S,2,2,HE,B,D
5776,8210,4564,15/02/2013,7,00/01/1900,,60,00/01/1900,Landed on branch of novel object,S,2,2,HE,B,D
5634,8211,4565,16/02/2013,17,00/01/1900,,23,00/01/1900,,P,1,2,HE,B,D
5908,8212,4565,16/02/2013,8,00/01/1900,,18,00/01/1900,,P,1,2,HE,B,D
5536,8213,4566,17/02/2013,16,00/01/1900,,20,00/01/1900,,S,1,2,SH,B,D
5547,8216,4568,18/02/2013,28,00/01/1900,,41,00/01/1900,,S,1,2,SH,B,D
5853,8215,4569,18/02/2013,2,00/01/1900,,9,00/01/1900,,S,1,2,HE,B,D
5909,8214,4569,18/02/2013,3,00/01/1900,,1,00/01/1900,,S,1,2,HE,B,D
1707,8217,4570,19/02/2013,7,00/01/1900,,5,00/01/1900,,P,0,2,HE,B,D
2991,8219,4572,20/02/2013,43,00/01/1900,,50,00/01/1900,Perched on novel object branch twice,C,2,2,HE,B,D
5907,8218,4573,20/02/2013,9,00/01/1900,,7,00/01/1900,,C,2,2,SH,B,D
4947,8221,4591,21/02/2013,1,00/01/1900,,38,00/01/1900,,P,2,2,HE,B,D
5778,8220,4590,21/02/2013,8,00/01/1900,,43,00/01/1900,,P,2,2,HE,B,D
5625,8223,4592,22/02/2013,36,00/01/1900,,75,00/01/1900,,P,2,2,HE,B,D
5820,8222,4594,22/02/2013,11,00/01/1900,,35,00/01/1900,,P,2,2,SH,B,D
5779,8224,4575,23/02/2013,32,00/01/1900,,42,00/01/1900,,P,2,2,SH,B,D
3462,8225,4576,24/02/2013,93,00/01/1900,,93,00/01/1900,,P,0,2,HE,B,D
5590,8226,4576,24/02/2013,52,00/01/1900,,157,00/01/1900,Perched on novel object branch eight times,P,0,2,HE,B,D
5907,8318,4688,20/06/2013,5,00/01/1900,,,,,S,0,2,HE,G,P
5604,8319,4692,22/06/2013,51,00/01/1900,,59,00/01/1900,,S,0,2,HE,G,P
5823,8320,4694,23/06/2013,13,00/01/1900,,2,00/01/1900,,S,0,2,HE,G,P
5829,8321,4695,24/06/2013,15,00/01/1900,,31,00/01/1900,,S,0,2,HE,G,P
1824,8325,4698,25/06/2013,28,00/01/1900,,,,,S,0,2,HE,G,P
5625,8322,4697,25/06/2013,118,00/01/1900,,,,,S,0,2,HE,G,P
5769,8324,4697,25/06/2013,33,00/01/1900,,,,,S,0,2,HE,G,P
5820,8323,4698,25/06/2013,14,00/01/1900,,,,,S,0,2,HE,G,P
5838,8326,4699,26/06/2013,15,00/01/1900,,47,00/01/1900,,S,0,2,HE,G,P
6009,8327,4699,26/06/2013,2,00/01/1900,,,,,S,0,2,HE,G,P
1710,8328,4701,27/06/2013,30,00/01/1900,,64,00/01/1900,,S,0,2,HE,G,P
5909,8329,4702,27/06/2013,2,00/01/1900,,7,00/01/1900,,S,0,2,HE,G,P
5523,8330,4703,29/06/2013,57,00/01/1900,,124,00/01/1900,,S,0,2,LMG,G,P
5854,8331,4703,29/06/2013,11,00/01/1900,,4,00/01/1900,,S,0,2,HE,G,P
5855,8333,4706,30/06/2013,6,00/01/1900,,36,00/01/1900,,S,0,2,HE,G,P
6010,8332,4706,30/06/2013,5,00/01/1900,,23,00/01/1900,,S,0,2,LMG,G,P
5641,8335,4708,01/07/2013,6,00/01/1900,Unrealistic internal temp so removed,,,,S,0,2,LMG,G,P
5776,8334,4708,01/07/2013,114,00/01/1900,,91,00/01/1900,,C,0,2,LMG,G,P
3699,8336,4710,02/07/2013,16,00/01/1900,,9,00/01/1900,,S,0,2,LMG,G,P
5508,8337,4712,03/07/2013,5,00/01/1900,,0,00/01/1900,,S,0,2,LMG,G,P
4965,8338,4714,04/07/2013,17,00/01/1900,,27,00/01/1900,,S,0,2,HE,G,P
6011,8339,4715,06/07/2013,12,00/01/1900,,21,00/01/1900,,S,0,2,HE,G,P
6012,8340,4719,07/07/2013,39,00/01/1900,,109,00/01/1900,,S,0,2,LMG,G,P
3518,8342,4724,09/07/2013,95,00/01/1900,,,,,C,1,2,LMG,G,P
5653,8341,4723,09/07/2013,13,00/01/1900,,49,00/01/1900,,C,1,2,HE,G,P
3606,8343,4725,10/07/2013,19,00/01/1900,,17,00/01/1900,,S,0,2,LMG,G,P
5547,8344,4725,10/07/2013,32,00/01/1900,,63,00/01/1900,,S,0,2,HE,G,P
3451,8346,4727,11/07/2013,2,00/01/1900,,2,00/01/1900,,C,0,2,HE,G,P
4883,8348,4728,11/07/2013,94,00/01/1900,,160,00/01/1900,,C,0,2,LMG,G,P
5545,8347,4727,11/07/2013,14,00/01/1900,,66,00/01/1900,,C,0,2,HE,G,P
5638,8345,4727,11/07/2013,15,00/01/1900,,51,00/01/1900,,C,0,2,HE,G,P
6013,8349,4728,11/07/2013,4,00/01/1900,,21,00/01/1900,,C,0,2,LMG,G,P
4885,8350,4731,13/07/2013,5,00/01/1900,,19,00/01/1900,,S,1,2,HE,G,P
4885,8352,4733,14/07/2013,43,00/01/1900,,54,00/01/1900,,C,1,2,HE,G,P
5000,8353,4733,14/07/2013,11,00/01/1900,,60,00/01/1900,,C,1,2,HE,G,P
5338,8351,4732,14/07/2013,47,00/01/1900,,51,00/01/1900,,C,1,2,HE,G,P
5650,8354,4735,15/07/2013,22,00/01/1900,,,,,T,0,2,HE,G,P
4957,8356,4737,16/07/2013,30,00/01/1900,,57,00/01/1900,Beak wipe,S,0,2,HD,G,P
5904,8355,4737,16/07/2013,3,00/01/1900,,1,00/01/1900,,S,0,2,HE,G,P
6014,8357,4738,16/07/2013,5,00/01/1900,,7,00/01/1900,Beak wipe,S,0,2,HE,G,P
5447,8359,4741,18/07/2013,8,00/01/1900,,17,00/01/1900,,S,0,2,LMG,G,P
6015,8358,4742,18/07/2013,8,00/01/1900,,1,00/01/1900,,S,0,2,HD,G,P
3094,8364,4745,20/07/2013,23,00/01/1900,,54,00/01/1900,,S,0,2,LMG,G,P
5683,8363,4744,20/07/2013,5,00/01/1900,,3,00/01/1900,,S,0,2,HE,G,P
5774,8362,4744,20/07/2013,10,00/01/1900,,103,00/01/1900,,S,0,2,HE,G,P
6016,8360,4744,20/07/2013,15,00/01/1900,,18,00/01/1900,,S,0,2,HE,G,P
6017,8361,4744,20/07/2013,11,00/01/1900,,9,00/01/1900,,S,0,2,LMG,G,P
5618,8365,4748,21/07/2013,34,00/01/1900,,56,00/01/1900,,S,0,2,HE,G,P
5901,8366,4749,22/07/2013,3,00/01/1900,,32,00/01/1900,,S,0,2,HE,G,P
6018,8367,4750,22/07/2013,3,00/01/1900,,10,00/01/1900,,S,0,2,LMG,G,P
1729,8368,4752,23/07/2013,38,00/01/1900,,58,00/01/1900,,S,0,2,LMG,G,P
5523,8369,4751,23/07/2013,42,00/01/1900,,83,00/01/1900,,S,0,2,HE,G,P
6019,8370,4751,23/07/2013,3,00/01/1900,,42,00/01/1900,,S,0,2,HE,G,P
6020,8371,4752,23/07/2013,15,00/01/1900,Broken leg,19,00/01/1900,,S,0,2,LMG,G,P
5522,8375,4754,24/07/2013,31,00/01/1900,,93,00/01/1900,,S,0,2,HE,G,P
5837,8374,4754,24/07/2013,17,00/01/1900,,47,00/01/1900,,S,0,2,LMG,G,P
6021,8372,4753,24/07/2013,9,00/01/1900,,0,00/01/1900,,S,0,2,HE,G,P
6022,8373,4754,24/07/2013,9,00/01/1900,,1,00/01/1900,,S,0,2,HE,G,P
5613,8377,4755,25/07/2013,6,00/01/1900,,31,00/01/1900,,S,0,2,HE,G,P
6023,8376,4755,25/07/2013,1,00/01/1900,,0,00/01/1900,,S,0,2,HE,G,P
5525,8380,4759,27/07/2013,56,00/01/1900,,139,00/01/1900,,S,0,2,HE,G,P
6024,8378,4760,27/07/2013,3,00/01/1900,,9,00/01/1900,,S,0,2,LMG,G,P
6025,8379,4759,27/07/2013,4,00/01/1900,,1,00/01/1900,,S,0,2,HE,G,P
5162,8384,4763,28/07/2013,14,00/01/1900,,16,00/01/1900,,S,0,2,LMG,G,P
5750,8382,4762,28/07/2013,5,00/01/1900,,31,00/01/1900,,P,0,2,HE,G,P
5292,8428,4819,24/08/2013,1,00/01/1900,,1,00/01/1900,,C,0,2,MB,G,P
6036,8425,4818,24/08/2013,,,,,,,C,0,2,MB,G,P
6037,8426,4818,24/08/2013,0,00/01/1900,"Disturbance, hole in tent needed fixed between exploration and boldness test",39,00/01/1900,,C,0,2,MB,G,P
5597,8432,4827,26/08/2013,2,00/01/1900,,1,00/01/1900,,C,0,2,LMG,G,P
5825,8431,4826,27/08/2013,29,00/01/1900,,2,00/01/1900,,P,0,2,LMG,G,P
3643,8434,4832,28/08/2013,12,00/01/1900,,23,00/01/1900,,S,0,2,LMG,G,P
5822,8433,4831,29/08/2013,19,00/01/1900,,14,00/01/1900,,S,0,2,LMG,G,P
5321,8440,4842,02/09/2013,12,00/01/1900,,3,00/01/1900,,C,0,2,MB,G,P
5217,8438,4846,05/09/2013,9,00/01/1900,,10,00/01/1900,,S,0,2,LMG,G,P
5612,8442,4848,08/09/2013,73,00/01/1900,,117,00/01/1900,Alarm calling,S,0,2,MB,G,P
6021,8443,4849,08/09/2013,7,00/01/1900,,0,00/01/1900,,S,0,2,LMG,G,P
6026,8381,4763,28/07/2013,10,00/01/1900,,3,00/01/1900,Alarm calling,P,1,2,LMG,G,P
5536,8453,4861,15/09/2013,10,00/01/1900,,6,00/01/1900,,S,1,2,MB,G,P
5621,8455,4861,15/09/2013,0,00/01/1900,,36,00/01/1900,,S,1,2,MB,G,P
5837,8454,4861,15/09/2013,5,,,76,00/01/1900,,S,1,2,MB,G,P
4999,8451,4860,16/09/2013,19,00/01/1900,,78,00/01/1900,Alarm calling,C,1,2,MB,G,P
5173,8463,4866,19/09/2013,0,00/01/1900,,27,00/01/1900,,C,0,2,MB,G,P
5291,8460,4867,19/09/2013,,,,,,,C,0,2,SAK,G,P
5909,8461,4866,19/09/2013,2,00/01/1900,,16,00/01/1900,,C,0,2,MB,G,P
6014,8462,4866,19/09/2013,41,00/01/1900,,61,00/01/1900,wing shiver,C,0,2,MB,G,P
6048,8458,4866,19/09/2013,,,,,,,C,0,2,MB,G,P
5513,8476,4874,22/09/2013,5,00/01/1900,,19,00/01/1900,,C,1,2,MB,G,P
5525,8479,4874,22/09/2013,0,00/01/1900,,6,00/01/1900,,C,1,2,MB,G,P
6023,8477,4875,22/09/2013,0,00/01/1900,,,,,C,1,2,MB,G,P
6025,8475,4874,22/09/2013,4,00/01/1900,,13,00/01/1900,wing shiver,C,1,2,MB,G,P
5907,8490,4877,24/09/2013,0,00/01/1900,,2,00/01/1900,,C,1,2,MB,G,P
6033,8478,4876,23/09/2013,,,,,,,C,1,2,SAK,G,P
4890,8492,4877,24/09/2013,,,,,,,C,1,2,SAK,G,P
5766,8491,4877,24/09/2013,,,,,,,C,1,2,SAK,G,P
5853,8488,4877,24/09/2013,,,,,,,C,1,2,SAK,G,P
5626,8487,4870,24/09/2013,0,00/01/1900,,19,00/01/1900,,C,1,2,MB,G,P
6050,8471,4870,24/09/2013,0,00/01/1900,,30,00/01/1900,,C,1,2,MB,G,P
1826,8486,4872,25/09/2013,,,,,,,C,1,2,SAK,G,P
5839,8485,4872,25/09/2013,24,00/01/1900,,,,,C,1,2,SAK,G,P
5683,8483,4872,25/09/2013,25,00/01/1900,,25,00/01/1900,,C,1,2,MB,G,P
1607,8470,4869,26/09/2013,,,,,,,C,1,2,SAK,G,P
1763,8482,4869,26/09/2013,14,00/01/1900,,32,00/01/1900,,C,1,2,MB,G,P
5588,8468,4869,26/09/2013,3,00/01/1900,,33,00/01/1900,,C,1,2,MB,G,P
5590,8481,4869,26/09/2013,,,,,,,C,1,2,SAK,G,P
5780,8472,4871,26/09/2013,39,00/01/1900,,11,00/01/1900,,C,1,2,MB,G,P
6045,8484,4872,25/09/2013,3,00/01/1900,,0,00/01/1900,,C,1,2,SAK,G,P
5547,8505,5260,30/01/2014,65,00/01/1900,,57,00/01/1900,,P,1,2,HE,B,P
6061,8508,5260,30/01/2014,,,,,,,P,1,2,HE,B,P
6009,8507,5259,30/01/2014,,,,,,,P,1,2,HE,B,P
5825,8506,5259,30/01/2014,123,00/01/1900,,5,00/01/1900,,P,1,2,HE,B,P
6062,8509,5262,31/01/2014,9,00/01/1900,,34,00/01/1900,,P,1,2,HE,B,P
5905,8512,5264,01/02/2014,,,,,,,P,1,2,HE,B,P
6048,8510,5263,01/02/2014,9,00/01/1900,,1,00/01/1900,,P,1,2,HE,B,P
5173,8511,5264,01/02/2014,36,00/01/1900,,33,00/01/1900,,P,1,2,HE,B,P
5904,8513,5265,02/02/2014,64,00/01/1900,,104,00/01/1900,,P,1,2,HE,B,P
5643,8514,5274,07/02/2014,158,00/01/1900,,105,00/01/1900,,P,1,2,HE,B,P
6026,8516,5276,08/02/2014,5,00/01/1900,,27,00/01/1900,,P,1,2,HE,B,P
5638,8519,5280,10/02/2014,68,00/01/1900,,24,00/01/1900,,P,2,2,HE,B,P
5825,8517,5280,10/02/2014,118,00/01/1900,,5,00/01/1900,,P,2,2,HE,B,P
1869,8518,5280,10/02/2014,53,00/01/1900,,90,00/01/1900,,P,2,2,HE,B,P
5517,8523,5283,12/02/2014,17,00/01/1900,,128,00/01/1900,,P,1,2,HE,B,P
6030,8521,5286,13/02/2014,6,00/01/1900,,1,00/01/1900,,P,1,2,HE,B,P
6016,8522,5286,13/02/2014,7,00/01/1900,,39,00/01/1900,,P,1,2,HE,B,P
6065,8526,5288,14/02/2014,3,00/01/1900,,0,00/01/1900,,P,2,2,HE,B,P
3462,8524,5288,14/02/2014,38,00/01/1900,,111,00/01/1900,,P,2,2,HE,B,P
2966,8528,5294,17/02/2014,35,00/01/1900,,88,00/01/1900,,P,1,2,HE,B,P
6067,8529,5296,18/02/2014,3,00/01/1900,,23,00/01/1900,,P,1,2,HE,B,P
5530,8530,5299,20/02/2014,128,00/01/1900,,166,00/01/1900,,C,0,2,HE,B,P
5826,8532,5305,24/02/2014,5,00/01/1900,,1,00/01/1900,,S,0,2,HE,B,P
6068,8531,5306,24/02/2014,,,,,,,S,0,2,HE,B,P
5652,8534,5307,25/02/2014,45,00/01/1900,,86,00/01/1900,,S,0,2,HE,B,P
6011,8535,5313,28/02/2014,46,00/01/1900,,84,00/01/1900,,S,0,2,HE,B,P
5683,8625,9260,20/06/2014,81,00/01/1900,,95,00/01/1900,,P,0,2,MB,B,P
6142,8638,9267,21/06/2014,6,00/01/1900,,76,00/01/1900,,P,0,2,HE,B,P
6141,8637,9267,21/06/2014,0,00/01/1900,,1,00/01/1900,,P,0,2,HE,B,P
3094,8641,9268,21/06/2014,10,00/01/1900,,107,00/01/1900,,P,0,2,HE,B,P
5823,8629,9262,22/06/2014,74,00/01/1900,,68,00/01/1900,,C,0,2,HE,B,P
5839,8628,9262,22/06/2014,11,00/01/1900,,0,00/01/1900,,C,0,2,HE,B,P
6138,8634,9263,23/06/2014,2,00/01/1900,,0,00/01/1900,,C,0,2,HE,B,P
6018,8631,9264,23/06/2014,16,00/01/1900,,24,00/01/1900,,P,0,2,HE,B,P
6140,8636,9263,23/06/2014,42,00/01/1900,,,,,P,0,2,HE,B,P
2991,8632,9264,23/06/2014,112,00/01/1900,,48,00/01/1900,,P,0,2,HE,B,P
6147,8651,9274,25/06/2014,6,00/01/1900,,3,00/01/1900,,C,1,2,HE,B,P
6028,8658,9277,26/06/2014,47,00/01/1900,,100,00/01/1900,,R,1,2,MB,B,P
5769,8661,9276,26/06/2014,33,00/01/1900,,22,00/01/1900,,P,1,2,HE,B,P
5626,8665,9279,27/06/2014,2,00/01/1900,,47,00/01/1900,,S,0,2,HE,B,P
5575,8666,9279,27/06/2014,30,00/01/1900,,4,00/01/1900,,S,0,2,HE,B,P
5908,8675,9281,28/06/2014,69,00/01/1900,,75,00/01/1900,,S,0,2,HE,B,P
6158,8683,9285,30/06/2014,10,00/01/1900,,27,00/01/1900,,S,0,2,HE,B,P
1824,8704,9300,05/07/2014,44,00/01/1900,,77,00/01/1900,,C,0,2,HE,B,P
6029,8705,9300,05/07/2014,37,00/01/1900,,55,00/01/1900,,C,0,2,HE,B,P
5604,8703,9298,05/07/2014,109,00/01/1900,,62,00/01/1900,,C,0,2,HE,B,P
6046,8715,9307,08/07/2014,21,00/01/1900,,57,00/01/1900,,S,0,2,HE,B,P
5584,8724,9311,11/07/2014,14,00/01/1900,,1,00/01/1900,,P,0,2,HE,B,P
5634,8727,9311,11/07/2014,22,00/01/1900,,18,00/01/1900,,P,0,2,HE,B,P
6181,8739,9328,18/07/2014,7,00/01/1900,,1,00/01/1900,,P,0,2,HE,B,P
5907,8738,9332,18/07/2014,13,00/01/1900,,31,00/01/1900,,P,0,2,HE,B,P
6180,8737,9332,18/07/2014,17,00/01/1900,,44,00/01/1900,,P,0,2,HE,B,P
6175,8744,9332,18/07/2014,50,00/01/1900,,27,00/01/1900,,P,0,2,HE,B,P
4957,8746,9337,21/07/2014,108,00/01/1900,,89,00/01/1900,,P,0,2,HE,B,P
6185,8752,9340,23/07/2014,6,00/01/1900,,5,00/01/1900,,P,0,2,HE,B,P
6186,8753,9340,23/07/2014,15,00/01/1900,,18,00/01/1900,,P,0,2,HE,B,P
5834,8763,9362,03/08/2014,17,00/01/1900,,37,00/01/1900,,S,0,2,HE,B,P
6153,8764,9362,03/08/2014,33,00/01/1900,,13,00/01/1900,,P,0,2,HE,B,P
5291,8769,9383,07/08/2014,61,00/01/1900,,63,00/01/1900,,C,0,2,HE,B,P
5780,8771,9385,08/08/2014,84,00/01/1900,,28,00/01/1900,,P,0,2,MB,B,P
5779,8819,9441,17/09/2014,33,00/01/1900,,64,00/01/1900,,S,1,2,KLB,B,P
6166,8876,9463,25/09/2014,15,00/01/1900,,96,00/01/1900,,P,1,2,KLB,B,P
2986,8469,4869,26/09/2013,32,00/01/1900,,43,00/01/1900,,C,1,2,MB,G,P
6196,8910,10860,28/01/2015,6,00/01/1900,,50,00/01/1900,,C,2,2,MB,G,D
6261,8899,10859,29/01/2015,31,00/01/1900,,30,00/01/1900,people talking around,C,2,2,MB,G,D
6213,8911,10859,29/01/2015,11,00/01/1900,,6,00/01/1900,a tourist close to tent,C,2,2,MB,G,D
6309,8904,10859,29/01/2015,5,00/01/1900,starts raining during test,13,00/01/1900,rain,C,2,2,MB,G,D
6267,8902,10861,30/01/2015,0,00/01/1900,,14,00/01/1900,,C,2,2,MB,G,D
5909,8912,10861,30/01/2015,50,00/01/1900,preening,105,00/01/1900,,C,2,2,MB,G,D
6268,8907,10862,31/01/2015,16,00/01/1900,,28,00/01/1900,,C,2,2,MB,G,D
6209,8917,10862,31/01/2015,2,00/01/1900,,19,00/01/1900,,C,2,2,MB,G,D
6150,8915,10862,31/01/2015,42,00/01/1900,,63,00/01/1900,,C,2,2,MB,G,D
6137,8914,10862,31/01/2015,9,00/01/1900,,20,00/01/1900,,C,2,2,MB,G,D
6272,8909,10862,31/01/2015,2,00/01/1900,,0,00/01/1900,didn't move,C,2,2,MB,G,D
5820,8913,10862,31/01/2015,34,00/01/1900,,99,00/01/1900,clean its beack on tree,C,2,2,MB,G,D
5829,8916,10862,31/01/2015,12,00/01/1900,"alarm
preen",73,00/01/1900,"preen 
sing to reply to another bird singing above tent",C,2,2,MB,G,D
6240,8920,10863,02/02/2015,0,00/01/1900,,20,00/01/1900,beack touch to tree,S,1,2,MB,G,D
6230,8919,10863,02/02/2015,0,00/01/1900,,21,00/01/1900,hops around on stick from 80 to 20 cm from monkey,S,1,2,MB,G,D
6045,8927,10866,03/02/2015,12,00/01/1900,,24,00/01/1900,,S,1,2,MB,G,D
6312,8924,10865,04/02/2015,0,00/01/1900,,3,00/01/1900,,S,1,2,MB,G,D
6009,8926,10864,05/02/2015,0,00/01/1900,,0,00/01/1900,didn't move,S,1,2,MB,G,D
6185,8934,10864,05/02/2015,52,00/01/1900,,75,00/01/1900,alarm,S,1,2,MB,G,D
5217,8935,10864,05/02/2015,38,00/01/1900,,56,00/01/1900,,S,1,2,MB,G,D
6205,8936,10867,06/02/2015,0,00/01/1900,tourists around talking,19,00/01/1900,waited for tourists to leave,S,1,2,MB,G,D
6273,8944,10868,07/02/2015,0,00/01/1900,,8,00/01/1900,alarm,S,1,2,MB,G,D
6199,8937,10868,07/02/2015,26,00/01/1900,"sing 
alarm",68,00/01/1900,"sing 
alarm",S,1,2,MB,G,D
6219,8940,10868,07/02/2015,0,00/01/1900,,27,00/01/1900,"another warbler singing above net
beack touch to tree",S,1,2,MB,G,D
6313,8945,10876,09/02/2015,28,00/01/1900,,63,00/01/1900,,S,1,2,MB,G,D
6239,8946,10877,10/02/2015,23,00/01/1900,,51,00/01/1900,alarm,S,1,2,MB,G,D
3085,8962,10880,13/02/2015,30,00/01/1900,,45,00/01/1900,,S,2,2,MB,G,D
6047,8963,10880,13/02/2015,35,00/01/1900,,66,00/01/1900,"beack touch to trees
preening",S,2,2,MB,G,D
5072,8961,10881,14/02/2015,89,00/01/1900,,112,00/01/1900,,S,2,2,MB,G,D
5748,8960,10886,18/02/2015,2,00/01/1900,,6,00/01/1900,,S,1,2,MB,G,D
5749,8956,10885,19/02/2015,16,00/01/1900,,25,00/01/1900,,S,2,2,MB,G,D
1729,8968,10899,24/02/2015,47,00/01/1900,,136,00/01/1900,,P,2,2,MB,G,D
5620,8978,10907,26/02/2015,32,00/01/1900,sing,50,00/01/1900,sing,S,2,2,MB,G,D
6149,8975,10900,27/02/2015,14,00/01/1900,,50,00/01/1900,,S,1,2,MB,G,D
6160,8976,10900,27/02/2015,23,00/01/1900,"visit the floor
preen",40,00/01/1900,,S,1,2,MB,G,D
6548,9208,11582,05/02/2016,11,00/01/1900,,62,00/01/1900,Release time estimated. Bird landed on novel object,S,2,2,DJW,B,P
6012,9212,11584,05/02/2016,31,00/01/1900,,79,00/01/1900,Release time estimated. Bird landed on novel object.,S,2,,DJW,B,P
6384,9213,11584,05/02/2016,15,00/01/1900,,22,00/01/1900,Release time estimated.,S,2,,DJW,B,P
6549,9209,11582,05/02/2016,9,00/01/1900,,3,00/01/1900,Release time estimated.,S,2,,DJW,B,P
5597,9214,11584,05/02/2016,8,00/01/1900,,56,00/01/1900,Release time estimated.,S,2,,LJR,B,P
6374,9216,11582,05/02/2016,0,00/01/1900,Bird did not move.,31,00/01/1900,"Release time estimated. 
Bird preened.",S,2,,LJR,B,P
6551,9211,11583,06/02/2016,5,00/01/1900,,0,00/01/1900,Bird did not move during test. Release time estimated.,S,2,,LJR,B,P
6552,9217,11587,07/02/2016,22,00/01/1900,Most of the time flights were between roof and floor.,34,00/01/1900,FULL TEST NOT DONE - bird too stressed so test terminated at 03:37. Release time estimated.,S,2,,DJW,B,P
6554,9220,11593,10/02/2016,13,00/01/1900,,91,00/01/1900,Release time estimated.,S,2,,LJR,B,P
6221,9225,11593,10/02/2016,15,00/01/1900,,46,00/01/1900,Release time estimated.,S,2,,DJW,B,P
6556,9222,11593,10/02/2016,10,00/01/1900,,22,00/01/1900,Release time estimated.,S,2,,LJR,B,P
6557,9223,11594,11/02/2016,2,00/01/1900,Tree visits inferred from other data.,24,00/01/1900,Release time estimated.,S,2,,DJW,B,P
6313,9224,11595,11/02/2016,23,00/01/1900,Fairly active. Preened a lot.,65,00/01/1900,Release time estimated.,S,2,,LJR,B,P
6213,9228,11596,12/02/2016,28,00/01/1900,,10,00/01/1900,2 groups of tourists walked past tent but did not disturb test. Release time estimated.,S,2,,DJW,B,P
6560,9230,11597,13/02/2016,6,00/01/1900,,46,00/01/1900,Bird panting  and looking distressed. Release time estimated.,S,2,,DJW,B,P
5776,9231,11597,13/02/2016,93,00/01/1900,Very active bird. Sang briefly during test.,101,00/01/1900,Release time estimated.,S,2,,LJR,B,P
6563,9234,11606,18/02/2016,25,00/01/1900,,47,00/01/1900,Release time estimated.,S,2,,DJW,B,P
6564,9235,11607,19/02/2016,3,00/01/1900,Did not move until after 4 minutes into the test.,25,00/01/1900,Short bursts of song during test. Release time estimated.,S,2,,LJR,B,P
6565,9236,11608,19/02/2016,46,00/01/1900,,80,00/01/1900,Release time estimated.,S,2,,LJR,B,P
6566,9237,11607,19/02/2016,15,00/01/1900,,37,00/01/1900,Bird landed on novel object. Release time estimated.,S,2,,DJW,B,P
6170,9242,11610,20/02/2016,8,00/01/1900,,0,00/01/1900,Bird did not move during test. Release time estimated.,S,2,,LJR,B,P
6169,9243,11610,20/02/2016,62,00/01/1900,,94,00/01/1900,"Birds sang and called during test, Release time estimated.",S,2,,LJR,B,P
5547,9244,11611,20/02/2016,71,00/01/1900,Called and sang frequently during test.,73,00/01/1900,Bird sang during test. Release time estimated.,S,2,,LJR,B,P
6567,9238,11611,20/02/2016,46,00/01/1900,,10,00/01/1900,Bird spent some time preening. Release time estimated.,S,2,,DJW,B,P
6568,9239,11612,21/02/2016,0,00/01/1900,Bird did not move.,0,00/01/1900,Bird did not move during test. Release time estimated.,C,2,,LJR,B,P
6309,9241,11612,21/02/2016,0,00/01/1900,Bird did not move,0,00/01/1900,Bird did not move during test. Release time estimated.,C,2,,LJR,B,P
6382,9246,11618,24/02/2016,54,00/01/1900,,119,00/01/1900,Bird panting near beginning of test. Release time estimated.,C,0,,LJR,B,P
5855,9247,11618,24/02/2016,65,00/01/1900,,86,00/01/1900,Release time estimated.,C,0,,LJR,B,P
6571,9248,11619,25/02/2016,3,00/01/1900,,18,00/01/1900,Release time estimated.,C,0,,LJR,B,P
6573,9254,11631,02/03/2016,0,00/01/1900,Bird not looking well so no novel object test done.,,00/01/1900,NOVEL OBJECT TEST NOT DONE! INFO HERE IS NOT CORRECT AND ONLY ENTERED AS DATABASE INSISTS I ENTER SOMETHING HERE. Release time estimated.,S,1,,LJR,B,P
5904,9257,11632,02/03/2016,40,00/01/1900,Group of tourists stopped right beside tent just after exploration test finished - novel object test not done!,,00/01/1900,NOVEL OBJECT TEST NOT DONE! INFO HERE IS NOT CORRECT AND ONLY ENTERED AS DATABASE INSISTS I ENTER SOMETHING HERE. Release time estimated.,S,1,,LJR,B,P
6279,9260,11635,04/03/2016,11,00/01/1900,,7,00/01/1900,Bird sat in one place on the novel stick for most of the test. Release time estimated.,S,1,,LJR,B,P
6378,10034,13383,07/09/2016,9,00/01/1900,hung x 3 pants,53,00/01/1900,perhaps a bit stressed,S,2,3,DR,B,P
6196,10049,13403,08/09/2016,32,00/01/1900,calm no panting,60,00/01/1900,"one alarm call, no other signs",S,2,3,DR,B,P
6660,10032,13382,10/09/2016,14,00/01/1900,"calm, preen",26,00/01/1900,ok looked calm even though it did hang from top for a while…no different than in trees,C,0,3,DR,B,P
6019,10020,13377,09/09/2016,78,00/01/1900,lots preening calm,110,00/01/1900,panting. Preening on ground,S,2,3,DR,B,P
6673,10055,13405,12/09/2016,1,00/01/1900,did nothing,1,00/01/1900,calm sat on branch,S,2,3,DR,B,P
6690,10729,14042,08/02/2019,32,00/01/1900,"All flights were to and from roof
30-60s spent preening",23,00/01/1900,,S,1,2,TC,N,V
7086,10754,14059,08/02/2019,0,00/01/1900,"no response
warbler singing outside of tent",0,00/01/1900,no response,S,1,2,TC,N,V
6777,10726,14042,08/02/2019,0,00/01/1900,no response,0,00/01/1900,no response,S,1,2,TC,N,V
7077,10745,14043,09/02/2019,0,00/01/1900,"no response
eyes shut for approx. 2 mins
warbler singing outside",33,00/01/1900,pecked at roof,S,0,2,TC,N,V
6921,10727,14043,09/02/2019,37,00/01/1900,"all flights to and from roof
warbler singing outside of tent",20,00/01/1900,"warber sang once
warblers singing outside",S,0,2,TC,N,V
6886,10725,14041,09/02/2019,25,00/01/1900,all flights to and from roof,66,00/01/1900,"alarmed 7 times, sang once",S,0,2,TC,N,P
6865,10731,14046,11/02/2019,0,00/01/1900,no response,0,00/01/1900,no response,S,0,2,TC,N,V
6836,10732,14047,12/02/2019,0,00/01/1900,no response,5,00/01/1900,,S,0,2,TC,N,V
5779,10742,14054,12/02/2019,0,00/01/1900,"no response
getting dark - boldness assay skipped",,,,T,0,2,TC,N,V
5009,10740,14052,14/02/2019,0,00/01/1900,"no response - only looked around the room
warbler singing outside",0,00/01/1900,no response,S,0,2,TC,N,V
7079,10747,14057,14/02/2019,4,00/01/1900,bird looking around tent whole time,5,00/01/1900,"spent almost whole time looking around the room
flight may have been response to tourists arriving 1min before end? Although they were very quiet (I did not notice them until assay was done)",S,0,2,TC,N,V
7080,10748,14058,15/02/2019,0,00/01/1900,bird had eyes shut whole time and panting for last two minutes,,00/01/1900,birds eyes shut and panting so aborted assay,S,0,2,TC,N,V
6764,10728,14044,07/02/2019,0,00/01/1900,warbler(s) singing outside of tent,2,00/01/1900,,S,0,2,TC,N,V
7091,10763,14063,17/02/2019,5,00/01/1900,,4,00/01/1900,,T,0,2,TC,N,T
6884,10764,14064,20/02/2019,10,00/01/1900,3 flights to and from roof,23,00/01/1900,warbler singing in background,S,1,2,TC,N,T
6384,10765,14065,20/02/2019,3,00/01/1900,tourists talking outside,,00/01/1900,,S,0,2,TC,N,T
6831,10758,14061,22/02/2019,0,00/01/1900,Eyes shut whole time,0,00/01/1900,no response,S,1,2,TC,N,T
5679,10761,14061,22/02/2019,80,00/01/1900,,166,00/01/1900,"alarmed twice
sing six times",S,1,2,TC,N,T
6230,10766,14067,23/02/2019,50,00/01/1900,,107,00/01/1900,sang once,S,2,2,TC,N,T
7094,10769,14072,25/02/2019,0,00/01/1900,warbler singing outside,30,00/01/1900,,C,0,2,TC,N,D
6697,10774,14075,25/02/2019,0,00/01/1900,,0,00/01/1900,,C,0,2,TC,N,D
6877,10772,14072,25/02/2019,0,00/01/1900,,57,00/01/1900,,C,0,2,TC,N,D
7074,10773,14074,26/02/2019,3,00/01/1900,,0,00/01/1900,,C,0,2,TC,N,D
6645,10770,14073,27/02/2019,0,00/01/1900,,23,00/01/1900,,S,0,2,TC,N,D
7093,10768,14071,28/02/2019,0,00/01/1900,,19,00/01/1900,,S,1,2,TC,N,D
7097,10778,14079,01/03/2019,0,00/01/1900,eyes shut for last minute,0,00/01/1900,,S,0,2,TC,N,D
7096,10777,14078,02/03/2019,0,00/01/1900,,2,00/01/1900,,S,0,2,TC,N,D
6900,10782,14091,04/03/2019,21,00/01/1900,,31,00/01/1900,begging FLs and singing warbler outside tent,S,0,2,TC,N,D
5822,10781,14084,05/03/2019,9,00/01/1900,,,00/01/1900,,S,0,2,TC,N,D
6863,10759,14062,22/02/2019,11,00/01/1900,,14,00/01/1900,alarmed 35 times and sung 6 times,S,1,2,TC,N,T
6882,10864,14340,25/07/2019,0,00/01/1900,,,,,S,0,2,TC,G,D
6777,10867,14384,10/08/2019,2,00/01/1900,,127,00/01/1900,"sing twice, 90 of the flights were to the roof of tent and back",S,0,2,TC,G,D
6546,10874,14369,17/08/2019,26,00/01/1900,,67,00/01/1900,,S,0,2,TC,G,D
6910,10875,14390,17/08/2019,,00/01/1900,,27,00/01/1900,all flights were to the roof and back,C,1,2,TC,B,D
6777,10876,14390,17/08/2019,3,00/01/1900,,57,00/01/1900,28 flights are to the roof and back. Singx4,C,1,2,TC,G,D
6385,10870,14387,19/08/2019,18,00/01/1900,,60,00/01/1900,"sing1, also preened",S,1,2,TC,B,D
6155,10885,14395,01/09/2019,0,00/01/1900,,,,,C,1,2,TC,G,D
7132,10940,14494,02/03/2020,5,00/01/1900,,53,00/01/1900,"30s latency, 20m distance from obj",P,1,2,SW,G,D
7144,10978,14494,02/03/2020,0,00/01/1900,tourists nearby,,,,P,1,2,TJB,G,D
6693,10943,14496,02/03/2020,0,00/01/1900,,1,00/01/1900,latency 10s,P,1,2,TJB,G,D
6909,10945,14498,03/03/2020,0,00/01/1900,,10,00/01/1900,"80CM from obj (max dist), 5s latency, sang twice",S,1,2,TJB,G,D
7133,10941,14495,03/03/2020,0,00/01/1900,,0,00/01/1900,no response,P,1,2,MAD,G,D
6859,10944,14497,03/03/2020,0,00/01/1900,,6,00/01/1900,"10cm from obj, 10s latency",P,1,2,MAD,G,D
7131,10939,14493,04/03/2020,0,00/01/1900,,0,00/01/1900,no response,S,1,2,TJB,G,D
6845,10950,14500,04/03/2020,0,00/01/1900,,43,00/01/1900,tourists,S,1,2,SW,G,D
7116,10954,14502,06/03/2020,2,00/01/1900,,4,00/01/1900,,S,1,2,SW,G,D
7071,10955,14504,06/03/2020,16,00/01/1900,,30,00/01/1900,,S,1,2,MAD,G,D
6926,10966,14509,09/03/2020,24,00/01/1900,,52,00/01/1900,,S,1,2,MAD,G,D
7142,10976,14522,09/03/2020,0,00/01/1900,,21,00/01/1900,20cm distance. Tourists,P,1,2,MAD,G,D
7141,10974,14504,06/03/2020,0,00/01/1900,,0,00/01/1900,no response,S,1,2,TJB,G,D
7084,10952,14502,06/03/2020,56,00/01/1900,,96,00/01/1900,,S,1,2,TJB,G,D
6857,10965,14516,09/03/2020,16,00/01/1900,,45,00/01/1900,,S,1,2,TJB,G,D
6917,10953,14503,07/03/2020,8,00/01/1900,,56,00/01/1900,,S,1,2,SW,G,D
6780,10967,14520,11/03/2020,0,00/01/1900,,6,00/01/1900,,S,0,2,TJB,G,D
7137,10970,14504,06/03/2020,3,00/01/1900,,10,00/01/1900,warblers alarming close to tent,S,1,2,MAD,G,D
7143,10977,14508,07/03/2020,2,00/01/1900,,9,00/01/1900,,S,1,2,TJB,G,D
