RowRef,BirdID,NestID,ChickNr,HatchDate,FledgeDate,RelationCertain,FateChick,DateCollection,Remarks,MergeRef,MergeStatus
1,117,1325,1,25/01/1989,,FALSE,F,,,-541987585,
2,118,1325,2,25/01/1989,,FALSE,F,,,-1602421761,
3,119,1328,1,25/01/1989,,FALSE,F,,,555208447,
4,121,1332,1,08/02/1989,,FALSE,F,,,1179866623,
5,122,1316,1,08/02/1989,,FALSE,F,,,293388543,
6,123,1335,1,22/02/1989,,FALSE,F,,,1869381631,
7,124,1335,2,22/02/1989,,FALSE,F,,,-950451457,
8,125,1231,3,,,FALSE,F,,,1516173823,
9,126,1232,1,26/06/1989,,FALSE,F,,,15324415,
10,127,1233,1,15/03/1989,,FALSE,F,,,1584743423,
11,129,1329,1,,,FALSE,F,,,38729471,
12,130,1317,1,24/05/1989,,FALSE,F,,,-783426049,
13,131,1326,1,19/07/1989,,FALSE,F,,,1689069823,
14,132,1326,2,17/07/1989,,FALSE,F,,,427509759,
15,133,1333,1,19/07/1989,,FALSE,F,,,1582099199,
16,134,1330,2,26/07/1989,,FALSE,F,,,1445200383,
17,135,1330,1,26/07/1989,,FALSE,F,,,1270529279,
18,136,1318,1,16/08/1989,,FALSE,F,,,1134726143,
19,137,1321,2,20/09/1989,,FALSE,F,,,-2115559681,
20,138,1321,1,20/09/1989,,FALSE,F,,,1160078847,
21,139,1334,1,30/08/1989,,FALSE,F,,,-1320775425,
22,140,1331,1,25/10/1989,,FALSE,F,,,-1152446465,
23,141,1327,1,08/11/1989,,FALSE,F,,,1643221759,
24,142,1327,2,08/11/1989,,FALSE,F,,,265685503,
25,143,1319,1,22/11/1989,,FALSE,F,,,1355064575,
26,144,1320,1,15/11/1989,,FALSE,F,,,505730047,
27,145,1342,1,24/01/1990,,FALSE,F,,,-1249884417,
28,146,1342,2,24/01/1990,,FALSE,F,,,-520491521,
29,147,1345,1,24/01/1990,,FALSE,F,,,-1175914241,
30,148,1340,2,07/02/1990,,FALSE,F,,,-1928865793,
31,149,1340,1,07/02/1990,,FALSE,F,,,-1444463873,
32,150,1336,1,26/07/1989,,FALSE,F,,,-2137714177,
33,151,1362,2,28/02/1990,,FALSE,F,,,-1532523265,
34,152,1362,1,28/02/1990,,FALSE,F,,,-1340335105,
35,153,1337,1,28/02/1990,,FALSE,F,,,-692424961,
36,154,1350,1,28/02/1990,,FALSE,F,,,2011919871,
37,155,1364,1,07/03/1990,,FALSE,F,,,-2060164865,
38,156,1357,2,07/03/1990,,FALSE,F,,,-87711745,
39,157,1357,1,07/03/1990,,FALSE,F,,,1909318399,
40,158,1351,1,14/03/1990,,FALSE,F,,,1971395071,
41,159,1354,1,07/02/1990,,FALSE,F,,,1610839295,
42,179,1346,1,16/05/1990,,FALSE,F,,,799564799,
43,180,1360,1,23/05/1990,,FALSE,F,,,-1019898113,
44,181,1358,1,20/06/1990,,FALSE,F,,,-249954817,
45,182,1343,1,27/06/1990,,FALSE,F,,,-574043905,
46,183,1355,1,04/07/1990,,FALSE,F,,,615016447,
47,3578,1161,1,,,FALSE,F,,,-649753857,
48,253,1349,2,18/07/1990,,FALSE,F,,,263856639,
49,254,1349,1,18/07/1990,,FALSE,F,,,-1619501825,
50,255,1353,1,08/08/1990,,FALSE,F,,,-957764609,
51,256,1353,2,08/08/1990,,FALSE,F,,,2089926399,
52,257,1363,1,11/07/1990,,FALSE,F,,,-945453569,
53,258,1338,1,22/08/1990,,FALSE,F,,,-767151873,
54,259,1347,1,29/08/1990,,FALSE,F,,,1590702079,
55,260,1347,2,29/08/1990,,FALSE,F,,,1676555007,
56,261,1359,1,05/09/1990,,FALSE,F,,,1147152895,
57,262,1344,1,26/09/1990,,FALSE,F,,,61228287,
58,263,1356,2,26/09/1990,,FALSE,F,,,335541247,
59,264,1356,1,26/09/1990,,FALSE,F,,,-1469126913,
60,265,1352,2,17/10/1990,,FALSE,F,,,-1968304641,
61,266,1352,1,17/10/1990,,FALSE,F,,,894212351,
62,267,1348,1,19/12/1990,,FALSE,F,,,-1319307265,
63,268,1361,1,19/12/1990,,FALSE,F,,,2036849407,
64,269,1341,1,19/12/1990,,FALSE,F,,,1553150463,
65,270,1339,1,19/12/1990,,FALSE,F,,,825044223,
66,271,1382,1,02/01/1991,,FALSE,F,,,-1458881537,
67,273,1248,2,13/02/1991,,FALSE,F,,,275582719,
68,274,1379,1,13/02/1991,,FALSE,F,,,1565758975,
69,275,1368,1,20/02/1991,,FALSE,F,,,494665983,
70,277,1388,1,06/03/1991,,FALSE,F,,,1483653119,
71,278,1383,1,06/03/1991,,FALSE,F,,,-447577345,
72,279,1373,2,15/05/1991,,FALSE,F,,,1970485759,
73,280,1369,1,10/04/1991,,FALSE,F,,,1353520383,
74,281,1373,1,15/05/1991,,FALSE,F,,,-1943305217,
75,282,1386,1,10/04/1991,,FALSE,F,,,573323007,
76,284,1375,1,05/06/1991,,FALSE,F,,,1991646719,
77,285,1377,1,03/07/1991,,FALSE,F,,,1702127871,
78,286,1370,1,03/07/1991,,FALSE,F,,,1143310335,
79,287,1370,2,03/07/1991,,FALSE,F,,,1464740607,
80,288,1384,1,17/07/1991,,FALSE,F,,,2114047,
81,289,1387,2,31/07/1991,,FALSE,F,,,-1899627265,
82,290,1387,1,31/07/1991,,FALSE,F,,,-1216295937,
83,291,1389,1,31/07/1991,,FALSE,F,,,1867276031,
84,292,1365,1,13/03/1991,,FALSE,F,,,-1577736705,
85,2998,1186,1,17/07/2004,31/07/2004,FALSE,F,,,735432959,
86,335,738,,,,FALSE,F,,ringed by Etienne,-1734258689,
87,336,1371,2,02/10/1991,,FALSE,F,,,-486878465,
88,337,1371,1,02/10/1991,,FALSE,F,,,1102727679,
89,338,1366,1,02/10/1991,,FALSE,F,,,-1676155649,
90,339,1380,1,02/10/1991,,FALSE,F,,,-1725230081,
91,340,1380,2,02/10/1991,,FALSE,F,,,762152703,
92,341,1385,1,02/10/1991,,FALSE,F,,,-1104007681,
93,342,1367,1,23/10/1991,,FALSE,F,,,1396717823,
94,343,1374,1,06/11/1991,,FALSE,F,,,771889151,
95,345,1372,1,25/12/1991,,FALSE,F,,,2146990847,
96,346,1397,1,01/01/1992,,FALSE,F,,,-748596737,
97,347,1397,4,01/01/1992,,FALSE,F,,,759352575,
98,348,1394,2,08/01/1992,,FALSE,F,,,-1823843329,
99,349,1391,1,08/01/1992,,FALSE,F,,,-1238388993,
100,350,1395,1,15/01/1992,,FALSE,F,,,1049343487,
101,351,1393,2,26/02/1992,,FALSE,F,,,39035135,
102,352,1393,1,26/02/1992,,FALSE,F,,,275243007,
103,353,1396,1,26/02/1992,,FALSE,F,,,-1981340929,
104,354,1394,1,08/01/1992,,FALSE,F,,,573921791,
105,355,1397,2,01/01/1992,,FALSE,F,,,2061939967,
106,356,1397,3,01/01/1992,,FALSE,F,,,2080285695,
107,357,1381,1,23/10/1991,,FALSE,F,,,120772351,
108,358,1392,1,15/07/1992,,FALSE,F,,,-1440596481,
109,359,1398,1,05/08/1992,,FALSE,F,,,598739199,
111,3096,1189,1,30/09/2004,,FALSE,U,,might have been chick from T3? Was birdID=480,-874497,
112,3013,978,1,,,FALSE,U,,wrongly entered as BirdID=385 fate unknown!,1080478463,
113,709,1376,2,14/08/1991,,FALSE,F,,,-279551489,
114,1363,332,1,10/08/1998,,FALSE,F,,,-1046242049,
115,1361,266,1,20/08/1998,,FALSE,F,,,493349887,
116,3011,994,1,16/08/2004,,FALSE,F,,,1108803327,
117,3419,40,1,01/05/1997,,FALSE,F,,UR(=BNYX?); wrongly=1169 (BrM adult 1st rung July),471188991,
118,1170,123,1,01/05/1997,,FALSE,F,,,-436899585,
119,1179,106,1,01/05/1997,,FALSE,F,,,-255692801,
120,1181,121,1,,,FALSE,F,,,1192719103,
121,3418,43,1,,,FALSE,F,,UR(=GEYX?),-807114241,
122,1208,127,1,18/07/1997,08/08/1997,FALSE,F,,dead in storm 17/8,-1038514945,
123,1209,120,1,17/07/1997,03/08/1997,FALSE,F,,,-1247398913,
124,1213,44,1,27/07/1997,15/08/1997,FALSE,F,,,746333951,
125,1215,12,1,24/07/1997,,FALSE,F,,,-1014608385,
126,1221,33,1,,,FALSE,F,,,1002690815,
127,1222,133,1,15/11/1997,,FALSE,F,,,-1963509761,
128,1223,151,1,20/12/1997,09/01/1998,FALSE,F,,,630790911,
129,1227,260,1,15/11/1997,26/12/1997,FALSE,F,,,-1392545281,
130,1229,209,1,22/12/1997,10/01/1998,FALSE,F,,,1088974079,
131,1231,124,1,16/08/1997,,FALSE,F,,8-10 days old on 25/8,1993964543,
132,1234,85,1,20/07/1997,07/08/1997,FALSE,F,,,-1342025985,
133,1236,3,1,01/08/1997,,FALSE,D,,Died in storm 17/8/97,1670632959,
134,1245,334,1,15/12/1997,03/01/1998,FALSE,F,,,1538998527,
135,1248,136,1,15/11/1997,,FALSE,F,,,-1431240705,
136,1268,329,1,18/01/1998,07/02/1998,FALSE,F,,,-947141889,
137,1270,158,1,15/11/1997,,FALSE,F,,,1137146367,
138,1275,235,1,15/11/1997,,FALSE,F,,,-2035264257,
139,1277,233,1,15/11/1997,,FALSE,F,,,119653375,
140,1278,256,1,15/11/1997,,FALSE,F,,,1514764031,
141,1287,207,1,15/11/1997,26/12/1997,FALSE,F,,,-748790273,
142,1288,310,1,28/01/1998,17/02/1998,FALSE,F,,,1081846015,
143,1289,301,1,15/11/1997,,FALSE,F,,,-535836673,
144,1290,291,1,15/11/1997,,FALSE,F,,,-57709825,
145,1291,311,1,15/11/1997,,FALSE,F,,,-1520664065,
146,1292,315,1,01/11/1997,,FALSE,F,,,-535741185,
147,1293,280,1,01/02/1998,21/02/1998,FALSE,F,,,10423295,
148,1294,268,1,06/02/1998,27/02/1998,FALSE,F,,,-588144897,
149,1296,313,1,15/11/1997,,FALSE,F,,,2114315775,
150,1300,145,1,15/11/1997,,FALSE,F,,,681906431,
151,1302,312,1,15/11/1997,,FALSE,F,,,-281833473,
152,1305,153,1,15/11/1997,,FALSE,F,,,-129756417,
153,1306,249,1,15/11/1997,,FALSE,F,,,-1226929665,
154,1346,263,1,15/11/1997,,FALSE,F,,,497755391,
155,1348,348,1,17/07/1998,04/08/1998,FALSE,F,,,1903252479,
156,1349,254,1,,04/08/1998,FALSE,F,,"Feed watch, obs of fe ch on 4/8, no fl seen (OH)",-1919236353,
157,1359,204,1,01/08/1998,19/08/1998,FALSE,F,,,-492147201,
158,1362,216,1,,,FALSE,F,,,383219967,
159,1364,269,1,21/08/1998,,FALSE,F,,,1346131967,
160,1365,245,1,20/08/1998,09/09/1998,FALSE,F,,,-766919937,
161,1366,265,1,25/08/1998,11/09/1998,FALSE,F,,,-1318219265,
162,1384,196,1,03/08/1998,21/08/1998,FALSE,F,,,337513727,
163,1385,223,1,29/07/1998,16/08/1998,FALSE,F,,,1538825215,
164,1387,227,1,10/08/1998,30/08/1998,FALSE,F,,,-437981441,
165,1388,224,1,,,FALSE,F,,,342619647,
166,1390,157,1,10/08/1998,23/08/1998,FALSE,F,,,1370677503,
167,1393,173,1,07/08/1998,,FALSE,F,,,-1354096641,
168,1394,275,1,08/08/1998,30/08/1998,FALSE,F,,,104882943,
169,1396,242,1,23/08/1998,13/09/1998,FALSE,F,,,-1574331905,
170,1397,210,1,28/08/1998,17/09/1998,FALSE,F,,,470414591,
171,1398,351,1,02/09/1998,20/09/1998,FALSE,F,,,898950143,
172,1400,342,1,,10/09/1998,FALSE,F,,,57677567,
173,1402,255,1,30/08/1998,17/09/1998,FALSE,F,,,980057599,
174,1406,307,1,09/09/1998,,FALSE,F,,chick still in nest 27/9,-472430337,
175,1407,237,1,,,FALSE,F,,,1820125183,
176,1408,324,1,26/08/1998,15/09/1998,FALSE,F,,,-204993793,
177,1409,171,1,,11/09/1998,FALSE,F,,,-365780481,
178,1411,194,1,07/09/1998,,FALSE,F,,,-1844519681,
179,1413,135,1,08/09/1998,,FALSE,F,,,1764109311,
180,1415,3049,1,21/08/1998,09/09/1998,FALSE,F,,,668745471,
181,1417,200,1,22/09/1998,,FALSE,F,,Y--X,264635903,
182,1418,363,2,,,FALSE,F,,,467972351,
183,1419,363,1,,,FALSE,F,,,469020671,
184,1420,426,1,,,FALSE,F,,,1585492735,
185,1421,390,1,,,FALSE,F,,,-1096242689,
186,1422,557,1,,,FALSE,F,,,1456260351,
187,1423,451,1,10/04/1999,,FALSE,D,,"died, deformed wing",-728992769,
188,1424,562,1,,,FALSE,F,,,952723199,
189,1425,532,1,,04/04/1999,FALSE,F,,,1671335423,
190,1426,502,1,,,FALSE,F,,,209393919,
191,1427,515,1,,,FALSE,G,,,97613823,
192,1428,382,1,14/01/1999,02/02/1999,FALSE,F,,,-301311233,
193,1429,578,1,12/01/1999,31/01/1999,FALSE,F,,,-1465142785,
194,-1,432,1,,,FALSE,F,,,1323543807,
195,1431,466,1,,10/02/1999,FALSE,F,,,1239923711,
196,3295,475,1,,,FALSE,F,,wrongly entered as 1432 (SA 28/01/99),1071091455,
197,1433,361,1,,28/04/1999,FALSE,F,,,-1726736897,
198,1434,482,1,,,FALSE,F,,,205160703,
199,1435,495,1,,04/07/1999,FALSE,F,,,-1506590721,
200,1436,383,1,,16/07/1999,FALSE,F,,,-1375403265,
201,1438,381,1,,21/07/1999,FALSE,F,,,89897471,
202,1440,377,1,18/07/1999,07/08/1999,FALSE,F,,,-487353089,
203,1441,573,1,13/07/1999,01/08/1999,FALSE,F,,,257426431,
204,1487,546,1,20/07/1999,08/08/1999,FALSE,F,,,-358172929,
205,1488,491,1,19/07/1999,08/08/1999,FALSE,F,,,658939391,
206,1490,489,1,,,FALSE,F,,,901966079,
207,1491,411,1,,,FALSE,F,,,758777855,
208,1492,371,1,,,FALSE,F,,,-1911510273,
209,1493,481,1,26/07/1999,15/08/1999,FALSE,F,,,-2049392129,
210,1494,579,1,28/07/1999,19/08/1999,FALSE,F,,,2140962047,
211,1495,464,1,05/08/1999,28/08/1999,FALSE,F,,,1593658367,
212,1497,590,1,,,FALSE,F,,fl independent and helping,181853951,
213,1498,369,1,31/07/1999,20/08/1999,FALSE,F,,,425076223,
214,1499,539,1,12/08/1999,02/09/1999,FALSE,F,,,-407613185,
215,1502,373,1,24/08/1999,09/09/1999,FALSE,F,,,-16396289,
216,1504,437,1,,,FALSE,F,,,-506637569,
217,1505,409,1,21/08/1999,11/09/1999,FALSE,F,,,-1354577409,
218,1506,464,2,05/08/1999,28/08/1999,FALSE,F,,,360604927,
219,1507,379,1,,,FALSE,F,,,-419982337,
220,1508,519,1,,,FALSE,F,,UR(=LBSX),369624831,
221,1509,402,1,,,FALSE,F,,,-1906135553,
222,1510,394,1,,,FALSE,F,,,1152301311,
223,1511,387,1,,,FALSE,F,,"UR(=GGSX), BiD 1511?",867604479,
224,1512,508,1,03/08/1999,23/08/1999,FALSE,F,,,-522519809,
225,1513,478,1,,23/08/1999,FALSE,F,,,1522127359,
226,1514,396,1,,16/07/1999,FALSE,F,,,-1724297985,
227,1515,420,1,,,FALSE,F,,,1231477759,
228,1516,511,1,15/08/1999,06/09/1999,FALSE,F,,,-1512427777,
229,1518,566,1,,,FALSE,F,,,965490175,
230,1519,365,1,20/08/1999,,FALSE,F,,"chick fell out of nest 5/9,  VOSX",-1286463233,
231,1520,401,1,28/08/1999,14/09/1999,FALSE,F,,,392978431,
232,1521,439,1,22/08/1999,10/09/1999,FALSE,F,,,651797247,
233,1523,454,1,,,FALSE,F,,,895343103,
234,1524,588,2,31/08/1999,20/09/1999,FALSE,F,,,-2089995009,
235,1525,430,1,31/08/1999,18/09/1999,FALSE,F,,,-1670700033,
236,1526,430,2,31/08/1999,18/09/1999,FALSE,F,,,-135440641,
237,1527,591,1,08/09/1999,25/09/1999,FALSE,F,,,-504185345,
238,1528,534,2,05/09/1999,25/09/1999,FALSE,F,,,1581156607,
239,1489,463,1,30/07/1999,16/08/1999,FALSE,F,,,-1438177281,
240,1530,483,1,20/08/1999,08/09/1999,FALSE,F,,,862538495,
241,1531,455,1,20/08/1999,08/09/1999,FALSE,F,,,1078911487,
242,1532,473,1,21/08/1999,14/09/1999,FALSE,F,,,1354374399,
243,1533,588,1,31/08/1999,20/09/1999,FALSE,F,,,-366711809,
244,1535,520,1,30/07/1999,20/08/1999,FALSE,F,,,1843494655,
245,1536,549,1,09/09/1999,24/09/1999,FALSE,F,,,-491371009,
246,1537,416,1,16/09/1999,,FALSE,U,,chick in nest 26/9,-1273761537,
247,1562,505,2,20/09/1999,,FALSE,F,26/09/1999,DateCollected from ringing book; 2 chicks sampled,543617023,
248,1565,551,1,30/07/1999,12/08/1999,FALSE,F,,,-366349569,
250,6288,611,1,21/09/2002,,FALSE,F,,,29361407,
251,1678,675,1,21/07/2002,,FALSE,F,,,-1330465793,
252,1679,675,2,,,FALSE,F,,,223782655,
253,1680,676,1,19/07/2002,,FALSE,U,,,-1426665985,
254,1696,629,1,31/07/2002,,FALSE,F,,,-411936513,
255,1702,620,1,,,FALSE,F,,,1642838015,
256,1703,640,1,,,FALSE,F,,,314284799,
257,1704,647,1,,,FALSE,U,,,-1885867521,
258,1705,593,1,,,FALSE,F,,,-1692472065,
259,1713,656,1,,,FALSE,U,,,1647705087,
260,1716,600,1,20/07/2002,,FALSE,F,,,-1257729,
261,1731,644,1,,20/08/2002,FALSE,F,,,1037325823,
262,1732,598,1,,,FALSE,U,,,1861861631,
263,1733,607,1,,,FALSE,F,,,-1963622401,
264,1734,658,1,,04/09/2002,FALSE,F,,,-658619649,
265,1736,615,1,05/08/2002,,FALSE,F,,,-97519105,
266,1737,667,1,03/09/2002,05/09/2002,FALSE,F,,,-1518938881,
267,1738,650,1,,07/09/2002,FALSE,F,,,-456244225,
268,1739,630,1,26/07/2002,,FALSE,F,,,323221247,
269,1741,642,1,21/07/2002,,FALSE,F,,,-1301357057,
270,1742,663,1,,,FALSE,F,,,-2058737409,
271,1743,616,1,05/08/2002,,FALSE,F,,,1805928447,
272,1746,635,1,,16/07/2002,FALSE,F,,,1272048383,
273,1747,625,1,,,FALSE,F,,,-510328321,
274,1748,623,1,,,FALSE,F,,,-1385710337,
275,1749,622,1,14/08/2002,,FALSE,F,,,312183807,
276,1750,633,1,,14/08/2002,FALSE,F,,,956047103,
277,1752,626,1,,,FALSE,F,,,-1276746241,
278,1755,609,1,,,FALSE,F,,,-1459384065,
279,1758,634,1,,24/07/2002,FALSE,F,,,135794687,
280,1798,855,1,,,FALSE,F,,,-543780097,
281,1804,741,1,,27/08/2003,TRUE,F,,,1793526271,
282,1805,747,,,,TRUE,F,,,-1013865217,
283,1806,862,1,,,FALSE,F,,,968741887,
284,1808,820,1,07/08/2003,,FALSE,F,,,112543487,
285,1820,784,1,,05/08/2003,FALSE,F,,,22736383,
286,1824,714,1,,,FALSE,F,,,482736383,
287,1825,719,1,,,TRUE,F,,,410048511,
288,1826,729,1,,,TRUE,F,,,-341034241,
289,1828,795,1,,,FALSE,F,,,256250367,
290,1829,843,1,,23/08/2003,FALSE,F,,,-57373441,
291,1830,700,1,,,FALSE,F,,,-1672143873,
292,1831,763,1,,28/08/2003,FALSE,F,,,906981119,
293,1832,708,1,,,FALSE,F,,,-303270401,
294,1833,787,1,,23/08/2003,FALSE,F,,,1731289343,
295,1843,786,1,,27/08/2003,FALSE,F,,,-1999724545,
296,1844,732,1,,28/08/2003,TRUE,F,,,733143807,
297,1845,842,1,,28/08/2003,FALSE,F,,,466754047,
298,1846,783,1,,28/08/2003,FALSE,F,,,-250579713,
299,1847,720,1,,30/08/2003,TRUE,F,,,-259955713,
300,1848,718,1,17/08/2003,30/08/2003,TRUE,F,,,615159551,
301,1849,706,1,16/08/2003,,FALSE,F,,,-524616193,
302,1850,706,2,19/08/2003,,FALSE,F,,,-756692737,
303,1852,716,1,20/08/2003,31/08/2003,FALSE,F,,,-112105473,
304,1853,740,1,,,TRUE,F,,,1061849855,
305,1854,740,2,,,FALSE,F,,,833298943,
306,1855,743,,,31/08/2003,FALSE,F,,,1034247423,
307,1856,710,1,21/08/2003,31/08/2003,FALSE,F,,,-530404353,
308,1857,710,1,21/08/2003,31/08/2003,FALSE,F,,,1411825407,
309,1858,727,1,,31/08/2003,TRUE,F,,,-723089921,
310,1864,726,1,,,FALSE,F,,,-293392129,
311,1865,854,1,,,FALSE,F,,,1041838079,
312,1866,699,1,05/08/2003,23/08/2003,FALSE,F,,,705901311,
313,1867,744,1,19/08/2003,,FALSE,F,,,-974050817,
314,1868,755,,,,FALSE,F,,,49497343,
315,1869,797,1,,,FALSE,F,,,-1978076161,
316,1870,796,1,08/08/2003,,FALSE,F,,,-366745857,
317,1872,826,1,,28/08/2003,FALSE,F,,,-644936193,
318,1873,722,1,,,FALSE,F,,,212441343,
319,1874,775,1,,,FALSE,F,,,-549062657,
320,1875,851,2,,,FALSE,F,,,-743646465,
321,1876,781,1,10/08/2003,,FALSE,F,,,-1580977665,
322,1879,725,1,,,FALSE,F,,,1704602879,
323,1881,702,1,,,FALSE,F,,,-3916801,
324,1883,863,1,29/08/2003,,FALSE,F,,,809635583,
325,1884,828,1,,,FALSE,F,,,-1848338945,
326,1885,851,1,,,FALSE,F,,,-1007091457,
327,1887,857,1,,,FALSE,F,,,-1728593921,
328,1888,756,,,,FALSE,F,,,-2018016513,
329,1890,825,1,,,FALSE,F,,,1648638463,
330,1895,685,1,,,TRUE,F,,ringed by cuca,238687487,
331,1896,774,1,,,FALSE,F,,ch ringed by Cuca,-947616769,
332,1897,682,1,,,TRUE,F,,ringed by cuca,337721087,
333,2925,1227,1,23/11/1988,,FALSE,F,,,-1260970497,
334,2926,1244,1,14/03/1990,,FALSE,F,,,1863411967,
335,2927,1244,2,14/03/1990,,FALSE,F,,,-615610369,
336,2997,1200,1,,,FALSE,F,,,1976773375,
337,3005,976,1,,20/08/2004,FALSE,F,,,-124698113,
338,3006,983,1,,,FALSE,U,,,-1452081921,
339,3007,1191,1,18/08/2004,,FALSE,F,,,1534708735,
340,3008,968,1,17/08/2004,,FALSE,U,,Last seen as chick ringed 28/8/2004,-1486790913,
341,3009,905,1,17/08/2004,,FALSE,F,,,-1917409793,
342,3012,924,1,12/08/2004,,FALSE,F,,,-1399664385,
343,3014,934,1,,,FALSE,U,,ringed as chick 8/9/2004 and not seen since,1248481279,
344,3015,925,1,,,FALSE,F,,,832557823,
345,3016,906,1,,,FALSE,F,,,701188607,
346,3019,965,1,,,FALSE,F,,,1743054079,
347,3095,912,1,15/08/2004,,FALSE,F,,"wrongly=3022 (rung adult 26/12/04, BrF then)",-1446767617,
348,3087,911,1,,,FALSE,F,,,-1616738561,
349,3094,996,1,,,FALSE,F,,,2073243135,
350,3472,1209,1,,22/06/2005,FALSE,F,,,-551732993,
351,3486,1009,1,,,FALSE,F,,,1047205887,
352,3504,1149,1,16/07/2005,,FALSE,F,,,851278591,
353,3512,1092,1,,,FALSE,F,,,252858879,
354,3518,1047,1,,,FALSE,F,,,2117061887,
355,3519,1044,1,07/08/2005,,FALSE,F,,,-1803330561,
356,3521,1055,1,,,FALSE,F,,,-695947521,
357,3527,1211,1,22/07/2005,,FALSE,F,,,1905047039,
358,3529,1210,1,,,FALSE,F,,,-1387224833,
359,3565,1104,1,,,FALSE,F,,,1131470847,
360,3566,1125,1,13/08/2005,,FALSE,F,,,1422664447,
361,3568,1104,2,,,FALSE,F,,,-1786357249,
362,3569,1042,1,,,FALSE,F,,,-1527532289,
363,3570,1127,1,,,FALSE,F,,,1909957631,
364,3571,1048,1,,,FALSE,F,,,-911747329,
365,3572,1041,1,,,FALSE,F,,ON 15/08 CH ABOUT 1 WEEK OLD,1992506879,
366,3573,1048,2,,,FALSE,F,,,-2117269249,
367,3574,1150,1,17/08/2005,,FALSE,F,,ch about 5 days on 17/08,-1717852161,
368,3575,1036,1,09/08/2005,,FALSE,F,,,1466682111,
369,3576,1053,1,,,FALSE,F,,,-28876289,
370,3577,1019,1,,,FALSE,F,,was about 10 days when found on 26/08,-1731158785,
371,3579,1051,1,,,FALSE,F,,MUST HAVE HATCHED AROUND 17/08,-1948193793,
372,3580,1065,1,,,FALSE,F,,,447479551,
373,3581,1074,1,,,FALSE,F,,,643220991,
374,3590,1126,1,,,FALSE,F,,,187855103,
375,3591,1062,1,18/08/2005,,FALSE,F,,MUST HAVE HATCHED AROUND 18/08 (SEE LAYDATE),-1257541633,
376,3592,1126,2,,,FALSE,F,,,1581019903,
377,3593,1141,2,31/08/2005,,FALSE,F,,,1584753151,
378,3594,1060,1,,,FALSE,F,,,-1704557313,
379,3595,1141,1,31/08/2005,,FALSE,F,,chicks about 1 week old on 31/08,-1598082049,
380,3596,1165,1,,,FALSE,F,,,254879487,
381,3597,1141,3,31/08/2005,,FALSE,F,,,795299327,
382,3598,1144,1,,,FALSE,F,,,-1138697985,
383,3599,1136,1,,,FALSE,F,,ch 1 or 2 days old on 23/08,-1109379073,
384,3600,1163,1,,,FALSE,F,,,1893604095,
385,3601,1035,1,01/09/2005,,FALSE,F,,,523268607,
386,3602,1070,1,,,FALSE,F,,CH 1 OR 2 DAYS OLD ON 31/08,-296391425,
387,3603,1038,1,,,FALSE,F,,,1653767167,
388,3604,1012,1,,,FALSE,F,,ch 3 or 4 days old on 05/09,282545919,
389,3605,1139,1,,,FALSE,F,,,-720054785,
390,3606,1033,1,,,FALSE,F,,ON 31/08 CH 1 OR 2 DAYS OLD,1261977855,
391,3607,1008,1,25/08/2005,,FALSE,F,,,272236543,
392,3608,1010,1,,,FALSE,F,,chick 1 or 2 days old when found,-84884737,
393,3609,1213,1,,,FALSE,F,,,2107144703,
394,3610,1217,1,,,FALSE,F,,,1564300543,
396,3742,5,1,31/07/1997,,FALSE,D,02/08/1997,,759068415,
397,3744,7,1,04/08/1997,,FALSE,D,,dead in storm 13/8,1853840895,
398,3745,8,1,04/08/1997,,FALSE,D,18/08/1997,dead in storm 18/8,857254143,
399,3749,16,1,,,FALSE,F,,UR,-1137129473,
400,3750,18,1,21/08/1997,,FALSE,G,,chick still in nest 28/8,1276406527,
401,3753,21,1,16/08/1997,,FALSE,D,,SWAP wth 92.1,181240319,
402,3754,23,1,05/08/1997,,FALSE,D,07/08/1997,,-1279378177,
403,3755,25,1,09/08/1997,,FALSE,D,16/08/1997,,2040007679,
404,3757,27,1,01/05/1997,,FALSE,F,,UR,-1777950977,
405,3758,29,1,12/08/1997,,FALSE,D,16/08/1997,dead in storm 18/8,-423172609,
406,3759,29,2,12/08/1997,,FALSE,G,,died in storm 18/8,845287679,
407,3762,32,1,02/08/1997,,FALSE,D,,dead in storm 17/8,100438015,
408,3763,34,1,11/08/1997,,FALSE,D,,dead in storm 16/8,401150719,
409,3767,41,1,08/08/1997,,FALSE,D,,"1 egg infertile, 1 chick dead in storm 18/8",737118719,
410,3769,44,2,27/07/1997,,FALSE,G,,,1115170047,
411,3779,55,1,,,FALSE,F,,UR,1997165567,
412,3783,63,1,25/08/1997,,FALSE,F,,B--X?,550487807,
413,3785,65,1,,,FALSE,D,07/08/1997,dead in storm 15/8,1024159231,
414,3786,67,1,02/08/1997,,FALSE,D,,dead in storm 17/8,-877364993,
415,3788,72,1,18/08/1997,,FALSE,D,,dead in storm  or P21/8,-442148865,
416,3789,73,1,,,FALSE,D,,died in storm 16/8,-166806785,
417,1207,76,1,26/07/1997,12/08/1997,FALSE,D,17/08/1997,dead in storm 17/8,-1709272577,
418,3793,77,1,09/08/1997,,FALSE,D,10/08/1997,dead in storm 16/8,1577782527,
419,3794,78,1,04/08/1997,,FALSE,D,16/08/1997,dead in storm 16/8,1911659519,
420,1238,83,1,07/08/1997,,FALSE,D,,dead in storm 14/8,-952504577,
421,3800,84,,,,FALSE,F,,,74249727,
422,3801,88,1,13/08/1997,,FALSE,D,,dead in storm 16/8,-978329345,
423,3809,96,1,12/08/1997,,FALSE,D,,dead in storm 18/8,-2024595457,
424,3817,102,1,01/05/1997,,FALSE,F,,UR(=EEYX?),-500866305,
425,3821,107,1,06/08/1997,,FALSE,D,,,-495281665,
426,3829,119,1,06/08/1997,,FALSE,D,07/08/1997,dead in storm 17/8,-552143617,
427,3831,122,1,10/08/1997,,FALSE,D,16/08/1997,dead in storm 16/8,1617814527,
428,3839,132,1,01/05/1997,,FALSE,F,,UR,652547839,
429,3840,137,1,25/08/1998,,FALSE,D,20/08/1998,,-469008897,
430,3841,137,2,25/08/1998,,FALSE,U,,,-1426831105,
431,3842,138,1,,,FALSE,F,,UR(=NWYX),-886708225,
432,3843,141,1,15/11/1997,,FALSE,F,,UR,-1144190209,
433,3846,146,1,15/11/1997,,FALSE,F,,UR,-433872385,
434,3847,148,1,,,FALSE,F,,UR,-1573135105,
435,3851,156,1,,,FALSE,F,,UR,748628991,
436,3852,159,1,07/08/1998,01/09/1998,FALSE,F,,UR,24198911,
437,3858,176,1,30/08/1998,,FALSE,P,,,386336255,
438,3859,177,1,05/09/1998,,FALSE,P,,,1243721983,
439,3860,178,1,,,FALSE,F,,UR (=YYYX?),-985812993,
440,3863,181,1,21/02/1998,,FALSE,D,24/02/1998,,-962219265,
441,3867,185,1,02/01/1998,16/01/1998,FALSE,F,,UR,1513728511,
442,3872,195,1,,,FALSE,F,,UR,135906559,
443,3877,164,1,30/08/1998,,FALSE,D,31/08/1998,,883258367,
444,3883,218,1,24/01/1998,,FALSE,D,,nest fell down,-1132566785,
445,3884,219,1,19/08/1998,08/09/1998,FALSE,F,,UR,-327184897,
446,3886,225,1,01/09/1998,19/09/1998,FALSE,F,,UR,903354623,
447,3887,226,1,,,FALSE,F,,UR(=NNYX?),1035630591,
448,3890,230,1,13/09/1998,,FALSE,U,,,709843711,
449,3896,243,1,29/07/1998,16/08/1998,FALSE,F,,UR,1205645823,
450,3899,251,1,08/08/1998,,FALSE,D,,PREDATED,1968221439,
451,3901,253,1,,,FALSE,F,,UR (=GGYX?) BiD 1391?,-895435777,
452,3905,262,1,,,FALSE,F,,ERROR info,-508784897,
454,3907,265,3,25/08/1998,,FALSE,D,30/08/1998,,1152876799,
455,3909,270,1,15/11/1997,,FALSE,F,,"UR (=LNYX???), BiD 1534?",817643519,
456,3917,286,1,15/11/1997,,FALSE,F,,UR,1919550207,
457,3921,292,1,10/09/1998,,FALSE,D,,p ch <24/9,-1943225857,
458,3922,294,1,15/11/1997,,FALSE,F,,GGVX? COLOR CODE NOT ENTERED,-763325185,
459,3926,299,1,15/11/1997,,FALSE,F,,UR,-1263467521,
460,3928,305,1,17/02/1998,,FALSE,D,,P 4/3,-1633962241,
461,3930,308,1,19/07/1998,,FALSE,D,,P ch 6 days,526884351,
462,3931,309,1,19/08/1998,,FALSE,D,20/08/1998,,291498239,
463,1267,318,1,18/01/1998,07/02/1998,FALSE,D,,D (storm?),1315112959,
464,3940,326,1,30/08/1998,,FALSE,U,,no fl seen,244689663,
465,3941,327,1,15/11/1997,,FALSE,F,,UR,1481228799,
466,3943,331,1,26/02/1998,,FALSE,G,,disappeared <20/3,206142719,
467,3945,335,1,30/08/1998,,FALSE,D,,P ch 8 days,-1393144833,
468,3946,335,1,28/08/1998,,FALSE,D,08/09/1998,P ch 10 days two samples 397 + 398,1156308735,
469,3947,341,1,17/02/1998,10/03/1998,FALSE,F,,UR,-15260161,
470,3949,346,1,10/09/1998,28/09/1998,FALSE,F,,UR,2054246655,
471,3950,347,1,16/01/1998,,FALSE,D,,D ~25/1,2060374015,
472,3951,349,1,15/11/1997,,FALSE,F,,UR,-764259585,
473,3952,350,1,15/11/1997,,FALSE,F,,UR,-1319908865,
474,3953,351,2,02/09/1998,,FALSE,D,,"chick 2 to 29, P ch 10 days",-1823775489,
475,3954,352,1,15/11/1997,,FALSE,F,,UR,-510618625,
476,3955,353,1,15/11/1997,,FALSE,F,,UR,-901970177,
477,3956,354,1,07/09/1998,,FALSE,D,,P ch 23/9,-2050773505,
478,3957,356,1,15/11/1997,,FALSE,F,,UR,579582207,
479,3960,359,1,15/11/1997,,FALSE,F,,UR,1310693375,
480,3962,362,1,08/08/1999,,FALSE,D,,P 12/8,1973418751,
481,3965,366,1,,15/06/1999,FALSE,F,,"UR, died after female died?",-261434881,
482,3966,367,1,18/07/1999,,FALSE,D,,P 19/7,-601469697,
483,3967,368,1,11/08/1999,,FALSE,D,14/08/1999,"mb: on KB 16/8 chick weighted 3.4g, 2 days old!",1956633599,
484,3970,374,1,17/07/1999,,FALSE,D,,P  26/7,1211051775,
485,3972,376,1,04/08/1999,23/08/1999,FALSE,F,,UR,-426953217,
486,3973,378,1,31/08/1999,,FALSE,P,,P 14/9,-263249665,
487,3974,380,1,02/09/1999,22/09/1999,FALSE,F,,UR,-1804247041,
488,1486,385,1,28/07/1999,,FALSE,D,,,331260671,
489,3976,388,1,14/08/1999,,FALSE,F,19/08/1999,,1118755327,
490,3979,398,1,,,FALSE,F,,UR,-545639169,
491,3983,404,1,20/09/1999,,FALSE,D,,,-62643201,
492,3986,406,1,28/07/1999,,FALSE,D,01/08/1999,P 5/8,2086819583,
493,3987,413,1,26/07/1999,,FALSE,D,01/08/1999,P 4/8 (W. skink!),1754512895,
494,3990,417,1,,,FALSE,G,,"UR, DEAD??",-1906603777,
495,3992,419,1,31/08/1999,18/09/1999,FALSE,F,,UR,-839899137,
496,3993,421,1,27/01/1999,,FALSE,U,,"? (no fl seen in April), UR",-1402057985,
497,3995,423,1,27/01/1999,15/02/1999,FALSE,F,,"UR, ? (fl seen in April)",692052479,
498,3996,424,1,05/08/1999,25/08/1999,FALSE,F,,UR,-1712907009,
499,4000,429,1,,,FALSE,F,,UR,43871231,
500,4001,429,2,,,FALSE,F,,UR,1215725311,
501,4002,432,2,,,FALSE,F,,UR,-420002305,
502,4003,433,1,22/08/1999,11/09/1999,FALSE,F,,UR,-347016961,
503,4005,438,1,,,FALSE,F,,UR,-1364201473,
504,4007,441,1,,,FALSE,F,,UR,-1555107073,
505,4008,442,1,,,FALSE,F,,UR,-113382913,
506,4009,443,1,03/09/1999,22/09/1999,FALSE,F,,UR,-1945303809,
507,4011,445,1,22/08/1999,10/09/1999,FALSE,F,,UR,-2050247681,
508,4013,447,1,18/08/1999,,FALSE,D,,P 14/7,839624447,
509,4014,448,1,,,FALSE,F,,fl (could have been 2 fl's),1356320255,
510,4015,448,2,,,FALSE,F,,fl (could have been 2 fl's),-1177593601,
511,4016,450,1,07/07/1999,27/07/1999,FALSE,G,,UR,-1630226433,
512,4017,452,1,12/07/1999,,FALSE,D,19/07/1999,,1073781503,
513,4018,453,1,03/07/1999,22/07/1999,FALSE,F,,UR,1539895807,
514,4019,456,1,,24/07/1999,FALSE,F,,UR,982248703,
515,4020,457,1,27/08/1999,,FALSE,P,,P 6/9,2012150783,
516,4021,460,1,,25/09/1999,FALSE,F,,UR,-490615041,
517,4022,461,1,04/05/1999,23/05/1999,FALSE,F,,UR,693458431,
518,4023,462,1,19/04/1999,08/05/1999,FALSE,F,,UR,-260652801,
519,4025,469,1,04/05/1999,23/05/1999,FALSE,F,,UR,981368831,
520,4026,471,1,,,FALSE,D,,alive July,774062847,
521,4028,477,1,19/08/1999,06/09/1999,FALSE,F,,UR,-838796801,
522,4030,480,1,,,FALSE,F,,UR,-1375480577,
523,4031,481,2,26/07/1999,,FALSE,P,,P 5/8,1059537919,
524,4039,498,1,12/09/1999,,FALSE,D,,P 26/9,-1472661761,
525,4040,499,1,11/09/1999,,FALSE,D,,P 26/9,126868991,
526,4041,500,1,,,FALSE,F,,UR,1239886079,
527,4042,505,1,20/09/1999,,FALSE,U,26/09/1999,DateCollected from ringing book; 2 chicks sampled,-775075841,
528,4043,506,1,27/01/1999,,FALSE,D,,P 29/1,-44635393,
529,4044,512,1,,,FALSE,F,,UR,554041855,
530,4045,513,1,11/08/1999,,FALSE,D,,,-216744705,
531,4047,522,1,24/07/1999,12/08/1999,FALSE,F,,UR,898927615,
532,4048,523,1,,,FALSE,F,,"LLSX?, 1424?",-200204545,
533,4049,524,1,16/07/1999,,FALSE,D,,P 1/8,380069375,
534,4050,525,1,02/09/1999,,FALSE,D,,P >10/9,-994012929,
535,4051,527,1,07/02/1999,26/02/1999,FALSE,F,,UR,-387903489,
536,4052,528,1,,03/07/1999,FALSE,F,,UR,-1589931265,
537,4055,534,1,05/09/1999,27/09/1999,FALSE,D,,,-101185025,
538,4056,536,1,26/07/1999,,FALSE,P,,P 28/7,-1705073409,
539,4057,537,1,23/08/1999,,FALSE,D,25/08/1999,,693556223,
540,4059,542,1,,,FALSE,F,,"UR, alive July",-605403393,
541,4061,547,1,,,FALSE,G,,"fl died?, UR",-1782845953,
542,4064,553,1,21/09/1999,,FALSE,F,,"chick in nest 26/9, fl UR.",597883135,
543,4068,560,1,,,FALSE,F,,UR,-1210460161,
544,4070,563,1,,,FALSE,F,,"fl independent, UR",-244237569,
545,4071,565,1,,,FALSE,F,,"alive July, UR",1375146495,
546,4073,568,1,,23/07/1999,FALSE,F,,UR,948014335,
547,4074,569,1,,,FALSE,F,,alive July,-594666497,
548,4076,571,1,05/09/1999,21/09/1999,FALSE,F,,UR,-1721471233,
549,4077,572,1,08/07/1999,28/07/1999,FALSE,F,,UR,1475180031,
550,4081,577,1,04/09/1999,23/09/1999,FALSE,F,,UR,1831756031,
551,4083,584,1,12/07/1999,04/08/1999,FALSE,F,,UR,-1428709377,
552,4084,586,1,22/05/1999,01/06/1999,FALSE,F,,UR,697819903,
553,4086,588,3,,,FALSE,D,04/09/1999,,-165471745,
554,4093,601,1,,,FALSE,U,,,-434277121,
555,4096,608,1,,,FALSE,F,,,-2057673729,
556,4097,612,1,21/07/2002,10/08/2002,FALSE,F,,15-08-02 empty nest,169842431,
557,4098,613,1,,,FALSE,U,,,1146879487,
558,4099,614,1,28/08/2002,,FALSE,F,,,1812121855,
559,4103,627,1,,,FALSE,F,,,-503683073,
560,4104,628,1,26/07/2002,,FALSE,F,,,1766820607,
561,4105,631,1,,16/07/2002,FALSE,F,,,127672831,
562,4106,632,1,,,FALSE,F,,,-1076732673,
563,4108,637,1,,24/07/2002,FALSE,F,,,1306242047,
564,4109,641,1,11/08/2002,,FALSE,D,,very little chick,800833279,
565,4112,646,1,23/07/2002,,FALSE,U,,,-702052865,
566,4115,654,1,,20/08/2002,FALSE,F,,,784347391,
567,4117,657,1,,11/07/2002,FALSE,F,,,-1318965249,
568,4119,660,1,,,FALSE,F,,,876098303,
569,4121,662,1,06/08/2002,28/08/2002,FALSE,F,,,2072127999,
570,4124,668,1,,24/07/2002,FALSE,F,,,1715487999,
571,4125,669,1,23/07/2002,,FALSE,F,,,-734923777,
572,4129,673,1,,15/07/2002,FALSE,F,,,-1344739585,
573,4131,677,1,,23/07/2002,FALSE,F,,,-1670377985,
574,4132,678,1,,,FALSE,F,,,-2012833537,
575,4140,688,1,,,FALSE,U,,,556726271,
576,4157,3350,1,,27/08/2003,TRUE,F,,,-235808001,
577,4159,728,1,,27/08/2003,FALSE,G,,,-1695206913,
578,4169,745,1,,21/08/2003,FALSE,F,,,2114399487,
579,4170,746,1,,,FALSE,F,,,-1434633217,
580,4173,750,,,,FALSE,F,,,1410797311,
581,4178,757,,,,FALSE,G,,,-1168796161,
582,4181,760,,,,FALSE,U,,,-1904869121,
583,4182,761,1,,,FALSE,U,,,1837154303,
584,4184,764,1,,,FALSE,F,,,1847362303,
585,4185,765,1,,,FALSE,F,,,-2095760897,
586,4186,766,1,,,FALSE,F,,,801576191,
587,4187,767,1,,,FALSE,F,,,-690125825,
588,4189,769,1,,,FALSE,U,,,-1978255617,
589,4190,770,1,,,FALSE,U,,,1727536639,
590,4194,778,1,,,FALSE,U,,,481192191,
591,4196,780,1,28/08/2003,,FALSE,U,,,-2038986753,
592,4201,792,1,,,FALSE,U,,,1482173183,
593,1819,794,1,,,FALSE,F,,,-1526578689,
594,4204,798,1,,,FALSE,U,,,-1474298625,
595,4215,814,1,,,FALSE,P,,,1400032255,
596,4216,816,1,,,FALSE,P,,,-478781697,
597,4217,818,1,,,FALSE,U,,,1836557823,
598,4225,846,1,,,FALSE,G,,,1364185343,
599,4235,862,2,04/08/2003,,FALSE,D,,,-1875685377,
600,4236,862,3,04/08/2003,,FALSE,D,,,-1002122497,
601,4238,868,1,01/07/1996,15/07/2006,FALSE,F,,,1172064767,
602,4239,869,1,06/05/1996,20/05/1996,FALSE,F,,,-1749949185,
603,4240,870,1,,,FALSE,F,,,-1906502657,
604,4241,871,1,06/05/1996,,FALSE,G,,,-1781037313,
605,4242,872,1,29/07/1996,,FALSE,F,,,-1393283585,
606,4243,873,1,22/07/1996,,FALSE,U,,,251279615,
607,4244,875,1,22/07/1996,,FALSE,D,,,1658066943,
608,4245,876,1,,,FALSE,F,,,-1451066625,
609,4246,877,1,,,FALSE,F,,,-20753921,
610,4247,878,1,,,FALSE,F,,,-1289958145,
611,4248,883,1,08/07/1996,22/07/1996,FALSE,U,,,-373531649,
612,4249,884,1,06/05/1996,,FALSE,G,,,-86397185,
613,4250,885,1,08/07/1996,22/07/1996,FALSE,F,,,-1735543297,
614,4252,888,1,22/04/1996,06/05/1996,FALSE,F,,,2085462271,
615,4253,889,1,,,FALSE,F,,,175759359,
616,4254,890,1,08/07/1996,22/07/1996,FALSE,F,,,1672553215,
617,4255,891,1,,,FALSE,D,12/06/1995,,1020746239,
618,4256,892,1,,,FALSE,D,08/02/1995,,855684351,
619,4269,909,1,,25/12/2004,FALSE,F,,,1001432063,
620,4276,922,1,14/08/2004,,FALSE,U,,,270325503,
621,4290,941,1,,,FALSE,G,,STILL INC AT END OF SEASON - EGG FATE UNKNOWN!,-1218167297,
622,4304,962,1,,,FALSE,F,,,-2081814273,
623,4305,963,1,26/07/2004,,FALSE,F,,,1195681791,
624,4315,985,1,31/07/2004,,FALSE,F,,,846252799,
625,4324,998,1,,,FALSE,U,,,-1053269505,
626,4325,999,1,,03/01/2005,FALSE,F,,,1409129727,
627,4327,1002,1,,04/01/2005,FALSE,F,,,1314515967,
628,4330,1007,1,28/07/2004,,FALSE,P,,,-146735361,
629,4334,1015,1,,,FALSE,P,,,613926399,
630,4335,1018,1,,,FALSE,F,,,1416589567,
631,4338,1028,1,,,FALSE,U,,,223637503,
632,4341,1040,1,,,FALSE,U,,,-1184795905,
633,4342,1046,1,,,FALSE,F,,,554068479,
634,4344,1063,1,10/06/2005,09/07/2005,FALSE,F,,,-692878081,
635,4356,1081,1,,,FALSE,U,,,1608004607,
636,4362,1091,1,,,FALSE,U,,,1978017535,
637,4367,1106,1,,,FALSE,P,,,256396799,
638,3612,1110,1,,,FALSE,U,,,-528623361,
639,4380,1124,1,,,FALSE,P,,,80295935,
640,4383,1129,1,,,FALSE,U,,,-2145182977,
641,4389,1142,1,,,FALSE,F,,,1164014079,
642,4393,1153,1,17/08/2005,,FALSE,F,,,2143448319,
643,4394,1156,1,,,FALSE,F,,,-1572111361,
644,4400,1162,1,,,FALSE,P,,,1974226687,
645,4401,1167,1,02/09/2005,,FALSE,F,,"ch gets lot of food on 2/9, prob more than 1 week",982898175,
646,4403,1169,1,06/09/2005,,FALSE,F,,,1588936959,
647,4406,1175,1,,,FALSE,F,,,163774463,
648,4411,1180,1,07/08/2005,,FALSE,P,,,1918223103,
649,4413,1181,1,05/09/2005,,FALSE,U,,ch 1 or 2 days on 05/09,-345409025,
650,4414,1181,2,05/09/2005,,FALSE,U,,ch 1 or 2 days on 05/09,-1748347649,
651,4415,1185,1,20/07/2004,18/08/2004,FALSE,F,,,-1143749633,
652,4416,1187,1,,18/08/2004,FALSE,F,,,-2077001985,
653,4420,1193,1,11/09/2004,,FALSE,U,,,2107661823,
654,4421,1194,1,,,FALSE,D,,,-910841601,
655,4422,1195,1,,26/10/2004,FALSE,F,,,-1402877953,
656,4424,1197,1,18/08/2004,,FALSE,F,,dissappeared 16/11/04,1603889919,
657,4425,1199,1,,26/10/2004,FALSE,F,,,608076287,
658,4427,1201,1,03/09/2004,,FALSE,D,,"chick dead in nest after heavy rain, not collected",1802190079,
659,4428,1202,1,,18/08/2004,FALSE,F,,,1183910911,
660,4432,1219,1,,,FALSE,F,,,1394319103,
661,4436,1225,1,,,FALSE,F,,,1132979711,
662,4678,1076,1,09/06/2005,10/07/2005,FALSE,F,,,1612648703,
663,4779,1229,1,14/06/1989,,FALSE,U,,,-1329229825,
664,4780,1230,1,18/10/1989,,FALSE,F,,,2072908543,
665,4781,1231,1,14/06/1989,,FALSE,F,,,-721384961,
666,4782,1234,1,27/09/1989,,FALSE,F,,,-884660993,
667,4783,1235,1,27/09/1989,,FALSE,U,,,1352881151,
668,4784,1236,1,29/11/1989,,FALSE,F,,,939837183,
669,4785,1237,,31/07/1991,,FALSE,F,,,191655423,
670,4786,1238,1,20/12/1989,,FALSE,F,,,613513471,
671,4787,1239,1,06/12/1989,,FALSE,F,,,-1894885377,
672,4788,1240,1,,,FALSE,F,,,-573326593,
673,4789,1241,1,21/03/1990,,FALSE,F,,,919572991,
674,4790,1242,1,30/05/1990,,FALSE,F,,,-1946678017,
675,4791,1243,1,07/03/1990,,FALSE,F,,,-601187329,
676,4792,1243,2,07/03/1990,,FALSE,F,,,-1399918849,
677,4793,1245,1,25/07/1990,,FALSE,F,,,-395446785,
678,4794,1246,1,03/01/1990,,FALSE,F,,,1571610879,
679,4795,1247,1,31/07/1991,,FALSE,F,,ringed with WGY-,-212066305,
680,4796,1247,2,31/07/1991,,FALSE,F,,ringed with VLY-,34235135,
681,4797,1248,1,14/08/1991,,FALSE,F,,ringed with LVY-,1456183807,
682,4798,1249,1,21/08/1991,,FALSE,F,,ringed with GWY-,103019775,
683,4799,1249,2,21/08/1991,,FALSE,F,,ringed with VVY-,1598481407,
684,4800,1011,1,,,FALSE,F,,,-832956673,
685,4861,1500,1,,,FALSE,F,,,28081663,
686,4875,1439,1,31/07/2006,,FALSE,F,,CA. 14 DAYS OLD WHEN RUNG,370231551,
687,4877,1440,1,,,FALSE,F,,CA. 14 DAYS OLD WHEN RUNG,1036969983,
688,4879,1425,1,,,FALSE,F,,CA. 9/10 DAYS OLD WHEN RUNG,1204947711,
689,4880,1485,1,,,FALSE,F,,CA. 10 DAYS OLD WHEN RUNG,-1777032705,
690,4882,1436,1,,,FALSE,F,,CA. 11 DAYS OLD WHEN RUNG,-1771512577,
691,4883,1520,1,,,FALSE,F,,"CA. 10 DAYS OLD WHEN RUNG, 2 CHICKS IN NEST",1142434815,
692,4884,1520,2,,,FALSE,F,,"CA. 10 DAYS OLD WHEN RUNG, 2 CHICKS IN NEST",-553238785,
693,4885,1429,1,,,FALSE,F,,CA. 14 DAYS OLD WHEN RUNG,306710015,
694,4887,1543,1,,,FALSE,F,,CA. 14 DAYS OLD WHEN RUNG,-1671515905,
695,4888,1508,1,,,FALSE,F,,CA. 8/10 DAYS OLD WHEN RUNG,42381311,
696,4889,1454,1,,,FALSE,F,,CA. 12 DAYS OLD WHEN RUNG,1925886719,
697,4890,1433,1,,,FALSE,F,,CA. 8 DAYS OLD WHEN RUNG,701147647,
698,4891,1503,1,,,FALSE,F,,CA. 12 DAYS OLD WHEN RUNG,493274367,
699,4892,1496,1,,,FALSE,F,,CA. 10 DAYS OLD WHEN RUNG,1757311999,
700,4893,1569,1,,,FALSE,F,,CA. 10 DAYS OLD WHEN RUNG,-1003264257,
701,4894,1498,1,,,FALSE,F,,CA. 10 DAYS OLD WHEN RUNG,-379548161,
702,4895,1430,1,,,FALSE,F,,"CA. 12 DAYS OLD WHEN RUNG, 2 CHICKS IN NEST",53811455,
703,4896,1514,1,,,FALSE,F,,CA. 14 DAYS OLD WHEN RUNG,-1985775617,
704,4897,1430,2,,,FALSE,F,,"CA. 12 DAYS OLD WHEN RUNG, 2 CHICKS IN NEST",714365695,
705,4898,1491,1,,,FALSE,F,,CA. 14 DAYS OLD WHEN RUNG,-1693601281,
706,4899,1493,1,,,FALSE,F,,CA. 13 DAYS OLD WHEN RUNG,2143137023,
707,4900,1481,1,,,FALSE,F,,CA. 15 DAYS OLD WHEN RUNG,-1621509121,
708,4902,1435,1,,,FALSE,F,,"Ca. 14 days old when rung, 2 chicks in nest",-2021552385,
709,4903,1435,2,,,FALSE,F,,"Ca. 11 days old when rung, 2 chicks in nest",-367651329,
710,4904,1458,1,,,FALSE,F,,Ca. 13 days old when rung,-1590394625,
711,4905,1470,1,,,FALSE,F,,Ca. 12 days old when rung,1329938431,
712,4906,1462,1,,,FALSE,F,,Ca. 14 days old when rung,2060387071,
713,4907,1574,1,,,FALSE,F,,Ca. 14 days old when rung,1191033343,
714,4908,1527,1,,,FALSE,F,,Ca. 14 days old when rung,638424319,
715,4910,1417,2,,,FALSE,F,,"Ca. 15 days old when rung, 2 chicks in nest",772408319,
716,4911,1417,1,,,FALSE,F,,"Ca. 14 days old when rung, 2 chicks in nest",-695159041,
717,4912,1513,1,,,FALSE,F,,"Ca. 12 days old when rung, 3 chicks in nest",-1953980929,
718,4913,1513,2,,,FALSE,F,,"Ca. 12 days old when rung, 3 chicks in nest",-1862473473,
719,4914,1540,1,,,FALSE,F,,"Ca. 14 days old when rung, 2 chicks in nest",-2087974913,
720,4915,1513,3,,,FALSE,F,,"Ca. 14 days old when rung, 3 chicks in nest",1394256639,
721,4916,1540,2,,,FALSE,F,,"Ca. 15 days old when rung, 2 chicks in nest",-558185985,
722,4917,1518,1,,,FALSE,F,,Ca. 14 days old when rung,2096528639,
723,4918,1424,1,,,FALSE,F,,Ca. 14 days old when rung,1324305407,
724,4919,1414,1,,,FALSE,F,,Ca. 14 days old when rung,-2097094913,
725,4933,1477,1,,,FALSE,F,,"Ca. 15 days old when rung, 2 chicks in nest",-656923137,
726,4934,1477,2,,,FALSE,F,,"Ca. 14 days old when rung, 2 chicks in nest",825118975,
727,4935,1531,1,,,FALSE,F,,Ca. 15 days old when rung,-1969762305,
728,4936,1480,1,,,FALSE,F,,"Ca. 15 days old, 2 chicks, RUNG BY MAUD/LUCY",118969087,
729,4937,1480,2,,,FALSE,F,,"Ca. 15 days old, 2 chicks, RUNG BY MAUD/LUCY",-412825089,
730,4975,1228,1,14/06/1989,,FALSE,F,,,1964532991,
731,4976,1228,2,14/06/1989,,FALSE,F,,,-1339452417,
732,4977,1228,3,14/06/1989,,FALSE,F,,marked as bird X-EW but same bird ringed in T99,41027327,
733,4979,1232,2,,,FALSE,F,,,-249254401,
734,4980,1235,2,27/09/1989,,FALSE,F,,,-1536640769,
735,4981,1322,1,29/11/1989,,FALSE,F,,,2089326591,
736,4982,1323,1,20/12/1989,,FALSE,F,,,-832242945,
737,4983,1324,1,06/12/1989,,FALSE,F,,,974901759,
738,4984,1334,2,30/08/1989,,FALSE,F,,,51596543,
739,4985,1376,1,14/08/1991,,FALSE,F,,marked as LVY- (unknown bird),-203891713,
740,4986,1378,1,21/08/1991,,FALSE,F,,marked as vvy- (unknown bird),-293327105,
741,4987,1378,2,21/08/1991,,FALSE,F,,marked as GWY- (unkown bird),-2020723201,
742,4989,1575,2,14/06/2006,22/06/2006,FALSE,F,,,1363943679,
743,4990,1575,1,14/06/2006,22/06/2006,FALSE,F,,,-1518444545,
745,4992,1512,,,,FALSE,U,,,-2080384513,
746,4993,1561,,,,FALSE,U,,,-1618529025,
749,5281,,,,,FALSE,F,,,807216127,
759,5294,1633,,,,FALSE,U,,"chcik present on 16/02/2009, roughly 1 day old",1224977070,
760,6056,638,1,,,FALSE,F,,,1353509375,
761,948,2210,,,,FALSE,F,,,-1905948174,
763,6074,3069,,,,FALSE,F,,,571999019,
764,6191,3123,,23/07/2014,,FALSE,F,,,1841621846,
765,5156,1785,1,,,FALSE,U,15/09/2007,,571999019,
766,5151,1766,1,,,FALSE,U,,,-1885850390,
767,5152,1766,2,,,FALSE,U,,,-471194420,
768,5154,1801,1,,,FALSE,U,,,1416487085,
769,5153,1801,2,,,FALSE,U,,,1394155402,
770,5148,1799,1,,,FALSE,F,,,1926598203,
771,5117,1795,1,,,FALSE,F,,,-1348561750,
772,5121,1781,1,,,FALSE,F,,,-1476170811,
773,5119,1773,1,,,FALSE,F,,,745806896,
774,5130,1771,1,,,FALSE,F,,,-1045270916,
775,5157,1763,1,,,FALSE,U,,,-1761380863,
776,5135,1760,1,,,FALSE,U,,,-2014551791,
777,5136,1760,2,,,FALSE,F,,,1246094136,
778,5150,1759,1,,,FALSE,U,,,-1136954294,
779,5146,1758,1,,,FALSE,F,,,-1053976815,
780,5137,1751,1,,,FALSE,F,,,-684589441,
781,5149,1730,1,,,FALSE,F,,,1565663754,
782,5144,1723,1,,,FALSE,F,,,-1205128740,
783,5131,1722,1,,,FALSE,F,,,2120559785,
784,5125,1721,1,,,FALSE,F,,,-2023420168,
785,5126,1721,,,,FALSE,U,,UNCLEAR IF ONLY 1 CHICK FLEDGED,-664038023,
786,5140,1718,1,,,FALSE,F,,,204734648,
787,5141,1717,1,,,FALSE,F,,,1816576173,
788,5147,1710,1,,,FALSE,F,,,164266607,
789,5139,1706,1,,,FALSE,F,,,143554986,
790,5142,1705,1,,,FALSE,F,,,341529785,
791,5134,1699,1,,,FALSE,F,,,-2087278343,
792,5127,1688,1,,,FALSE,F,,,1119799334,
793,5138,1683,1,,,FALSE,F,,,1350724264,
794,5128,1802,,,,FALSE,F,,,897810943,
795,5129,1802,2,,,FALSE,F,,,-1952695028,
796,5561,2354,,,13/08/2010,FALSE,U,,,-1048353414,
797,1032,3401,,,,FALSE,F,,,-134432048,
798,5740,3655,2,,,FALSE,F,,,2087754395,
799,6745,4912,1,,,FALSE,F,,caught as FL,-369226743,
800,6777,4988,,,,FALSE,F,,,1765078227,
801,6746,5012,,,,FALSE,F,,,-725776889,
802,6742,4941,1,,,FALSE,F,,chick ~ 9 days old at catching,-401917457,
803,6730,4920,1,,,FALSE,F,,caught on floor - just fledged,-43678100,
804,6775,4920,2,,,FALSE,F,,,776613408,
805,6776,5015,,,,FALSE,F,,,-1905948174,
806,6771,5015,,,,FALSE,F,,,1930830893,
807,6752,5016,,,,FALSE,F,,,341529785,
808,6764,4931,,,,FALSE,F,,FL caught by hand,-947718465,
809,6750,4922,1,,,FALSE,F,,,145483856,
810,6753,5018,1,,,FALSE,F,,,1283698722,
811,6757,5019,1,,,FALSE,F,,,913670539,
812,6772,5020,1,,,FALSE,F,,,-307277423,
813,6738,5021,,,,FALSE,F,,,-1243957392,
814,6766,5023,1,,,FALSE,F,,,877873275,
815,6734,5024,1,,,FALSE,F,,originally rung as BNYX changed to MMMX,-1954494189,
816,6741,4954,1,,,FALSE,F,,,1094822811,
817,6749,5025,1,,,FALSE,F,,,185443802,
818,6763,5027,1,,,FALSE,F,,caught as FL,1930830893,
819,6768,4938,1,,,FALSE,F,,,-947718465,
820,6767,4938,2,,,FALSE,U,,probably fledged,1416487085,
821,6754,5028,1,,,FALSE,F,,caught as FL,-386232666,
822,6780,5029,,,,FALSE,F,,caught as FL,358024178,
823,6759,4913,1,,,FALSE,F,,caught as FL,59002112,
824,6778,5030,1,,,FALSE,F,,caught as FL,-173341445,
825,6758,5031,1,,,FALSE,F,,caught as FL,-1136954294,
826,6756,4908,1,,,FALSE,F,,caught as FL,1119799334,
827,6787,5036,1,,,FALSE,U,,,571999019,
828,6779,4993,1,,,FALSE,F,,caught as FL,1801210928,
829,6774,5037,1,,,FALSE,F,,caught as FL,1429065326,
830,6786,4950,,,,FALSE,F,,caught as FL,1557438033,
831,6765,5041,,,,FALSE,F,,caught as FL,106808964,
832,6783,5043,1,,,FALSE,F,,caught as FL,1283698722,
833,6781,4929,1,,,FALSE,F,,caught as FL,913670539,
834,6751,5045,1,,,FALSE,F,,caught as FL,-180511034,
835,6782,4962,1,,,FALSE,F,,,-307277423,
836,6784,4962,2,,,FALSE,F,,,-1726689296,
837,6770,5049,1,,,FALSE,F,,caught as FL,-1323182788,
838,6739,4911,1,,,FALSE,F,,,-1417882522,
839,6733,5051,1,,,FALSE,F,,,-1954494189,
840,6743,5052,1,,,FALSE,F,,caught as FL,-688027562,
841,6769,4915,1,,,FALSE,F,,caught as FL,-1501901531,
842,6748,5054,1,,,FALSE,F,,caught as FL,1321904174,
843,6755,5056,1,,,FALSE,F,,caught as FL,1058085808,
844,6833,5077,1,,,FALSE,F,,caught as FL,143554986,
845,6855,5093,1,,,FALSE,F,,caught as FL,-903822181,
846,6856,5057,1,,,FALSE,F,,caught as FL,-850626864,
847,6835,5081,1,,,FALSE,F,,caught as FL,1179999743,
848,6854,5078,1,,,FALSE,F,,caught as FL,-2087278343,
849,6851,5091,1,,,FALSE,F,,caught as FL,1119799334,
850,6845,5088,1,,,FALSE,F,,caught as FL,1350724264,
851,6901,5162,,,,FALSE,F,,,882819789,
852,6910,5098,1,,,FALSE,F,,,-1917683442,
853,6899,5173,1,,,FALSE,F,,,-903822181,
854,6903,5176,1,,,FALSE,F,,,882819789,
855,6924,5176,2,,,FALSE,F,,,143554986,
856,6926,5119,1,,,FALSE,F,,,2087754395,
857,6923,5182,,,,FALSE,F,,,-925650064,
858,6896,5183,,,,FALSE,F,,caught as fledgling,1224977070,
859,6865,5185,,,,FALSE,F,,caught as fledgling,-1885850390,
860,6918,5141,1,,,FALSE,F,,caught as fledgling,2087754395,
861,6919,5141,2,,,FALSE,F,,caught as fledgling,1765078227,
862,6886,5106,1,,,FALSE,F,,,-299526296,
863,6912,5139,1,,,FALSE,F,,caught as fledgling,-1885850390,
864,6893,5193,1,,,FALSE,F,,caught as fledgling,1429065326,
865,6915,5194,1,,,FALSE,F,,caught as fledgling,-1243957392,
866,6920,5124,1,,,FALSE,F,,caught as fledgling,-1795753487,
867,6922,5152,1,,,FALSE,F,,caught as fledgling,143554986,
868,6921,5142,,,,FALSE,F,,caught as fledgling,1350724264,
869,6891,5126,,,,FALSE,F,,caught as fledgling,1416487085,
870,6883,5117,1,,,FALSE,F,,,1787410768,
871,6914,5199,1,,,FALSE,F,,caught as fledgling,-408734000,
872,6913,5133,1,,,FALSE,F,,"caught as fledgling, leg broken during capture",-866873007,
873,6885,5131,1,,,FALSE,F,,caught at ~ 10 days,-925650064,
874,6890,5212,1,,,FALSE,F,,caugth as fledgling,-423594157,
875,6911,5136,1,,,FALSE,F,,caught as fledgling,1224977070,
876,6858,5096,1,,,FALSE,F,,ringed in nest at ~ 12 days old,-903381947,
877,6907,5163,1,,,FALSE,F,,caught as fledgling,1841621846,
878,6916,5164,1,,,FALSE,F,,caught as fledgling,-163748206,
879,6898,5221,1,,,FALSE,F,,caught as fledgling,1076695472,
880,6905,5225,1,,,FALSE,F,,caught as fledgling,1401127852,
881,6927,5123,1,,,FALSE,F,,caught as fledgling,397104944,
882,6880,5115,1,,,FALSE,F,,,-1717762722,
883,6882,5229,1,,,FALSE,F,,caught as fledgling,-854825194,
884,6863,5230,,,,FALSE,F,,caugth as fledgling,-1458392653,
885,7095,5231,1,,,FALSE,U,02/03/2019,Caught in nest at approx. 10 days old,1119799334,
886,7098,5232,1,,,FALSE,U,26/02/2019,caught from nest at 12 days old,-903822181,
887,7140,5391,,,,FALSE,D,,found fallen from nest. Likely died soon after,1119799334,
